[2026-03-25 19:01:53] SettingsViewModel constructor start
[2026-03-25 19:01:53] Calling LoadFromSettings
[2026-03-25 19:01:53] LoadFromSettings called with: {"SpeedX":1000,"SpeedY":1000,"SpeedXHand":200,"SpeedYHand":200,"SpeedZ":1000,"SpeedZHand":200,"XMin":0,"XMax":1000,"YMin":0,"YMax":600,"ZMin":0,"ZMax":500,"ToolLength1":50,"ToolLength2":50,"ToolLength3":50,"HomeX":0,"HomeY":0,"SafetyHeight":50,"ClampForce":100,"SuperviseTimePunching":0,"RunningTimeBeltWorkpiece":0,"RunningTimeBeltRest":0,"WaitingTimeClosingGrippers":0,"WaitingTimeOpenGrippers":0,"WaitingTimeClosingClamping":0,"WaitingTimeOpenClamping":0,"PartDropOffPosition":0,"GrabPositionGripper":0,"ChangeoverPositionPunching":0,"ChangeoverPositionCutting":0,"OffsetSideStop":0,"ZeroPointTool4":0,"ChangePositionTool4":0,"XAxisAcceleration":0,"XAxisUnblockY":0,"YAxisAcceleration":0,"YAxisUnblockXRight":0,"YAxisUnblockXLeft":0,"YAxisSideStop":0,"ZAxisAcceleration":0}
[2026-03-25 19:01:53] LoadFromSettings finished property assignment
[2026-03-25 19:01:53] LoadFromSettings completed
[2026-03-25 19:03:38] SettingsViewModel constructor start
[2026-03-25 19:03:38] Calling LoadFromSettings
[2026-03-25 19:03:38] LoadFromSettings called with: {"SpeedX":1000,"SpeedY":1000,"SpeedXHand":200,"SpeedYHand":200,"SpeedZ":1000,"SpeedZHand":200,"XMin":0,"XMax":1000,"YMin":0,"YMax":600,"ZMin":0,"ZMax":500,"ToolLength1":50,"ToolLength2":50,"ToolLength3":50,"HomeX":0,"HomeY":0,"SafetyHeight":50,"ClampForce":100,"SuperviseTimePunching":0,"RunningTimeBeltWorkpiece":0,"RunningTimeBeltRest":0,"WaitingTimeClosingGrippers":0,"WaitingTimeOpenGrippers":0,"WaitingTimeClosingClamping":0,"WaitingTimeOpenClamping":0,"PartDropOffPosition":0,"GrabPositionGripper":0,"ChangeoverPositionPunching":0,"ChangeoverPositionCutting":0,"OffsetSideStop":0,"ZeroPointTool4":0,"ChangePositionTool4":0,"XAxisAcceleration":0,"XAxisUnblockY":0,"YAxisAcceleration":0,"YAxisUnblockXRight":0,"YAxisUnblockXLeft":0,"YAxisSideStop":0,"ZAxisAcceleration":0}
[2026-03-25 19:03:38] LoadFromSettings finished property assignment
[2026-03-25 19:03:38] LoadFromSettings completed
[2026-03-25 19:05:03] SettingsViewModel constructor start
[2026-03-25 19:05:03] Calling LoadFromSettings
[2026-03-25 19:05:03] LoadFromSettings called with: {"SpeedX":1000,"SpeedY":1000,"SpeedXHand":200,"SpeedYHand":200,"SpeedZ":1000,"SpeedZHand":200,"XMin":0,"XMax":1000,"YMin":0,"YMax":600,"ZMin":0,"ZMax":500,"ToolLength1":50,"ToolLength2":50,"ToolLength3":50,"HomeX":0,"HomeY":0,"SafetyHeight":50,"ClampForce":100,"SuperviseTimePunching":0,"RunningTimeBeltWorkpiece":0,"RunningTimeBeltRest":0,"WaitingTimeClosingGrippers":0,"WaitingTimeOpenGrippers":0,"WaitingTimeClosingClamping":0,"WaitingTimeOpenClamping":0,"PartDropOffPosition":0,"GrabPositionGripper":0,"ChangeoverPositionPunching":0,"ChangeoverPositionCutting":0,"OffsetSideStop":0,"ZeroPointTool4":0,"ChangePositionTool4":0,"XAxisAcceleration":0,"XAxisUnblockY":0,"YAxisAcceleration":0,"YAxisUnblockXRight":0,"YAxisUnblockXLeft":0,"YAxisSideStop":0,"ZAxisAcceleration":0}
[2026-03-25 19:05:03] LoadFromSettings finished property assignment
[2026-03-25 19:05:03] LoadFromSettings completed
[2026-03-28 16:38:04] SettingsViewModel constructor start
[2026-03-28 16:38:04] Calling LoadFromSettings
[2026-03-28 16:38:04] LoadFromSettings called with: {"SpeedX":1000,"SpeedY":1000,"SpeedXHand":200,"SpeedYHand":200,"SpeedZ":1000,"SpeedZHand":200,"XMin":0,"XMax":1000,"YMin":0,"YMax":600,"ZMin":0,"ZMax":500,"ToolLength1":50,"ToolLength2":50,"ToolLength3":50,"HomeX":0,"HomeY":0,"SafetyHeight":50,"ClampForce":100,"SuperviseTimePunching":0,"RunningTimeBeltWorkpiece":0,"RunningTimeBeltRest":0,"WaitingTimeClosingGrippers":0,"WaitingTimeOpenGrippers":0,"WaitingTimeClosingClamping":0,"WaitingTimeOpenClamping":0,"PartDropOffPosition":0,"GrabPositionGripper":0,"ChangeoverPositionPunching":0,"ChangeoverPositionCutting":0,"OffsetSideStop":0,"ZeroPointTool4":0,"ChangePositionTool4":0,"XAxisAcceleration":0,"XAxisUnblockY":0,"YAxisAcceleration":0,"YAxisUnblockXRight":0,"YAxisUnblockXLeft":0,"YAxisSideStop":0,"ZAxisAcceleration":0}
[2026-03-28 16:38:04] LoadFromSettings finished property assignment
[2026-03-28 16:38:04] LoadFromSettings completed
[2026-03-28 16:40:35] SettingsViewModel constructor start
[2026-03-28 16:40:35] Calling LoadFromSettings
[2026-03-28 16:40:35] LoadFromSettings called with: {"SpeedX":1000,"SpeedY":1000,"SpeedXHand":200,"SpeedYHand":200,"SpeedZ":1000,"SpeedZHand":200,"XMin":0,"XMax":1000,"YMin":0,"YMax":600,"ZMin":0,"ZMax":500,"ToolLength1":50,"ToolLength2":50,"ToolLength3":50,"HomeX":0,"HomeY":0,"SafetyHeight":50,"ClampForce":100,"SuperviseTimePunching":0,"RunningTimeBeltWorkpiece":0,"RunningTimeBeltRest":0,"WaitingTimeClosingGrippers":0,"WaitingTimeOpenGrippers":0,"WaitingTimeClosingClamping":0,"WaitingTimeOpenClamping":0,"PartDropOffPosition":0,"GrabPositionGripper":0,"ChangeoverPositionPunching":0,"ChangeoverPositionCutting":0,"OffsetSideStop":0,"ZeroPointTool4":0,"ChangePositionTool4":0,"XAxisAcceleration":0,"XAxisUnblockY":0,"YAxisAcceleration":0,"YAxisUnblockXRight":0,"YAxisUnblockXLeft":0,"YAxisSideStop":0,"ZAxisAcceleration":0}
[2026-03-28 16:40:35] LoadFromSettings finished property assignment
[2026-03-28 16:40:35] LoadFromSettings completed
[2026-03-28 17:29:01] SettingsViewModel constructor start
[2026-03-28 17:29:01] Calling LoadFromSettings
[2026-03-28 17:29:01] LoadFromSettings called with: {"SpeedX":1000,"SpeedY":1000,"SpeedXHand":200,"SpeedYHand":200,"SpeedZ":1000,"SpeedZHand":200,"XMin":0,"XMax":1000,"YMin":0,"YMax":600,"ZMin":0,"ZMax":500,"ToolLength1":50,"ToolLength2":50,"ToolLength3":50,"HomeX":0,"HomeY":0,"SafetyHeight":50,"ClampForce":100,"SuperviseTimePunching":0,"RunningTimeBeltWorkpiece":0,"RunningTimeBeltRest":0,"WaitingTimeClosingGrippers":0,"WaitingTimeOpenGrippers":0,"WaitingTimeClosingClamping":0,"WaitingTimeOpenClamping":0,"PartDropOffPosition":0,"GrabPositionGripper":0,"ChangeoverPositionPunching":0,"ChangeoverPositionCutting":0,"OffsetSideStop":0,"ZeroPointTool4":0,"ChangePositionTool4":0,"XAxisAcceleration":0,"XAxisUnblockY":0,"YAxisAcceleration":0,"YAxisUnblockXRight":0,"YAxisUnblockXLeft":0,"YAxisSideStop":0,"ZAxisAcceleration":0}
[2026-03-28 17:29:01] LoadFromSettings finished property assignment
[2026-03-28 17:29:01] LoadFromSettings completed
[2026-03-29 11:32:22] SettingsViewModel constructor start
[2026-03-29 11:32:22] Calling LoadFromSettings
[2026-03-29 11:32:22] LoadFromSettings called with: {"SpeedX":1000,"SpeedY":1000,"SpeedXHand":200,"SpeedYHand":200,"SpeedZ":1000,"SpeedZHand":200,"XMin":0,"XMax":1000,"YMin":0,"YMax":600,"ZMin":0,"ZMax":500,"ToolLength1":50,"ToolLength2":50,"ToolLength3":50,"HomeX":0,"HomeY":0,"SafetyHeight":50,"ClampForce":100,"SuperviseTimePunching":0,"RunningTimeBeltWorkpiece":0,"RunningTimeBeltRest":0,"WaitingTimeClosingGrippers":0,"WaitingTimeOpenGrippers":0,"WaitingTimeClosingClamping":0,"WaitingTimeOpenClamping":0,"PartDropOffPosition":0,"GrabPositionGripper":0,"ChangeoverPositionPunching":0,"ChangeoverPositionCutting":0,"OffsetSideStop":0,"ZeroPointTool4":0,"ChangePositionTool4":0,"XAxisAcceleration":0,"XAxisUnblockY":0,"YAxisAcceleration":0,"YAxisUnblockXRight":0,"YAxisUnblockXLeft":0,"YAxisSideStop":0,"ZAxisAcceleration":0}
[2026-03-29 11:32:22] LoadFromSettings finished property assignment
[2026-03-29 11:32:22] LoadFromSettings completed
[2026-03-29 11:36:35] SettingsViewModel constructor start
[2026-03-29 11:36:35] Calling LoadFromSettings
[2026-03-29 11:36:35] LoadFromSettings called with: {"SpeedX":1000,"SpeedY":1000,"SpeedXHand":200,"SpeedYHand":200,"SpeedZ":1000,"SpeedZHand":200,"XMin":0,"XMax":1000,"YMin":0,"YMax":600,"ZMin":0,"ZMax":500,"ToolLength1":50,"ToolLength2":50,"ToolLength3":50,"HomeX":0,"HomeY":0,"SafetyHeight":50,"ClampForce":100,"SuperviseTimePunching":0,"RunningTimeBeltWorkpiece":0,"RunningTimeBeltRest":0,"WaitingTimeClosingGrippers":0,"WaitingTimeOpenGrippers":0,"WaitingTimeClosingClamping":0,"WaitingTimeOpenClamping":0,"PartDropOffPosition":0,"GrabPositionGripper":0,"ChangeoverPositionPunching":0,"ChangeoverPositionCutting":0,"OffsetSideStop":0,"ZeroPointTool4":0,"ChangePositionTool4":0,"XAxisAcceleration":0,"XAxisUnblockY":0,"YAxisAcceleration":0,"YAxisUnblockXRight":0,"YAxisUnblockXLeft":0,"YAxisSideStop":0,"ZAxisAcceleration":0}
[2026-03-29 11:36:35] LoadFromSettings finished property assignment
[2026-03-29 11:36:35] LoadFromSettings completed
[2026-03-29 12:10:46] SettingsViewModel constructor start
[2026-03-29 12:10:46] Calling LoadFromSettings
[2026-03-29 12:10:46] LoadFromSettings called with: {"SpeedX":1000,"SpeedY":1000,"SpeedXHand":200,"SpeedYHand":200,"SpeedZ":1000,"SpeedZHand":200,"XMin":0,"XMax":1000,"YMin":0,"YMax":600,"ZMin":0,"ZMax":500,"ToolLength1":50,"ToolLength2":50,"ToolLength3":50,"HomeX":0,"HomeY":0,"SafetyHeight":50,"ClampForce":100,"SuperviseTimePunching":0,"RunningTimeBeltWorkpiece":0,"RunningTimeBeltRest":0,"WaitingTimeClosingGrippers":0,"WaitingTimeOpenGrippers":0,"WaitingTimeClosingClamping":0,"WaitingTimeOpenClamping":0,"PartDropOffPosition":0,"GrabPositionGripper":0,"ChangeoverPositionPunching":0,"ChangeoverPositionCutting":0,"OffsetSideStop":0,"ZeroPointTool4":0,"ChangePositionTool4":0,"XAxisAcceleration":0,"XAxisUnblockY":0,"YAxisAcceleration":0,"YAxisUnblockXRight":0,"YAxisUnblockXLeft":0,"YAxisSideStop":0,"ZAxisAcceleration":0}
[2026-03-29 12:10:46] LoadFromSettings finished property assignment
[2026-03-29 12:10:46] LoadFromSettings completed
[2026-03-29 12:11:32] SettingsViewModel constructor start
[2026-03-29 12:11:32] Calling LoadFromSettings
[2026-03-29 12:11:32] LoadFromSettings called with: {"SpeedX":1000,"SpeedY":1000,"SpeedXHand":200,"SpeedYHand":200,"SpeedZ":1000,"SpeedZHand":200,"XMin":0,"XMax":1000,"YMin":0,"YMax":600,"ZMin":0,"ZMax":500,"ToolLength1":50,"ToolLength2":50,"ToolLength3":50,"HomeX":0,"HomeY":0,"SafetyHeight":50,"ClampForce":100,"SuperviseTimePunching":0,"RunningTimeBeltWorkpiece":0,"RunningTimeBeltRest":0,"WaitingTimeClosingGrippers":0,"WaitingTimeOpenGrippers":0,"WaitingTimeClosingClamping":0,"WaitingTimeOpenClamping":0,"PartDropOffPosition":0,"GrabPositionGripper":0,"ChangeoverPositionPunching":0,"ChangeoverPositionCutting":0,"OffsetSideStop":0,"ZeroPointTool4":0,"ChangePositionTool4":0,"XAxisAcceleration":0,"XAxisUnblockY":0,"YAxisAcceleration":0,"YAxisUnblockXRight":0,"YAxisUnblockXLeft":0,"YAxisSideStop":0,"ZAxisAcceleration":0}
[2026-03-29 12:11:32] LoadFromSettings finished property assignment
[2026-03-29 12:11:32] LoadFromSettings completed
[2026-03-29 12:13:56] SettingsViewModel constructor start
[2026-03-29 12:13:56] Calling LoadFromSettings
[2026-03-29 12:13:56] LoadFromSettings called with: {"SpeedX":1000,"SpeedY":1000,"SpeedXHand":200,"SpeedYHand":200,"SpeedZ":1000,"SpeedZHand":200,"XMin":0,"XMax":1000,"YMin":0,"YMax":600,"ZMin":0,"ZMax":500,"ToolLength1":50,"ToolLength2":50,"ToolLength3":50,"HomeX":0,"HomeY":0,"SafetyHeight":50,"ClampForce":100,"SuperviseTimePunching":0,"RunningTimeBeltWorkpiece":0,"RunningTimeBeltRest":0,"WaitingTimeClosingGrippers":0,"WaitingTimeOpenGrippers":0,"WaitingTimeClosingClamping":0,"WaitingTimeOpenClamping":0,"PartDropOffPosition":0,"GrabPositionGripper":0,"ChangeoverPositionPunching":0,"ChangeoverPositionCutting":0,"OffsetSideStop":0,"ZeroPointTool4":0,"ChangePositionTool4":0,"XAxisAcceleration":0,"XAxisUnblockY":0,"YAxisAcceleration":0,"YAxisUnblockXRight":0,"YAxisUnblockXLeft":0,"YAxisSideStop":0,"ZAxisAcceleration":0}
[2026-03-29 12:13:56] LoadFromSettings finished property assignment
[2026-03-29 12:13:56] LoadFromSettings completed
[2026-03-29 12:23:33] SettingsViewModel constructor start
[2026-03-29 12:23:33] Calling LoadFromSettings
[2026-03-29 12:23:33] LoadFromSettings called with: {"SpeedX":1000,"SpeedY":1000,"SpeedXHand":200,"SpeedYHand":200,"SpeedZ":1000,"SpeedZHand":200,"XMin":0,"XMax":1000,"YMin":0,"YMax":600,"ZMin":0,"ZMax":500,"ToolLength1":50,"ToolLength2":50,"ToolLength3":50,"HomeX":0,"HomeY":0,"SafetyHeight":50,"ClampForce":100,"SuperviseTimePunching":0,"RunningTimeBeltWorkpiece":0,"RunningTimeBeltRest":0,"WaitingTimeClosingGrippers":0,"WaitingTimeOpenGrippers":0,"WaitingTimeClosingClamping":0,"WaitingTimeOpenClamping":0,"PartDropOffPosition":0,"GrabPositionGripper":0,"ChangeoverPositionPunching":0,"ChangeoverPositionCutting":0,"OffsetSideStop":0,"ZeroPointTool4":0,"ChangePositionTool4":0,"XAxisAcceleration":0,"XAxisUnblockY":0,"YAxisAcceleration":0,"YAxisUnblockXRight":0,"YAxisUnblockXLeft":0,"YAxisSideStop":0,"ZAxisAcceleration":0}
[2026-03-29 12:23:33] LoadFromSettings finished property assignment
[2026-03-29 12:23:33] LoadFromSettings completed
[2026-03-29 12:26:46] SettingsViewModel constructor start
[2026-03-29 12:26:46] Calling LoadFromSettings
[2026-03-29 12:26:46] LoadFromSettings called with: {"SpeedX":1000,"SpeedY":1000,"SpeedXHand":200,"SpeedYHand":200,"SpeedZ":1000,"SpeedZHand":200,"XMin":0,"XMax":1000,"YMin":0,"YMax":600,"ZMin":0,"ZMax":500,"ToolLength1":50,"ToolLength2":50,"ToolLength3":50,"HomeX":0,"HomeY":0,"SafetyHeight":50,"ClampForce":100,"SuperviseTimePunching":0,"RunningTimeBeltWorkpiece":0,"RunningTimeBeltRest":0,"WaitingTimeClosingGrippers":0,"WaitingTimeOpenGrippers":0,"WaitingTimeClosingClamping":0,"WaitingTimeOpenClamping":0,"PartDropOffPosition":0,"GrabPositionGripper":0,"ChangeoverPositionPunching":0,"ChangeoverPositionCutting":0,"OffsetSideStop":0,"ZeroPointTool4":0,"ChangePositionTool4":0,"XAxisAcceleration":0,"XAxisUnblockY":0,"YAxisAcceleration":0,"YAxisUnblockXRight":0,"YAxisUnblockXLeft":0,"YAxisSideStop":0,"ZAxisAcceleration":0}
[2026-03-29 12:26:46] LoadFromSettings finished property assignment
[2026-03-29 12:26:46] LoadFromSettings completed
[2026-03-29 12:28:23] SettingsViewModel constructor start
[2026-03-29 12:28:23] Calling LoadFromSettings
[2026-03-29 12:28:23] LoadFromSettings called with: {"SpeedX":1000,"SpeedY":1000,"SpeedXHand":200,"SpeedYHand":200,"SpeedZ":1000,"SpeedZHand":200,"XMin":0,"XMax":1000,"YMin":0,"YMax":600,"ZMin":0,"ZMax":500,"ToolLength1":50,"ToolLength2":50,"ToolLength3":50,"HomeX":0,"HomeY":0,"SafetyHeight":50,"ClampForce":100,"SuperviseTimePunching":0,"RunningTimeBeltWorkpiece":0,"RunningTimeBeltRest":0,"WaitingTimeClosingGrippers":0,"WaitingTimeOpenGrippers":0,"WaitingTimeClosingClamping":0,"WaitingTimeOpenClamping":0,"PartDropOffPosition":0,"GrabPositionGripper":0,"ChangeoverPositionPunching":0,"ChangeoverPositionCutting":0,"OffsetSideStop":0,"ZeroPointTool4":0,"ChangePositionTool4":0,"XAxisAcceleration":0,"XAxisUnblockY":0,"YAxisAcceleration":0,"YAxisUnblockXRight":0,"YAxisUnblockXLeft":0,"YAxisSideStop":0,"ZAxisAcceleration":0}
[2026-03-29 12:28:23] LoadFromSettings finished property assignment
[2026-03-29 12:28:23] LoadFromSettings completed
[2026-03-29 12:29:20] SettingsViewModel constructor start
[2026-03-29 12:29:20] Calling LoadFromSettings
[2026-03-29 12:29:20] LoadFromSettings called with: {"SpeedX":1000,"SpeedY":1000,"SpeedXHand":200,"SpeedYHand":200,"SpeedZ":1000,"SpeedZHand":200,"XMin":0,"XMax":1000,"YMin":0,"YMax":600,"ZMin":0,"ZMax":500,"ToolLength1":50,"ToolLength2":50,"ToolLength3":50,"HomeX":0,"HomeY":0,"SafetyHeight":50,"ClampForce":100,"SuperviseTimePunching":0,"RunningTimeBeltWorkpiece":0,"RunningTimeBeltRest":0,"WaitingTimeClosingGrippers":0,"WaitingTimeOpenGrippers":0,"WaitingTimeClosingClamping":0,"WaitingTimeOpenClamping":0,"PartDropOffPosition":0,"GrabPositionGripper":0,"ChangeoverPositionPunching":0,"ChangeoverPositionCutting":0,"OffsetSideStop":0,"ZeroPointTool4":0,"ChangePositionTool4":0,"XAxisAcceleration":0,"XAxisUnblockY":0,"YAxisAcceleration":0,"YAxisUnblockXRight":0,"YAxisUnblockXLeft":0,"YAxisSideStop":0,"ZAxisAcceleration":0}
[2026-03-29 12:29:20] LoadFromSettings finished property assignment
[2026-03-29 12:29:20] LoadFromSettings completed
[2026-03-29 12:32:21] SettingsViewModel constructor start
[2026-03-29 12:32:21] Calling LoadFromSettings
[2026-03-29 12:32:21] LoadFromSettings called with: {"SpeedX":1000,"SpeedY":1000,"SpeedXHand":200,"SpeedYHand":200,"SpeedZ":1000,"SpeedZHand":200,"XMin":0,"XMax":1000,"YMin":0,"YMax":600,"ZMin":0,"ZMax":500,"ToolLength1":50,"ToolLength2":50,"ToolLength3":50,"HomeX":0,"HomeY":0,"SafetyHeight":50,"ClampForce":100,"SuperviseTimePunching":0,"RunningTimeBeltWorkpiece":0,"RunningTimeBeltRest":0,"WaitingTimeClosingGrippers":0,"WaitingTimeOpenGrippers":0,"WaitingTimeClosingClamping":0,"WaitingTimeOpenClamping":0,"PartDropOffPosition":0,"GrabPositionGripper":0,"ChangeoverPositionPunching":0,"ChangeoverPositionCutting":0,"OffsetSideStop":0,"ZeroPointTool4":0,"ChangePositionTool4":0,"XAxisAcceleration":0,"XAxisUnblockY":0,"YAxisAcceleration":0,"YAxisUnblockXRight":0,"YAxisUnblockXLeft":0,"YAxisSideStop":0,"ZAxisAcceleration":0}
[2026-03-29 12:32:21] LoadFromSettings finished property assignment
[2026-03-29 12:32:21] LoadFromSettings completed
[2026-03-29 12:37:20] SettingsViewModel constructor start
[2026-03-29 12:37:20] Calling LoadFromSettings
[2026-03-29 12:37:20] LoadFromSettings called with: {"SpeedX":1000,"SpeedY":1000,"SpeedXHand":200,"SpeedYHand":200,"SpeedZ":1000,"SpeedZHand":200,"XMin":0,"XMax":1000,"YMin":0,"YMax":600,"ZMin":0,"ZMax":500,"ToolLength1":50,"ToolLength2":50,"ToolLength3":50,"HomeX":0,"HomeY":0,"SafetyHeight":50,"ClampForce":100,"SuperviseTimePunching":0,"RunningTimeBeltWorkpiece":0,"RunningTimeBeltRest":0,"WaitingTimeClosingGrippers":0,"WaitingTimeOpenGrippers":0,"WaitingTimeClosingClamping":0,"WaitingTimeOpenClamping":0,"PartDropOffPosition":0,"GrabPositionGripper":0,"ChangeoverPositionPunching":0,"ChangeoverPositionCutting":0,"OffsetSideStop":0,"ZeroPointTool4":0,"ChangePositionTool4":0,"XAxisAcceleration":0,"XAxisUnblockY":0,"YAxisAcceleration":0,"YAxisUnblockXRight":0,"YAxisUnblockXLeft":0,"YAxisSideStop":0,"ZAxisAcceleration":0}
[2026-03-29 12:37:20] LoadFromSettings finished property assignment
[2026-03-29 12:37:20] LoadFromSettings completed
[2026-03-29 12:39:48] SettingsViewModel constructor start
[2026-03-29 12:39:48] Calling LoadFromSettings
[2026-03-29 12:39:48] LoadFromSettings called with: {"SpeedX":1000,"SpeedY":1000,"SpeedXHand":200,"SpeedYHand":200,"SpeedZ":1000,"SpeedZHand":200,"XMin":0,"XMax":1000,"YMin":0,"YMax":600,"ZMin":0,"ZMax":500,"ToolLength1":50,"ToolLength2":50,"ToolLength3":50,"HomeX":0,"HomeY":0,"SafetyHeight":50,"ClampForce":100,"SuperviseTimePunching":0,"RunningTimeBeltWorkpiece":0,"RunningTimeBeltRest":0,"WaitingTimeClosingGrippers":0,"WaitingTimeOpenGrippers":0,"WaitingTimeClosingClamping":0,"WaitingTimeOpenClamping":0,"PartDropOffPosition":0,"GrabPositionGripper":0,"ChangeoverPositionPunching":0,"ChangeoverPositionCutting":0,"OffsetSideStop":0,"ZeroPointTool4":0,"ChangePositionTool4":0,"XAxisAcceleration":0,"XAxisUnblockY":0,"YAxisAcceleration":0,"YAxisUnblockXRight":0,"YAxisUnblockXLeft":0,"YAxisSideStop":0,"ZAxisAcceleration":0}
[2026-03-29 12:39:48] LoadFromSettings finished property assignment
[2026-03-29 12:39:48] LoadFromSettings completed
[2026-03-29 12:46:58] SettingsViewModel constructor start
[2026-03-29 12:46:58] Calling LoadFromSettings
[2026-03-29 12:46:58] LoadFromSettings called with: {"SpeedX":1000,"SpeedY":1000,"SpeedXHand":200,"SpeedYHand":200,"SpeedZ":1000,"SpeedZHand":200,"XMin":0,"XMax":1000,"YMin":0,"YMax":600,"ZMin":0,"ZMax":500,"ToolLength1":50,"ToolLength2":50,"ToolLength3":50,"HomeX":0,"HomeY":0,"SafetyHeight":50,"ClampForce":100,"SuperviseTimePunching":0,"RunningTimeBeltWorkpiece":0,"RunningTimeBeltRest":0,"WaitingTimeClosingGrippers":0,"WaitingTimeOpenGrippers":0,"WaitingTimeClosingClamping":0,"WaitingTimeOpenClamping":0,"PartDropOffPosition":0,"GrabPositionGripper":0,"ChangeoverPositionPunching":0,"ChangeoverPositionCutting":0,"OffsetSideStop":0,"ZeroPointTool4":0,"ChangePositionTool4":0,"XAxisAcceleration":0,"XAxisUnblockY":0,"YAxisAcceleration":0,"YAxisUnblockXRight":0,"YAxisUnblockXLeft":0,"YAxisSideStop":0,"ZAxisAcceleration":0}
[2026-03-29 12:46:58] LoadFromSettings finished property assignment
[2026-03-29 12:46:58] LoadFromSettings completed
[2026-03-29 13:03:15] SettingsViewModel constructor start
[2026-03-29 13:03:15] Calling LoadFromSettings
[2026-03-29 13:03:15] LoadFromSettings called with: {"SpeedX":1000,"SpeedY":1000,"SpeedXHand":200,"SpeedYHand":200,"SpeedZ":1000,"SpeedZHand":200,"XMin":0,"XMax":1000,"YMin":0,"YMax":600,"ZMin":0,"ZMax":500,"ToolLength1":50,"ToolLength2":50,"ToolLength3":50,"HomeX":0,"HomeY":0,"SafetyHeight":50,"ClampForce":100,"SuperviseTimePunching":0,"RunningTimeBeltWorkpiece":0,"RunningTimeBeltRest":0,"WaitingTimeClosingGrippers":0,"WaitingTimeOpenGrippers":0,"WaitingTimeClosingClamping":0,"WaitingTimeOpenClamping":0,"PartDropOffPosition":0,"GrabPositionGripper":0,"ChangeoverPositionPunching":0,"ChangeoverPositionCutting":0,"OffsetSideStop":0,"ZeroPointTool4":0,"ChangePositionTool4":0,"XAxisAcceleration":0,"XAxisUnblockY":0,"YAxisAcceleration":0,"YAxisUnblockXRight":0,"YAxisUnblockXLeft":0,"YAxisSideStop":0,"ZAxisAcceleration":0}
[2026-03-29 13:03:15] LoadFromSettings finished property assignment
[2026-03-29 13:03:15] LoadFromSettings completed
[2026-03-29 13:11:54] SettingsViewModel constructor start
[2026-03-29 13:11:54] Calling LoadFromSettings
[2026-03-29 13:11:54] LoadFromSettings called with: {"SpeedX":1000,"SpeedY":1000,"SpeedXHand":200,"SpeedYHand":200,"SpeedZ":1000,"SpeedZHand":200,"XMin":0,"XMax":1000,"YMin":0,"YMax":600,"ZMin":0,"ZMax":500,"ToolLength1":50,"ToolLength2":50,"ToolLength3":50,"HomeX":0,"HomeY":0,"SafetyHeight":50,"ClampForce":100,"SuperviseTimePunching":0,"RunningTimeBeltWorkpiece":0,"RunningTimeBeltRest":0,"WaitingTimeClosingGrippers":0,"WaitingTimeOpenGrippers":0,"WaitingTimeClosingClamping":0,"WaitingTimeOpenClamping":0,"PartDropOffPosition":0,"GrabPositionGripper":0,"ChangeoverPositionPunching":0,"ChangeoverPositionCutting":0,"OffsetSideStop":0,"ZeroPointTool4":0,"ChangePositionTool4":0,"XAxisAcceleration":0,"XAxisUnblockY":0,"YAxisAcceleration":0,"YAxisUnblockXRight":0,"YAxisUnblockXLeft":0,"YAxisSideStop":0,"ZAxisAcceleration":0}
[2026-03-29 13:11:54] LoadFromSettings finished property assignment
[2026-03-29 13:11:54] LoadFromSettings completed
[2026-03-29 13:13:55] SettingsViewModel constructor start
[2026-03-29 13:13:55] Calling LoadFromSettings
[2026-03-29 13:13:55] LoadFromSettings called with: {"SpeedX":1000,"SpeedY":1000,"SpeedXHand":200,"SpeedYHand":200,"SpeedZ":1000,"SpeedZHand":200,"XMin":0,"XMax":1000,"YMin":0,"YMax":600,"ZMin":0,"ZMax":500,"ToolLength1":50,"ToolLength2":50,"ToolLength3":50,"HomeX":0,"HomeY":0,"SafetyHeight":50,"ClampForce":100,"SuperviseTimePunching":0,"RunningTimeBeltWorkpiece":0,"RunningTimeBeltRest":0,"WaitingTimeClosingGrippers":0,"WaitingTimeOpenGrippers":0,"WaitingTimeClosingClamping":0,"WaitingTimeOpenClamping":0,"PartDropOffPosition":0,"GrabPositionGripper":0,"ChangeoverPositionPunching":0,"ChangeoverPositionCutting":0,"OffsetSideStop":0,"ZeroPointTool4":0,"ChangePositionTool4":0,"XAxisAcceleration":0,"XAxisUnblockY":0,"YAxisAcceleration":0,"YAxisUnblockXRight":0,"YAxisUnblockXLeft":0,"YAxisSideStop":0,"ZAxisAcceleration":0}
[2026-03-29 13:13:55] LoadFromSettings finished property assignment
[2026-03-29 13:13:55] LoadFromSettings completed
[2026-03-29 13:15:55] SettingsViewModel constructor start
[2026-03-29 13:15:55] Calling LoadFromSettings
[2026-03-29 13:15:55] LoadFromSettings called with: {"SpeedX":1000,"SpeedY":1000,"SpeedXHand":200,"SpeedYHand":200,"SpeedZ":1000,"SpeedZHand":200,"XMin":0,"XMax":1000,"YMin":0,"YMax":600,"ZMin":0,"ZMax":500,"ToolLength1":50,"ToolLength2":50,"ToolLength3":50,"HomeX":0,"HomeY":0,"SafetyHeight":50,"ClampForce":100,"SuperviseTimePunching":0,"RunningTimeBeltWorkpiece":0,"RunningTimeBeltRest":0,"WaitingTimeClosingGrippers":0,"WaitingTimeOpenGrippers":0,"WaitingTimeClosingClamping":0,"WaitingTimeOpenClamping":0,"PartDropOffPosition":0,"GrabPositionGripper":0,"ChangeoverPositionPunching":0,"ChangeoverPositionCutting":0,"OffsetSideStop":0,"ZeroPointTool4":0,"ChangePositionTool4":0,"XAxisAcceleration":0,"XAxisUnblockY":0,"YAxisAcceleration":0,"YAxisUnblockXRight":0,"YAxisUnblockXLeft":0,"YAxisSideStop":0,"ZAxisAcceleration":0}
[2026-03-29 13:15:55] LoadFromSettings finished property assignment
[2026-03-29 13:15:55] LoadFromSettings completed
[2026-03-29 13:19:13] SettingsViewModel constructor start
[2026-03-29 13:19:13] Calling LoadFromSettings
[2026-03-29 13:19:13] LoadFromSettings called with: {"SpeedX":1000,"SpeedY":1000,"SpeedXHand":200,"SpeedYHand":200,"SpeedZ":1000,"SpeedZHand":200,"XMin":0,"XMax":1000,"YMin":0,"YMax":600,"ZMin":0,"ZMax":500,"ToolLength1":50,"ToolLength2":50,"ToolLength3":50,"HomeX":0,"HomeY":0,"SafetyHeight":50,"ClampForce":100,"SuperviseTimePunching":0,"RunningTimeBeltWorkpiece":0,"RunningTimeBeltRest":0,"WaitingTimeClosingGrippers":0,"WaitingTimeOpenGrippers":0,"WaitingTimeClosingClamping":0,"WaitingTimeOpenClamping":0,"PartDropOffPosition":0,"GrabPositionGripper":0,"ChangeoverPositionPunching":0,"ChangeoverPositionCutting":0,"OffsetSideStop":0,"ZeroPointTool4":0,"ChangePositionTool4":0,"XAxisAcceleration":0,"XAxisUnblockY":0,"YAxisAcceleration":0,"YAxisUnblockXRight":0,"YAxisUnblockXLeft":0,"YAxisSideStop":0,"ZAxisAcceleration":0}
[2026-03-29 13:19:13] LoadFromSettings finished property assignment
[2026-03-29 13:19:13] LoadFromSettings completed
[2026-03-29 13:23:07] SettingsViewModel constructor start
[2026-03-29 13:23:07] Calling LoadFromSettings
[2026-03-29 13:23:07] LoadFromSettings called with: {"SpeedX":1000,"SpeedY":1000,"SpeedXHand":200,"SpeedYHand":200,"SpeedZ":1000,"SpeedZHand":200,"XMin":0,"XMax":1000,"YMin":0,"YMax":600,"ZMin":0,"ZMax":500,"ToolLength1":50,"ToolLength2":50,"ToolLength3":50,"HomeX":0,"HomeY":0,"SafetyHeight":50,"ClampForce":100,"SuperviseTimePunching":0,"RunningTimeBeltWorkpiece":0,"RunningTimeBeltRest":0,"WaitingTimeClosingGrippers":0,"WaitingTimeOpenGrippers":0,"WaitingTimeClosingClamping":0,"WaitingTimeOpenClamping":0,"PartDropOffPosition":0,"GrabPositionGripper":0,"ChangeoverPositionPunching":0,"ChangeoverPositionCutting":0,"OffsetSideStop":0,"ZeroPointTool4":0,"ChangePositionTool4":0,"XAxisAcceleration":0,"XAxisUnblockY":0,"YAxisAcceleration":0,"YAxisUnblockXRight":0,"YAxisUnblockXLeft":0,"YAxisSideStop":0,"ZAxisAcceleration":0}
[2026-03-29 13:23:07] LoadFromSettings finished property assignment
[2026-03-29 13:23:07] LoadFromSettings completed
[2026-03-29 13:32:48] SettingsViewModel constructor start
[2026-03-29 13:32:48] Calling LoadFromSettings
[2026-03-29 13:32:48] LoadFromSettings called with: {"SpeedX":1000,"SpeedY":1000,"SpeedXHand":200,"SpeedYHand":200,"SpeedZ":1000,"SpeedZHand":200,"XMin":0,"XMax":1000,"YMin":0,"YMax":600,"ZMin":0,"ZMax":500,"ToolLength1":50,"ToolLength2":50,"ToolLength3":50,"HomeX":0,"HomeY":0,"SafetyHeight":50,"ClampForce":100,"SuperviseTimePunching":0,"RunningTimeBeltWorkpiece":0,"RunningTimeBeltRest":0,"WaitingTimeClosingGrippers":0,"WaitingTimeOpenGrippers":0,"WaitingTimeClosingClamping":0,"WaitingTimeOpenClamping":0,"PartDropOffPosition":0,"GrabPositionGripper":0,"ChangeoverPositionPunching":0,"ChangeoverPositionCutting":0,"OffsetSideStop":0,"ZeroPointTool4":0,"ChangePositionTool4":0,"XAxisAcceleration":0,"XAxisUnblockY":0,"YAxisAcceleration":0,"YAxisUnblockXRight":0,"YAxisUnblockXLeft":0,"YAxisSideStop":0,"ZAxisAcceleration":0}
[2026-03-29 13:32:48] LoadFromSettings finished property assignment
[2026-03-29 13:32:48] LoadFromSettings completed
[2026-03-29 13:36:41] SettingsViewModel constructor start
[2026-03-29 13:36:41] Calling LoadFromSettings
[2026-03-29 13:36:41] LoadFromSettings called with: {"SpeedX":1000,"SpeedY":1000,"SpeedXHand":200,"SpeedYHand":200,"SpeedZ":1000,"SpeedZHand":200,"XMin":0,"XMax":1000,"YMin":0,"YMax":600,"ZMin":0,"ZMax":500,"ToolLength1":50,"ToolLength2":50,"ToolLength3":50,"HomeX":0,"HomeY":0,"SafetyHeight":50,"ClampForce":100,"SuperviseTimePunching":0,"RunningTimeBeltWorkpiece":0,"RunningTimeBeltRest":0,"WaitingTimeClosingGrippers":0,"WaitingTimeOpenGrippers":0,"WaitingTimeClosingClamping":0,"WaitingTimeOpenClamping":0,"PartDropOffPosition":0,"GrabPositionGripper":0,"ChangeoverPositionPunching":0,"ChangeoverPositionCutting":0,"OffsetSideStop":0,"ZeroPointTool4":0,"ChangePositionTool4":0,"XAxisAcceleration":0,"XAxisUnblockY":0,"YAxisAcceleration":0,"YAxisUnblockXRight":0,"YAxisUnblockXLeft":0,"YAxisSideStop":0,"ZAxisAcceleration":0}
[2026-03-29 13:36:41] LoadFromSettings finished property assignment
[2026-03-29 13:36:41] LoadFromSettings completed
[2026-03-29 18:34:23] SettingsViewModel constructor start
[2026-03-29 18:34:23] Calling LoadFromSettings
[2026-03-29 18:34:23] LoadFromSettings called with: {"SpeedX":1000,"SpeedY":1000,"SpeedXHand":200,"SpeedYHand":200,"SpeedZ":1000,"SpeedZHand":200,"XMin":0,"XMax":1000,"YMin":0,"YMax":600,"ZMin":0,"ZMax":500,"ToolLength1":50,"ToolLength2":50,"ToolLength3":50,"HomeX":0,"HomeY":0,"SafetyHeight":50,"ClampForce":100,"SuperviseTimePunching":0,"RunningTimeBeltWorkpiece":0,"RunningTimeBeltRest":0,"WaitingTimeClosingGrippers":0,"WaitingTimeOpenGrippers":0,"WaitingTimeClosingClamping":0,"WaitingTimeOpenClamping":0,"PartDropOffPosition":0,"GrabPositionGripper":0,"ChangeoverPositionPunching":0,"ChangeoverPositionCutting":0,"OffsetSideStop":0,"ZeroPointTool4":0,"ChangePositionTool4":0,"XAxisAcceleration":0,"XAxisUnblockY":0,"YAxisAcceleration":0,"YAxisUnblockXRight":0,"YAxisUnblockXLeft":0,"YAxisSideStop":0,"ZAxisAcceleration":0}
[2026-03-29 18:34:23] LoadFromSettings finished property assignment
[2026-03-29 18:34:23] LoadFromSettings completed
[2026-03-29 18:37:22] SettingsViewModel constructor start
[2026-03-29 18:37:22] Calling LoadFromSettings
[2026-03-29 18:37:22] LoadFromSettings called with: {"SpeedX":1000,"SpeedY":1000,"SpeedXHand":200,"SpeedYHand":200,"SpeedZ":1000,"SpeedZHand":200,"XMin":0,"XMax":1000,"YMin":0,"YMax":600,"ZMin":0,"ZMax":500,"ToolLength1":50,"ToolLength2":50,"ToolLength3":50,"HomeX":0,"HomeY":0,"SafetyHeight":50,"ClampForce":100,"SuperviseTimePunching":0,"RunningTimeBeltWorkpiece":0,"RunningTimeBeltRest":0,"WaitingTimeClosingGrippers":0,"WaitingTimeOpenGrippers":0,"WaitingTimeClosingClamping":0,"WaitingTimeOpenClamping":0,"PartDropOffPosition":0,"GrabPositionGripper":0,"ChangeoverPositionPunching":0,"ChangeoverPositionCutting":0,"OffsetSideStop":0,"ZeroPointTool4":0,"ChangePositionTool4":0,"XAxisAcceleration":0,"XAxisUnblockY":0,"YAxisAcceleration":0,"YAxisUnblockXRight":0,"YAxisUnblockXLeft":0,"YAxisSideStop":0,"ZAxisAcceleration":0}
[2026-03-29 18:37:22] LoadFromSettings finished property assignment
[2026-03-29 18:37:22] LoadFromSettings completed
[2026-03-29 18:39:49] SettingsViewModel constructor start
[2026-03-29 18:39:49] Calling LoadFromSettings
[2026-03-29 18:39:49] LoadFromSettings called with: {"SpeedX":1000,"SpeedY":1000,"SpeedXHand":200,"SpeedYHand":200,"SpeedZ":1000,"SpeedZHand":200,"XMin":0,"XMax":1000,"YMin":0,"YMax":600,"ZMin":0,"ZMax":500,"ToolLength1":50,"ToolLength2":50,"ToolLength3":50,"HomeX":0,"HomeY":0,"SafetyHeight":50,"ClampForce":100,"SuperviseTimePunching":0,"RunningTimeBeltWorkpiece":0,"RunningTimeBeltRest":0,"WaitingTimeClosingGrippers":0,"WaitingTimeOpenGrippers":0,"WaitingTimeClosingClamping":0,"WaitingTimeOpenClamping":0,"PartDropOffPosition":0,"GrabPositionGripper":0,"ChangeoverPositionPunching":0,"ChangeoverPositionCutting":0,"OffsetSideStop":0,"ZeroPointTool4":0,"ChangePositionTool4":0,"XAxisAcceleration":0,"XAxisUnblockY":0,"YAxisAcceleration":0,"YAxisUnblockXRight":0,"YAxisUnblockXLeft":0,"YAxisSideStop":0,"ZAxisAcceleration":0}
[2026-03-29 18:39:49] LoadFromSettings finished property assignment
[2026-03-29 18:39:49] LoadFromSettings completed
[2026-03-29 18:42:13] SettingsViewModel constructor start
[2026-03-29 18:42:13] Calling LoadFromSettings
[2026-03-29 18:42:13] LoadFromSettings called with: {"SpeedX":1000,"SpeedY":1000,"SpeedXHand":200,"SpeedYHand":200,"SpeedZ":1000,"SpeedZHand":200,"XMin":0,"XMax":1000,"YMin":0,"YMax":600,"ZMin":0,"ZMax":500,"ToolLength1":50,"ToolLength2":50,"ToolLength3":50,"HomeX":0,"HomeY":0,"SafetyHeight":50,"ClampForce":100,"SuperviseTimePunching":0,"RunningTimeBeltWorkpiece":0,"RunningTimeBeltRest":0,"WaitingTimeClosingGrippers":0,"WaitingTimeOpenGrippers":0,"WaitingTimeClosingClamping":0,"WaitingTimeOpenClamping":0,"PartDropOffPosition":0,"GrabPositionGripper":0,"ChangeoverPositionPunching":0,"ChangeoverPositionCutting":0,"OffsetSideStop":0,"ZeroPointTool4":0,"ChangePositionTool4":0,"XAxisAcceleration":0,"XAxisUnblockY":0,"YAxisAcceleration":0,"YAxisUnblockXRight":0,"YAxisUnblockXLeft":0,"YAxisSideStop":0,"ZAxisAcceleration":0}
[2026-03-29 18:42:13] LoadFromSettings finished property assignment
[2026-03-29 18:42:13] LoadFromSettings completed
[2026-03-29 18:51:14] SettingsViewModel constructor start
[2026-03-29 18:51:14] Calling LoadFromSettings
[2026-03-29 18:51:14] LoadFromSettings called with: {"SpeedX":1000,"SpeedY":1000,"SpeedXHand":200,"SpeedYHand":200,"SpeedZ":1000,"SpeedZHand":200,"XMin":0,"XMax":1000,"YMin":0,"YMax":600,"ZMin":0,"ZMax":500,"ToolLength1":50,"ToolLength2":50,"ToolLength3":50,"HomeX":0,"HomeY":0,"SafetyHeight":50,"ClampForce":100,"SuperviseTimePunching":0,"RunningTimeBeltWorkpiece":0,"RunningTimeBeltRest":0,"WaitingTimeClosingGrippers":0,"WaitingTimeOpenGrippers":0,"WaitingTimeClosingClamping":0,"WaitingTimeOpenClamping":0,"PartDropOffPosition":0,"GrabPositionGripper":0,"ChangeoverPositionPunching":0,"ChangeoverPositionCutting":0,"OffsetSideStop":0,"ZeroPointTool4":0,"ChangePositionTool4":0,"XAxisAcceleration":0,"XAxisUnblockY":0,"YAxisAcceleration":0,"YAxisUnblockXRight":0,"YAxisUnblockXLeft":0,"YAxisSideStop":0,"ZAxisAcceleration":0}
[2026-03-29 18:51:14] LoadFromSettings finished property assignment
[2026-03-29 18:51:14] LoadFromSettings completed
[2026-03-29 19:02:06] SettingsViewModel constructor start
[2026-03-29 19:02:06] Calling LoadFromSettings
[2026-03-29 19:02:06] LoadFromSettings called with: {"SpeedX":1000,"SpeedY":1000,"SpeedXHand":200,"SpeedYHand":200,"SpeedZ":1000,"SpeedZHand":200,"XMin":0,"XMax":1000,"YMin":0,"YMax":600,"ZMin":0,"ZMax":500,"ToolLength1":50,"ToolLength2":50,"ToolLength3":50,"HomeX":0,"HomeY":0,"SafetyHeight":50,"ClampForce":100,"SuperviseTimePunching":0,"RunningTimeBeltWorkpiece":0,"RunningTimeBeltRest":0,"WaitingTimeClosingGrippers":0,"WaitingTimeOpenGrippers":0,"WaitingTimeClosingClamping":0,"WaitingTimeOpenClamping":0,"PartDropOffPosition":0,"GrabPositionGripper":0,"ChangeoverPositionPunching":0,"ChangeoverPositionCutting":0,"OffsetSideStop":0,"ZeroPointTool4":0,"ChangePositionTool4":0,"XAxisAcceleration":0,"XAxisUnblockY":0,"YAxisAcceleration":0,"YAxisUnblockXRight":0,"YAxisUnblockXLeft":0,"YAxisSideStop":0,"ZAxisAcceleration":0}
[2026-03-29 19:02:06] LoadFromSettings finished property assignment
[2026-03-29 19:02:06] LoadFromSettings completed
[2026-03-29 19:05:18] SettingsViewModel constructor start
[2026-03-29 19:05:18] Calling LoadFromSettings
[2026-03-29 19:05:18] LoadFromSettings called with: {"SpeedX":1000,"SpeedY":1000,"SpeedXHand":200,"SpeedYHand":200,"SpeedZ":1000,"SpeedZHand":200,"XMin":0,"XMax":1000,"YMin":0,"YMax":600,"ZMin":0,"ZMax":500,"ToolLength1":50,"ToolLength2":50,"ToolLength3":50,"HomeX":0,"HomeY":0,"SafetyHeight":50,"ClampForce":100,"SuperviseTimePunching":0,"RunningTimeBeltWorkpiece":0,"RunningTimeBeltRest":0,"WaitingTimeClosingGrippers":0,"WaitingTimeOpenGrippers":0,"WaitingTimeClosingClamping":0,"WaitingTimeOpenClamping":0,"PartDropOffPosition":0,"GrabPositionGripper":0,"ChangeoverPositionPunching":0,"ChangeoverPositionCutting":0,"OffsetSideStop":0,"ZeroPointTool4":0,"ChangePositionTool4":0,"XAxisAcceleration":0,"XAxisUnblockY":0,"YAxisAcceleration":0,"YAxisUnblockXRight":0,"YAxisUnblockXLeft":0,"YAxisSideStop":0,"ZAxisAcceleration":0}
[2026-03-29 19:05:18] LoadFromSettings finished property assignment
[2026-03-29 19:05:18] LoadFromSettings completed
[2026-03-29 19:10:55] SettingsViewModel constructor start
[2026-03-29 19:10:55] Calling LoadFromSettings
[2026-03-29 19:10:55] LoadFromSettings called with: {"SpeedX":1000,"SpeedY":1000,"SpeedXHand":200,"SpeedYHand":200,"SpeedZ":1000,"SpeedZHand":200,"XMin":0,"XMax":1000,"YMin":0,"YMax":600,"ZMin":0,"ZMax":500,"ToolLength1":50,"ToolLength2":50,"ToolLength3":50,"HomeX":0,"HomeY":0,"SafetyHeight":50,"ClampForce":100,"SuperviseTimePunching":0,"RunningTimeBeltWorkpiece":0,"RunningTimeBeltRest":0,"WaitingTimeClosingGrippers":0,"WaitingTimeOpenGrippers":0,"WaitingTimeClosingClamping":0,"WaitingTimeOpenClamping":0,"PartDropOffPosition":0,"GrabPositionGripper":0,"ChangeoverPositionPunching":0,"ChangeoverPositionCutting":0,"OffsetSideStop":0,"ZeroPointTool4":0,"ChangePositionTool4":0,"XAxisAcceleration":0,"XAxisUnblockY":0,"YAxisAcceleration":0,"YAxisUnblockXRight":0,"YAxisUnblockXLeft":0,"YAxisSideStop":0,"ZAxisAcceleration":0}
[2026-03-29 19:10:55] LoadFromSettings finished property assignment
[2026-03-29 19:10:55] LoadFromSettings completed
[2026-03-29 19:22:31] SettingsViewModel constructor start
[2026-03-29 19:22:31] Calling LoadFromSettings
[2026-03-29 19:22:31] LoadFromSettings called with: {"SpeedX":1000,"SpeedY":1000,"SpeedXHand":200,"SpeedYHand":200,"SpeedZ":1000,"SpeedZHand":200,"XMin":0,"XMax":1000,"YMin":0,"YMax":600,"ZMin":0,"ZMax":500,"ToolLength1":50,"ToolLength2":50,"ToolLength3":50,"HomeX":0,"HomeY":0,"SafetyHeight":50,"ClampForce":100,"SuperviseTimePunching":0,"RunningTimeBeltWorkpiece":0,"RunningTimeBeltRest":0,"WaitingTimeClosingGrippers":0,"WaitingTimeOpenGrippers":0,"WaitingTimeClosingClamping":0,"WaitingTimeOpenClamping":0,"PartDropOffPosition":0,"GrabPositionGripper":0,"ChangeoverPositionPunching":0,"ChangeoverPositionCutting":0,"OffsetSideStop":0,"ZeroPointTool4":0,"ChangePositionTool4":0,"XAxisAcceleration":0,"XAxisUnblockY":0,"YAxisAcceleration":0,"YAxisUnblockXRight":0,"YAxisUnblockXLeft":0,"YAxisSideStop":0,"ZAxisAcceleration":0}
[2026-03-29 19:22:31] LoadFromSettings finished property assignment
[2026-03-29 19:22:31] LoadFromSettings completed
[2026-03-29 19:26:29] SettingsViewModel constructor start
[2026-03-29 19:26:29] Calling LoadFromSettings
[2026-03-29 19:26:29] LoadFromSettings called with: {"SpeedX":1000,"SpeedY":1000,"SpeedXHand":200,"SpeedYHand":200,"SpeedZ":1000,"SpeedZHand":200,"XMin":0,"XMax":1000,"YMin":0,"YMax":600,"ZMin":0,"ZMax":500,"ToolLength1":50,"ToolLength2":50,"ToolLength3":50,"HomeX":0,"HomeY":0,"SafetyHeight":50,"ClampForce":100,"SuperviseTimePunching":0,"RunningTimeBeltWorkpiece":0,"RunningTimeBeltRest":0,"WaitingTimeClosingGrippers":0,"WaitingTimeOpenGrippers":0,"WaitingTimeClosingClamping":0,"WaitingTimeOpenClamping":0,"PartDropOffPosition":0,"GrabPositionGripper":0,"ChangeoverPositionPunching":0,"ChangeoverPositionCutting":0,"OffsetSideStop":0,"ZeroPointTool4":0,"ChangePositionTool4":0,"XAxisAcceleration":0,"XAxisUnblockY":0,"YAxisAcceleration":0,"YAxisUnblockXRight":0,"YAxisUnblockXLeft":0,"YAxisSideStop":0,"ZAxisAcceleration":0}
[2026-03-29 19:26:29] LoadFromSettings finished property assignment
[2026-03-29 19:26:29] LoadFromSettings completed
[2026-03-29 19:28:01] SettingsViewModel constructor start
[2026-03-29 19:28:01] Calling LoadFromSettings
[2026-03-29 19:28:01] LoadFromSettings called with: {"SpeedX":1000,"SpeedY":1000,"SpeedXHand":200,"SpeedYHand":200,"SpeedZ":1000,"SpeedZHand":200,"XMin":0,"XMax":1000,"YMin":0,"YMax":600,"ZMin":0,"ZMax":500,"ToolLength1":50,"ToolLength2":50,"ToolLength3":50,"HomeX":0,"HomeY":0,"SafetyHeight":50,"ClampForce":100,"SuperviseTimePunching":0,"RunningTimeBeltWorkpiece":0,"RunningTimeBeltRest":0,"WaitingTimeClosingGrippers":0,"WaitingTimeOpenGrippers":0,"WaitingTimeClosingClamping":0,"WaitingTimeOpenClamping":0,"PartDropOffPosition":0,"GrabPositionGripper":0,"ChangeoverPositionPunching":0,"ChangeoverPositionCutting":0,"OffsetSideStop":0,"ZeroPointTool4":0,"ChangePositionTool4":0,"XAxisAcceleration":0,"XAxisUnblockY":0,"YAxisAcceleration":0,"YAxisUnblockXRight":0,"YAxisUnblockXLeft":0,"YAxisSideStop":0,"ZAxisAcceleration":0}
[2026-03-29 19:28:01] LoadFromSettings finished property assignment
[2026-03-29 19:28:01] LoadFromSettings completed
[2026-03-29 19:31:14] SettingsViewModel constructor start
[2026-03-29 19:31:14] Calling LoadFromSettings
[2026-03-29 19:31:14] LoadFromSettings called with: {"SpeedX":1000,"SpeedY":1000,"SpeedXHand":200,"SpeedYHand":200,"SpeedZ":1000,"SpeedZHand":200,"XMin":0,"XMax":1000,"YMin":0,"YMax":600,"ZMin":0,"ZMax":500,"ToolLength1":50,"ToolLength2":50,"ToolLength3":50,"HomeX":0,"HomeY":0,"SafetyHeight":50,"ClampForce":100,"SuperviseTimePunching":0,"RunningTimeBeltWorkpiece":0,"RunningTimeBeltRest":0,"WaitingTimeClosingGrippers":0,"WaitingTimeOpenGrippers":0,"WaitingTimeClosingClamping":0,"WaitingTimeOpenClamping":0,"PartDropOffPosition":0,"GrabPositionGripper":0,"ChangeoverPositionPunching":0,"ChangeoverPositionCutting":0,"OffsetSideStop":0,"ZeroPointTool4":0,"ChangePositionTool4":0,"XAxisAcceleration":0,"XAxisUnblockY":0,"YAxisAcceleration":0,"YAxisUnblockXRight":0,"YAxisUnblockXLeft":0,"YAxisSideStop":0,"ZAxisAcceleration":0}
[2026-03-29 19:31:14] LoadFromSettings finished property assignment
[2026-03-29 19:31:14] LoadFromSettings completed
[2026-03-29 19:36:52] SettingsViewModel constructor start
[2026-03-29 19:36:52] Calling LoadFromSettings
[2026-03-29 19:36:52] LoadFromSettings called with: {"SpeedX":1000,"SpeedY":1000,"SpeedXHand":200,"SpeedYHand":200,"SpeedZ":1000,"SpeedZHand":200,"XMin":0,"XMax":1000,"YMin":0,"YMax":600,"ZMin":0,"ZMax":500,"ToolLength1":50,"ToolLength2":50,"ToolLength3":50,"HomeX":0,"HomeY":0,"SafetyHeight":50,"ClampForce":100,"SuperviseTimePunching":0,"RunningTimeBeltWorkpiece":0,"RunningTimeBeltRest":0,"WaitingTimeClosingGrippers":0,"WaitingTimeOpenGrippers":0,"WaitingTimeClosingClamping":0,"WaitingTimeOpenClamping":0,"PartDropOffPosition":0,"GrabPositionGripper":0,"ChangeoverPositionPunching":0,"ChangeoverPositionCutting":0,"OffsetSideStop":0,"ZeroPointTool4":0,"ChangePositionTool4":0,"XAxisAcceleration":0,"XAxisUnblockY":0,"YAxisAcceleration":0,"YAxisUnblockXRight":0,"YAxisUnblockXLeft":0,"YAxisSideStop":0,"ZAxisAcceleration":0}
[2026-03-29 19:36:52] LoadFromSettings finished property assignment
[2026-03-29 19:36:52] LoadFromSettings completed
[2026-03-29 19:41:29] SettingsViewModel constructor start
[2026-03-29 19:41:29] Calling LoadFromSettings
[2026-03-29 19:41:29] LoadFromSettings called with: {"SpeedX":1000,"SpeedY":1000,"SpeedXHand":200,"SpeedYHand":200,"SpeedZ":1000,"SpeedZHand":200,"XMin":0,"XMax":1000,"YMin":0,"YMax":600,"ZMin":0,"ZMax":500,"ToolLength1":50,"ToolLength2":50,"ToolLength3":50,"HomeX":0,"HomeY":0,"SafetyHeight":50,"ClampForce":100,"SuperviseTimePunching":0,"RunningTimeBeltWorkpiece":0,"RunningTimeBeltRest":0,"WaitingTimeClosingGrippers":0,"WaitingTimeOpenGrippers":0,"WaitingTimeClosingClamping":0,"WaitingTimeOpenClamping":0,"PartDropOffPosition":0,"GrabPositionGripper":0,"ChangeoverPositionPunching":0,"ChangeoverPositionCutting":0,"OffsetSideStop":0,"ZeroPointTool4":0,"ChangePositionTool4":0,"XAxisAcceleration":0,"XAxisUnblockY":0,"YAxisAcceleration":0,"YAxisUnblockXRight":0,"YAxisUnblockXLeft":0,"YAxisSideStop":0,"ZAxisAcceleration":0}
[2026-03-29 19:41:29] LoadFromSettings finished property assignment
[2026-03-29 19:41:29] LoadFromSettings completed
[2026-03-29 19:46:54] SettingsViewModel constructor start
[2026-03-29 19:46:54] Calling LoadFromSettings
[2026-03-29 19:46:54] LoadFromSettings called with: {"SpeedX":1000,"SpeedY":1000,"SpeedXHand":200,"SpeedYHand":200,"SpeedZ":1000,"SpeedZHand":200,"XMin":0,"XMax":1000,"YMin":0,"YMax":600,"ZMin":0,"ZMax":500,"ToolLength1":50,"ToolLength2":50,"ToolLength3":50,"HomeX":0,"HomeY":0,"SafetyHeight":50,"ClampForce":100,"SuperviseTimePunching":0,"RunningTimeBeltWorkpiece":0,"RunningTimeBeltRest":0,"WaitingTimeClosingGrippers":0,"WaitingTimeOpenGrippers":0,"WaitingTimeClosingClamping":0,"WaitingTimeOpenClamping":0,"PartDropOffPosition":0,"GrabPositionGripper":0,"ChangeoverPositionPunching":0,"ChangeoverPositionCutting":0,"OffsetSideStop":0,"ZeroPointTool4":0,"ChangePositionTool4":0,"XAxisAcceleration":0,"XAxisUnblockY":0,"YAxisAcceleration":0,"YAxisUnblockXRight":0,"YAxisUnblockXLeft":0,"YAxisSideStop":0,"ZAxisAcceleration":0}
[2026-03-29 19:46:54] LoadFromSettings finished property assignment
[2026-03-29 19:46:54] LoadFromSettings completed
[2026-03-29 19:52:01] SettingsViewModel constructor start
[2026-03-29 19:52:01] Calling LoadFromSettings
[2026-03-29 19:52:01] LoadFromSettings called with: {"SpeedX":1000,"SpeedY":1000,"SpeedXHand":200,"SpeedYHand":200,"SpeedZ":1000,"SpeedZHand":200,"XMin":0,"XMax":1000,"YMin":0,"YMax":600,"ZMin":0,"ZMax":500,"ToolLength1":50,"ToolLength2":50,"ToolLength3":50,"HomeX":0,"HomeY":0,"SafetyHeight":50,"ClampForce":100,"SuperviseTimePunching":0,"RunningTimeBeltWorkpiece":0,"RunningTimeBeltRest":0,"WaitingTimeClosingGrippers":0,"WaitingTimeOpenGrippers":0,"WaitingTimeClosingClamping":0,"WaitingTimeOpenClamping":0,"PartDropOffPosition":0,"GrabPositionGripper":0,"ChangeoverPositionPunching":0,"ChangeoverPositionCutting":0,"OffsetSideStop":0,"ZeroPointTool4":0,"ChangePositionTool4":0,"XAxisAcceleration":0,"XAxisUnblockY":0,"YAxisAcceleration":0,"YAxisUnblockXRight":0,"YAxisUnblockXLeft":0,"YAxisSideStop":0,"ZAxisAcceleration":0}
[2026-03-29 19:52:01] LoadFromSettings finished property assignment
[2026-03-29 19:52:01] LoadFromSettings completed
[2026-03-29 19:57:28] SettingsViewModel constructor start
[2026-03-29 19:57:28] Calling LoadFromSettings
[2026-03-29 19:57:28] LoadFromSettings called with: {"SpeedX":1000,"SpeedY":1000,"SpeedXHand":200,"SpeedYHand":200,"SpeedZ":1000,"SpeedZHand":200,"XMin":0,"XMax":1000,"YMin":0,"YMax":600,"ZMin":0,"ZMax":500,"ToolLength1":50,"ToolLength2":50,"ToolLength3":50,"HomeX":0,"HomeY":0,"SafetyHeight":50,"ClampForce":100,"SuperviseTimePunching":0,"RunningTimeBeltWorkpiece":0,"RunningTimeBeltRest":0,"WaitingTimeClosingGrippers":0,"WaitingTimeOpenGrippers":0,"WaitingTimeClosingClamping":0,"WaitingTimeOpenClamping":0,"PartDropOffPosition":0,"GrabPositionGripper":0,"ChangeoverPositionPunching":0,"ChangeoverPositionCutting":0,"OffsetSideStop":0,"ZeroPointTool4":0,"ChangePositionTool4":0,"XAxisAcceleration":0,"XAxisUnblockY":0,"YAxisAcceleration":0,"YAxisUnblockXRight":0,"YAxisUnblockXLeft":0,"YAxisSideStop":0,"ZAxisAcceleration":0}
[2026-03-29 19:57:28] LoadFromSettings finished property assignment
[2026-03-29 19:57:28] LoadFromSettings completed
[2026-03-29 20:17:32] SettingsViewModel constructor start
[2026-03-29 20:17:32] Calling LoadFromSettings
[2026-03-29 20:17:32] LoadFromSettings called with: {"SpeedX":1000,"SpeedY":1000,"SpeedXHand":200,"SpeedYHand":200,"SpeedZ":1000,"SpeedZHand":200,"XMin":0,"XMax":1000,"YMin":0,"YMax":600,"ZMin":0,"ZMax":500,"ToolLength1":50,"ToolLength2":50,"ToolLength3":50,"HomeX":0,"HomeY":0,"SafetyHeight":50,"ClampForce":100,"SuperviseTimePunching":0,"RunningTimeBeltWorkpiece":0,"RunningTimeBeltRest":0,"WaitingTimeClosingGrippers":0,"WaitingTimeOpenGrippers":0,"WaitingTimeClosingClamping":0,"WaitingTimeOpenClamping":0,"PartDropOffPosition":0,"GrabPositionGripper":0,"ChangeoverPositionPunching":0,"ChangeoverPositionCutting":0,"OffsetSideStop":0,"ZeroPointTool4":0,"ChangePositionTool4":0,"XAxisAcceleration":0,"XAxisUnblockY":0,"YAxisAcceleration":0,"YAxisUnblockXRight":0,"YAxisUnblockXLeft":0,"YAxisSideStop":0,"ZAxisAcceleration":0}
[2026-03-29 20:17:32] LoadFromSettings finished property assignment
[2026-03-29 20:17:32] LoadFromSettings completed
[2026-03-29 20:22:09] SettingsViewModel constructor start
[2026-03-29 20:22:09] Calling LoadFromSettings
[2026-03-29 20:22:09] LoadFromSettings called with: {"SpeedX":1000,"SpeedY":1000,"SpeedXHand":200,"SpeedYHand":200,"SpeedZ":1000,"SpeedZHand":200,"XMin":0,"XMax":1000,"YMin":0,"YMax":600,"ZMin":0,"ZMax":500,"ToolLength1":50,"ToolLength2":50,"ToolLength3":50,"HomeX":0,"HomeY":0,"SafetyHeight":50,"ClampForce":100,"SuperviseTimePunching":0,"RunningTimeBeltWorkpiece":0,"RunningTimeBeltRest":0,"WaitingTimeClosingGrippers":0,"WaitingTimeOpenGrippers":0,"WaitingTimeClosingClamping":0,"WaitingTimeOpenClamping":0,"PartDropOffPosition":0,"GrabPositionGripper":0,"ChangeoverPositionPunching":0,"ChangeoverPositionCutting":0,"OffsetSideStop":0,"ZeroPointTool4":0,"ChangePositionTool4":0,"XAxisAcceleration":0,"XAxisUnblockY":0,"YAxisAcceleration":0,"YAxisUnblockXRight":0,"YAxisUnblockXLeft":0,"YAxisSideStop":0,"ZAxisAcceleration":0}
[2026-03-29 20:22:09] LoadFromSettings finished property assignment
[2026-03-29 20:22:09] LoadFromSettings completed
[2026-03-29 20:26:15] SettingsViewModel constructor start
[2026-03-29 20:26:15] Calling LoadFromSettings
[2026-03-29 20:26:15] LoadFromSettings called with: {"SpeedX":1000,"SpeedY":1000,"SpeedXHand":200,"SpeedYHand":200,"SpeedZ":1000,"SpeedZHand":200,"XMin":0,"XMax":1000,"YMin":0,"YMax":600,"ZMin":0,"ZMax":500,"ToolLength1":50,"ToolLength2":50,"ToolLength3":50,"HomeX":0,"HomeY":0,"SafetyHeight":50,"ClampForce":100,"SuperviseTimePunching":0,"RunningTimeBeltWorkpiece":0,"RunningTimeBeltRest":0,"WaitingTimeClosingGrippers":0,"WaitingTimeOpenGrippers":0,"WaitingTimeClosingClamping":0,"WaitingTimeOpenClamping":0,"PartDropOffPosition":0,"GrabPositionGripper":0,"ChangeoverPositionPunching":0,"ChangeoverPositionCutting":0,"OffsetSideStop":0,"ZeroPointTool4":0,"ChangePositionTool4":0,"XAxisAcceleration":0,"XAxisUnblockY":0,"YAxisAcceleration":0,"YAxisUnblockXRight":0,"YAxisUnblockXLeft":0,"YAxisSideStop":0,"ZAxisAcceleration":0}
[2026-03-29 20:26:15] LoadFromSettings finished property assignment
[2026-03-29 20:26:15] LoadFromSettings completed
[2026-03-29 20:29:56] SettingsViewModel constructor start
[2026-03-29 20:29:56] Calling LoadFromSettings
[2026-03-29 20:29:56] LoadFromSettings called with: {"SpeedX":1000,"SpeedY":1000,"SpeedXHand":200,"SpeedYHand":200,"SpeedZ":1000,"SpeedZHand":200,"XMin":0,"XMax":1000,"YMin":0,"YMax":600,"ZMin":0,"ZMax":500,"ToolLength1":50,"ToolLength2":50,"ToolLength3":50,"HomeX":0,"HomeY":0,"SafetyHeight":50,"ClampForce":100,"SuperviseTimePunching":0,"RunningTimeBeltWorkpiece":0,"RunningTimeBeltRest":0,"WaitingTimeClosingGrippers":0,"WaitingTimeOpenGrippers":0,"WaitingTimeClosingClamping":0,"WaitingTimeOpenClamping":0,"PartDropOffPosition":0,"GrabPositionGripper":0,"ChangeoverPositionPunching":0,"ChangeoverPositionCutting":0,"OffsetSideStop":0,"ZeroPointTool4":0,"ChangePositionTool4":0,"XAxisAcceleration":0,"XAxisUnblockY":0,"YAxisAcceleration":0,"YAxisUnblockXRight":0,"YAxisUnblockXLeft":0,"YAxisSideStop":0,"ZAxisAcceleration":0}
[2026-03-29 20:29:56] LoadFromSettings finished property assignment
[2026-03-29 20:29:56] LoadFromSettings completed
[2026-03-29 20:35:06] SettingsViewModel constructor start
[2026-03-29 20:35:06] Calling LoadFromSettings
[2026-03-29 20:35:06] LoadFromSettings called with: {"SpeedX":1000,"SpeedY":1000,"SpeedXHand":200,"SpeedYHand":200,"SpeedZ":1000,"SpeedZHand":200,"XMin":0,"XMax":1000,"YMin":0,"YMax":600,"ZMin":0,"ZMax":500,"ToolLength1":50,"ToolLength2":50,"ToolLength3":50,"HomeX":0,"HomeY":0,"SafetyHeight":50,"ClampForce":100,"SuperviseTimePunching":0,"RunningTimeBeltWorkpiece":0,"RunningTimeBeltRest":0,"WaitingTimeClosingGrippers":0,"WaitingTimeOpenGrippers":0,"WaitingTimeClosingClamping":0,"WaitingTimeOpenClamping":0,"PartDropOffPosition":0,"GrabPositionGripper":0,"ChangeoverPositionPunching":0,"ChangeoverPositionCutting":0,"OffsetSideStop":0,"ZeroPointTool4":0,"ChangePositionTool4":0,"XAxisAcceleration":0,"XAxisUnblockY":0,"YAxisAcceleration":0,"YAxisUnblockXRight":0,"YAxisUnblockXLeft":0,"YAxisSideStop":0,"ZAxisAcceleration":0}
[2026-03-29 20:35:06] LoadFromSettings finished property assignment
[2026-03-29 20:35:06] LoadFromSettings completed
[2026-03-29 20:36:38] SettingsViewModel constructor start
[2026-03-29 20:36:38] Calling LoadFromSettings
[2026-03-29 20:36:38] LoadFromSettings called with: {"SpeedX":1000,"SpeedY":1000,"SpeedXHand":200,"SpeedYHand":200,"SpeedZ":1000,"SpeedZHand":200,"XMin":0,"XMax":1000,"YMin":0,"YMax":600,"ZMin":0,"ZMax":500,"ToolLength1":50,"ToolLength2":50,"ToolLength3":50,"HomeX":0,"HomeY":0,"SafetyHeight":50,"ClampForce":100,"SuperviseTimePunching":0,"RunningTimeBeltWorkpiece":0,"RunningTimeBeltRest":0,"WaitingTimeClosingGrippers":0,"WaitingTimeOpenGrippers":0,"WaitingTimeClosingClamping":0,"WaitingTimeOpenClamping":0,"PartDropOffPosition":0,"GrabPositionGripper":0,"ChangeoverPositionPunching":0,"ChangeoverPositionCutting":0,"OffsetSideStop":0,"ZeroPointTool4":0,"ChangePositionTool4":0,"XAxisAcceleration":0,"XAxisUnblockY":0,"YAxisAcceleration":0,"YAxisUnblockXRight":0,"YAxisUnblockXLeft":0,"YAxisSideStop":0,"ZAxisAcceleration":0}
[2026-03-29 20:36:38] LoadFromSettings finished property assignment
[2026-03-29 20:36:38] LoadFromSettings completed
[2026-03-29 20:43:01] SettingsViewModel constructor start
[2026-03-29 20:43:01] Calling LoadFromSettings
[2026-03-29 20:43:01] LoadFromSettings called with: {"SpeedX":1000,"SpeedY":1000,"SpeedXHand":200,"SpeedYHand":200,"SpeedZ":1000,"SpeedZHand":200,"XMin":0,"XMax":1000,"YMin":0,"YMax":600,"ZMin":0,"ZMax":500,"ToolLength1":50,"ToolLength2":50,"ToolLength3":50,"HomeX":0,"HomeY":0,"SafetyHeight":50,"ClampForce":100,"SuperviseTimePunching":0,"RunningTimeBeltWorkpiece":0,"RunningTimeBeltRest":0,"WaitingTimeClosingGrippers":0,"WaitingTimeOpenGrippers":0,"WaitingTimeClosingClamping":0,"WaitingTimeOpenClamping":0,"PartDropOffPosition":0,"GrabPositionGripper":0,"ChangeoverPositionPunching":0,"ChangeoverPositionCutting":0,"OffsetSideStop":0,"ZeroPointTool4":0,"ChangePositionTool4":0,"XAxisAcceleration":0,"XAxisUnblockY":0,"YAxisAcceleration":0,"YAxisUnblockXRight":0,"YAxisUnblockXLeft":0,"YAxisSideStop":0,"ZAxisAcceleration":0}
[2026-03-29 20:43:01] LoadFromSettings finished property assignment
[2026-03-29 20:43:01] LoadFromSettings completed
[2026-03-29 20:43:33] SettingsViewModel constructor start
[2026-03-29 20:43:33] Calling LoadFromSettings
[2026-03-29 20:43:33] LoadFromSettings called with: {"SpeedX":1000,"SpeedY":1000,"SpeedXHand":200,"SpeedYHand":200,"SpeedZ":1000,"SpeedZHand":200,"XMin":0,"XMax":1000,"YMin":0,"YMax":600,"ZMin":0,"ZMax":500,"ToolLength1":50,"ToolLength2":50,"ToolLength3":50,"HomeX":0,"HomeY":0,"SafetyHeight":50,"ClampForce":100,"SuperviseTimePunching":0,"RunningTimeBeltWorkpiece":0,"RunningTimeBeltRest":0,"WaitingTimeClosingGrippers":0,"WaitingTimeOpenGrippers":0,"WaitingTimeClosingClamping":0,"WaitingTimeOpenClamping":0,"PartDropOffPosition":0,"GrabPositionGripper":0,"ChangeoverPositionPunching":0,"ChangeoverPositionCutting":0,"OffsetSideStop":0,"ZeroPointTool4":0,"ChangePositionTool4":0,"XAxisAcceleration":0,"XAxisUnblockY":0,"YAxisAcceleration":0,"YAxisUnblockXRight":0,"YAxisUnblockXLeft":0,"YAxisSideStop":0,"ZAxisAcceleration":0}
[2026-03-29 20:43:33] LoadFromSettings finished property assignment
[2026-03-29 20:43:33] LoadFromSettings completed
[2026-03-29 20:48:35] SettingsViewModel constructor start
[2026-03-29 20:48:35] Calling LoadFromSettings
[2026-03-29 20:48:35] LoadFromSettings called with: {"SpeedX":1000,"SpeedY":1000,"SpeedXHand":200,"SpeedYHand":200,"SpeedZ":1000,"SpeedZHand":200,"XMin":0,"XMax":1000,"YMin":0,"YMax":600,"ZMin":0,"ZMax":500,"ToolLength1":50,"ToolLength2":50,"ToolLength3":50,"HomeX":0,"HomeY":0,"SafetyHeight":50,"ClampForce":100,"SuperviseTimePunching":0,"RunningTimeBeltWorkpiece":0,"RunningTimeBeltRest":0,"WaitingTimeClosingGrippers":0,"WaitingTimeOpenGrippers":0,"WaitingTimeClosingClamping":0,"WaitingTimeOpenClamping":0,"PartDropOffPosition":0,"GrabPositionGripper":0,"ChangeoverPositionPunching":0,"ChangeoverPositionCutting":0,"OffsetSideStop":0,"ZeroPointTool4":0,"ChangePositionTool4":0,"XAxisAcceleration":0,"XAxisUnblockY":0,"YAxisAcceleration":0,"YAxisUnblockXRight":0,"YAxisUnblockXLeft":0,"YAxisSideStop":0,"ZAxisAcceleration":0}
[2026-03-29 20:48:35] LoadFromSettings finished property assignment
[2026-03-29 20:48:35] LoadFromSettings completed
[2026-03-29 20:49:40] SettingsViewModel constructor start
[2026-03-29 20:49:40] Calling LoadFromSettings
[2026-03-29 20:49:40] LoadFromSettings called with: {"SpeedX":1000,"SpeedY":1000,"SpeedXHand":200,"SpeedYHand":200,"SpeedZ":1000,"SpeedZHand":200,"XMin":0,"XMax":1000,"YMin":0,"YMax":600,"ZMin":0,"ZMax":500,"ToolLength1":50,"ToolLength2":50,"ToolLength3":50,"HomeX":0,"HomeY":0,"SafetyHeight":50,"ClampForce":100,"SuperviseTimePunching":0,"RunningTimeBeltWorkpiece":0,"RunningTimeBeltRest":0,"WaitingTimeClosingGrippers":0,"WaitingTimeOpenGrippers":0,"WaitingTimeClosingClamping":0,"WaitingTimeOpenClamping":0,"PartDropOffPosition":0,"GrabPositionGripper":0,"ChangeoverPositionPunching":0,"ChangeoverPositionCutting":0,"OffsetSideStop":0,"ZeroPointTool4":0,"ChangePositionTool4":0,"XAxisAcceleration":0,"XAxisUnblockY":0,"YAxisAcceleration":0,"YAxisUnblockXRight":0,"YAxisUnblockXLeft":0,"YAxisSideStop":0,"ZAxisAcceleration":0}
[2026-03-29 20:49:40] LoadFromSettings finished property assignment
[2026-03-29 20:49:40] LoadFromSettings completed
[2026-03-29 20:51:33] SettingsViewModel constructor start
[2026-03-29 20:51:33] Calling LoadFromSettings
[2026-03-29 20:51:33] LoadFromSettings called with: {"SpeedX":1000,"SpeedY":1000,"SpeedXHand":200,"SpeedYHand":200,"SpeedZ":1000,"SpeedZHand":200,"XMin":0,"XMax":1000,"YMin":0,"YMax":600,"ZMin":0,"ZMax":500,"ToolLength1":50,"ToolLength2":50,"ToolLength3":50,"HomeX":0,"HomeY":0,"SafetyHeight":50,"ClampForce":100,"SuperviseTimePunching":0,"RunningTimeBeltWorkpiece":0,"RunningTimeBeltRest":0,"WaitingTimeClosingGrippers":0,"WaitingTimeOpenGrippers":0,"WaitingTimeClosingClamping":0,"WaitingTimeOpenClamping":0,"PartDropOffPosition":0,"GrabPositionGripper":0,"ChangeoverPositionPunching":0,"ChangeoverPositionCutting":0,"OffsetSideStop":0,"ZeroPointTool4":0,"ChangePositionTool4":0,"XAxisAcceleration":0,"XAxisUnblockY":0,"YAxisAcceleration":0,"YAxisUnblockXRight":0,"YAxisUnblockXLeft":0,"YAxisSideStop":0,"ZAxisAcceleration":0}
[2026-03-29 20:51:33] LoadFromSettings finished property assignment
[2026-03-29 20:51:33] LoadFromSettings completed
[2026-03-29 20:55:28] SettingsViewModel constructor start
[2026-03-29 20:55:28] Calling LoadFromSettings
[2026-03-29 20:55:28] LoadFromSettings called with: {"SpeedX":1000,"SpeedY":1000,"SpeedXHand":200,"SpeedYHand":200,"SpeedZ":1000,"SpeedZHand":200,"XMin":0,"XMax":1000,"YMin":0,"YMax":600,"ZMin":0,"ZMax":500,"ToolLength1":50,"ToolLength2":50,"ToolLength3":50,"HomeX":0,"HomeY":0,"SafetyHeight":50,"ClampForce":100,"SuperviseTimePunching":0,"RunningTimeBeltWorkpiece":0,"RunningTimeBeltRest":0,"WaitingTimeClosingGrippers":0,"WaitingTimeOpenGrippers":0,"WaitingTimeClosingClamping":0,"WaitingTimeOpenClamping":0,"PartDropOffPosition":0,"GrabPositionGripper":0,"ChangeoverPositionPunching":0,"ChangeoverPositionCutting":0,"OffsetSideStop":0,"ZeroPointTool4":0,"ChangePositionTool4":0,"XAxisAcceleration":0,"XAxisUnblockY":0,"YAxisAcceleration":0,"YAxisUnblockXRight":0,"YAxisUnblockXLeft":0,"YAxisSideStop":0,"ZAxisAcceleration":0}
[2026-03-29 20:55:28] LoadFromSettings finished property assignment
[2026-03-29 20:55:28] LoadFromSettings completed
[2026-03-29 21:01:26] SettingsViewModel constructor start
[2026-03-29 21:01:26] Calling LoadFromSettings
[2026-03-29 21:01:26] LoadFromSettings called with: {"SpeedX":1000,"SpeedY":1000,"SpeedXHand":200,"SpeedYHand":200,"SpeedZ":1000,"SpeedZHand":200,"XMin":0,"XMax":1000,"YMin":0,"YMax":600,"ZMin":0,"ZMax":500,"ToolLength1":50,"ToolLength2":50,"ToolLength3":50,"HomeX":0,"HomeY":0,"SafetyHeight":50,"ClampForce":100,"SuperviseTimePunching":0,"RunningTimeBeltWorkpiece":0,"RunningTimeBeltRest":0,"WaitingTimeClosingGrippers":0,"WaitingTimeOpenGrippers":0,"WaitingTimeClosingClamping":0,"WaitingTimeOpenClamping":0,"PartDropOffPosition":0,"GrabPositionGripper":0,"ChangeoverPositionPunching":0,"ChangeoverPositionCutting":0,"OffsetSideStop":0,"ZeroPointTool4":0,"ChangePositionTool4":0,"XAxisAcceleration":0,"XAxisUnblockY":0,"YAxisAcceleration":0,"YAxisUnblockXRight":0,"YAxisUnblockXLeft":0,"YAxisSideStop":0,"ZAxisAcceleration":0}
[2026-03-29 21:01:26] LoadFromSettings finished property assignment
[2026-03-29 21:01:26] LoadFromSettings completed
[2026-03-29 21:41:02] SettingsViewModel constructor start
[2026-03-29 21:41:02] Calling LoadFromSettings
[2026-03-29 21:41:02] LoadFromSettings called with: {"SpeedX":1000,"SpeedY":1000,"SpeedXHand":200,"SpeedYHand":200,"SpeedZ":1000,"SpeedZHand":200,"XMin":0,"XMax":1000,"YMin":0,"YMax":600,"ZMin":0,"ZMax":500,"ToolLength1":50,"ToolLength2":50,"ToolLength3":50,"HomeX":0,"HomeY":0,"SafetyHeight":50,"ClampForce":100,"SuperviseTimePunching":0,"RunningTimeBeltWorkpiece":0,"RunningTimeBeltRest":0,"WaitingTimeClosingGrippers":0,"WaitingTimeOpenGrippers":0,"WaitingTimeClosingClamping":0,"WaitingTimeOpenClamping":0,"PartDropOffPosition":0,"GrabPositionGripper":0,"ChangeoverPositionPunching":0,"ChangeoverPositionCutting":0,"OffsetSideStop":0,"ZeroPointTool4":0,"ChangePositionTool4":0,"XAxisAcceleration":0,"XAxisUnblockY":0,"YAxisAcceleration":0,"YAxisUnblockXRight":0,"YAxisUnblockXLeft":0,"YAxisSideStop":0,"ZAxisAcceleration":0}
[2026-03-29 21:41:02] LoadFromSettings finished property assignment
[2026-03-29 21:41:02] LoadFromSettings completed
[2026-03-29 21:53:52] SettingsViewModel constructor start
[2026-03-29 21:53:52] Calling LoadFromSettings
[2026-03-29 21:53:52] LoadFromSettings called with: {"SpeedX":1000,"SpeedY":1000,"SpeedXHand":200,"SpeedYHand":200,"SpeedZ":1000,"SpeedZHand":200,"XMin":0,"XMax":1000,"YMin":0,"YMax":600,"ZMin":0,"ZMax":500,"ToolLength1":50,"ToolLength2":50,"ToolLength3":50,"HomeX":0,"HomeY":0,"SafetyHeight":50,"ClampForce":100,"SuperviseTimePunching":0,"RunningTimeBeltWorkpiece":0,"RunningTimeBeltRest":0,"WaitingTimeClosingGrippers":0,"WaitingTimeOpenGrippers":0,"WaitingTimeClosingClamping":0,"WaitingTimeOpenClamping":0,"PartDropOffPosition":0,"GrabPositionGripper":0,"ChangeoverPositionPunching":0,"ChangeoverPositionCutting":0,"OffsetSideStop":0,"ZeroPointTool4":0,"ChangePositionTool4":0,"XAxisAcceleration":0,"XAxisUnblockY":0,"YAxisAcceleration":0,"YAxisUnblockXRight":0,"YAxisUnblockXLeft":0,"YAxisSideStop":0,"ZAxisAcceleration":0}
[2026-03-29 21:53:52] LoadFromSettings finished property assignment
[2026-03-29 21:53:52] LoadFromSettings completed
[2026-03-29 22:20:35] SettingsViewModel constructor start
[2026-03-29 22:20:35] Calling LoadFromSettings
[2026-03-29 22:20:35] LoadFromSettings called with: {"SpeedX":1000,"SpeedY":1000,"SpeedXHand":200,"SpeedYHand":200,"SpeedZ":1000,"SpeedZHand":200,"XMin":0,"XMax":1000,"YMin":0,"YMax":600,"ZMin":0,"ZMax":500,"ToolLength1":50,"ToolLength2":50,"ToolLength3":50,"HomeX":0,"HomeY":0,"SafetyHeight":50,"ClampForce":100,"SuperviseTimePunching":0,"RunningTimeBeltWorkpiece":0,"RunningTimeBeltRest":0,"WaitingTimeClosingGrippers":0,"WaitingTimeOpenGrippers":0,"WaitingTimeClosingClamping":0,"WaitingTimeOpenClamping":0,"PartDropOffPosition":0,"GrabPositionGripper":0,"ChangeoverPositionPunching":0,"ChangeoverPositionCutting":0,"OffsetSideStop":0,"ZeroPointTool4":0,"ChangePositionTool4":0,"XAxisAcceleration":0,"XAxisUnblockY":0,"YAxisAcceleration":0,"YAxisUnblockXRight":0,"YAxisUnblockXLeft":0,"YAxisSideStop":0,"ZAxisAcceleration":0}
[2026-03-29 22:20:35] LoadFromSettings finished property assignment
[2026-03-29 22:20:35] LoadFromSettings completed
[2026-03-29 22:46:28] SettingsViewModel constructor start
[2026-03-29 22:46:28] Calling LoadFromSettings
[2026-03-29 22:46:28] LoadFromSettings called with: {"SpeedX":1000,"SpeedY":1000,"SpeedXHand":200,"SpeedYHand":200,"SpeedZ":1000,"SpeedZHand":200,"XMin":0,"XMax":1000,"YMin":0,"YMax":600,"ZMin":0,"ZMax":500,"ToolLength1":50,"ToolLength2":50,"ToolLength3":50,"HomeX":0,"HomeY":0,"SafetyHeight":50,"ClampForce":100,"SuperviseTimePunching":0,"RunningTimeBeltWorkpiece":0,"RunningTimeBeltRest":0,"WaitingTimeClosingGrippers":0,"WaitingTimeOpenGrippers":0,"WaitingTimeClosingClamping":0,"WaitingTimeOpenClamping":0,"PartDropOffPosition":0,"GrabPositionGripper":0,"ChangeoverPositionPunching":0,"ChangeoverPositionCutting":0,"OffsetSideStop":0,"ZeroPointTool4":0,"ChangePositionTool4":0,"XAxisAcceleration":0,"XAxisUnblockY":0,"YAxisAcceleration":0,"YAxisUnblockXRight":0,"YAxisUnblockXLeft":0,"YAxisSideStop":0,"ZAxisAcceleration":0}
[2026-03-29 22:46:28] LoadFromSettings finished property assignment
[2026-03-29 22:46:28] LoadFromSettings completed
[2026-03-29 22:51:40] SettingsViewModel constructor start
[2026-03-29 22:51:40] Calling LoadFromSettings
[2026-03-29 22:51:40] LoadFromSettings called with: {"SpeedX":1000,"SpeedY":1000,"SpeedXHand":200,"SpeedYHand":200,"SpeedZ":1000,"SpeedZHand":200,"XMin":0,"XMax":1000,"YMin":0,"YMax":600,"ZMin":0,"ZMax":500,"ToolLength1":50,"ToolLength2":50,"ToolLength3":50,"HomeX":0,"HomeY":0,"SafetyHeight":50,"ClampForce":100,"SuperviseTimePunching":0,"RunningTimeBeltWorkpiece":0,"RunningTimeBeltRest":0,"WaitingTimeClosingGrippers":0,"WaitingTimeOpenGrippers":0,"WaitingTimeClosingClamping":0,"WaitingTimeOpenClamping":0,"PartDropOffPosition":0,"GrabPositionGripper":0,"ChangeoverPositionPunching":0,"ChangeoverPositionCutting":0,"OffsetSideStop":0,"ZeroPointTool4":0,"ChangePositionTool4":0,"XAxisAcceleration":0,"XAxisUnblockY":0,"YAxisAcceleration":0,"YAxisUnblockXRight":0,"YAxisUnblockXLeft":0,"YAxisSideStop":0,"ZAxisAcceleration":0}
[2026-03-29 22:51:40] LoadFromSettings finished property assignment
[2026-03-29 22:51:40] LoadFromSettings completed
[2026-03-29 22:58:29] SettingsViewModel constructor start
[2026-03-29 22:58:29] Calling LoadFromSettings
[2026-03-29 22:58:29] LoadFromSettings called with: {"SpeedX":1000,"SpeedY":1000,"SpeedXHand":200,"SpeedYHand":200,"SpeedZ":1000,"SpeedZHand":200,"XMin":0,"XMax":1000,"YMin":0,"YMax":600,"ZMin":0,"ZMax":500,"ToolLength1":50,"ToolLength2":50,"ToolLength3":50,"HomeX":0,"HomeY":0,"SafetyHeight":50,"ClampForce":100,"SuperviseTimePunching":0,"RunningTimeBeltWorkpiece":0,"RunningTimeBeltRest":0,"WaitingTimeClosingGrippers":0,"WaitingTimeOpenGrippers":0,"WaitingTimeClosingClamping":0,"WaitingTimeOpenClamping":0,"PartDropOffPosition":0,"GrabPositionGripper":0,"ChangeoverPositionPunching":0,"ChangeoverPositionCutting":0,"OffsetSideStop":0,"ZeroPointTool4":0,"ChangePositionTool4":0,"XAxisAcceleration":0,"XAxisUnblockY":0,"YAxisAcceleration":0,"YAxisUnblockXRight":0,"YAxisUnblockXLeft":0,"YAxisSideStop":0,"ZAxisAcceleration":0}
[2026-03-29 22:58:29] LoadFromSettings finished property assignment
[2026-03-29 22:58:29] LoadFromSettings completed
[2026-03-29 23:04:01] SettingsViewModel constructor start
[2026-03-29 23:04:01] Calling LoadFromSettings
[2026-03-29 23:04:02] LoadFromSettings called with: {"SpeedX":1000,"SpeedY":1000,"SpeedXHand":200,"SpeedYHand":200,"SpeedZ":1000,"SpeedZHand":200,"XMin":0,"XMax":1000,"YMin":0,"YMax":600,"ZMin":0,"ZMax":500,"ToolLength1":50,"ToolLength2":50,"ToolLength3":50,"HomeX":0,"HomeY":0,"SafetyHeight":50,"ClampForce":100,"SuperviseTimePunching":0,"RunningTimeBeltWorkpiece":0,"RunningTimeBeltRest":0,"WaitingTimeClosingGrippers":0,"WaitingTimeOpenGrippers":0,"WaitingTimeClosingClamping":0,"WaitingTimeOpenClamping":0,"PartDropOffPosition":0,"GrabPositionGripper":0,"ChangeoverPositionPunching":0,"ChangeoverPositionCutting":0,"OffsetSideStop":0,"ZeroPointTool4":0,"ChangePositionTool4":0,"XAxisAcceleration":0,"XAxisUnblockY":0,"YAxisAcceleration":0,"YAxisUnblockXRight":0,"YAxisUnblockXLeft":0,"YAxisSideStop":0,"ZAxisAcceleration":0}
[2026-03-29 23:04:02] LoadFromSettings finished property assignment
[2026-03-29 23:04:02] LoadFromSettings completed
[2026-03-29 23:08:32] SettingsViewModel constructor start
[2026-03-29 23:08:32] Calling LoadFromSettings
[2026-03-29 23:08:32] LoadFromSettings called with: {"SpeedX":1000,"SpeedY":1000,"SpeedXHand":200,"SpeedYHand":200,"SpeedZ":1000,"SpeedZHand":200,"XMin":0,"XMax":1000,"YMin":0,"YMax":600,"ZMin":0,"ZMax":500,"ToolLength1":50,"ToolLength2":50,"ToolLength3":50,"HomeX":0,"HomeY":0,"SafetyHeight":50,"ClampForce":100,"SuperviseTimePunching":0,"RunningTimeBeltWorkpiece":0,"RunningTimeBeltRest":0,"WaitingTimeClosingGrippers":0,"WaitingTimeOpenGrippers":0,"WaitingTimeClosingClamping":0,"WaitingTimeOpenClamping":0,"PartDropOffPosition":0,"GrabPositionGripper":0,"ChangeoverPositionPunching":0,"ChangeoverPositionCutting":0,"OffsetSideStop":0,"ZeroPointTool4":0,"ChangePositionTool4":0,"XAxisAcceleration":0,"XAxisUnblockY":0,"YAxisAcceleration":0,"YAxisUnblockXRight":0,"YAxisUnblockXLeft":0,"YAxisSideStop":0,"ZAxisAcceleration":0}
[2026-03-29 23:08:32] LoadFromSettings finished property assignment
[2026-03-29 23:08:32] LoadFromSettings completed
[2026-03-29 23:11:51] SettingsViewModel constructor start
[2026-03-29 23:11:51] Calling LoadFromSettings
[2026-03-29 23:11:51] LoadFromSettings called with: {"SpeedX":1000,"SpeedY":1000,"SpeedXHand":200,"SpeedYHand":200,"SpeedZ":1000,"SpeedZHand":200,"XMin":0,"XMax":1000,"YMin":0,"YMax":600,"ZMin":0,"ZMax":500,"ToolLength1":50,"ToolLength2":50,"ToolLength3":50,"HomeX":0,"HomeY":0,"SafetyHeight":50,"ClampForce":100,"SuperviseTimePunching":0,"RunningTimeBeltWorkpiece":0,"RunningTimeBeltRest":0,"WaitingTimeClosingGrippers":0,"WaitingTimeOpenGrippers":0,"WaitingTimeClosingClamping":0,"WaitingTimeOpenClamping":0,"PartDropOffPosition":0,"GrabPositionGripper":0,"ChangeoverPositionPunching":0,"ChangeoverPositionCutting":0,"OffsetSideStop":0,"ZeroPointTool4":0,"ChangePositionTool4":0,"XAxisAcceleration":0,"XAxisUnblockY":0,"YAxisAcceleration":0,"YAxisUnblockXRight":0,"YAxisUnblockXLeft":0,"YAxisSideStop":0,"ZAxisAcceleration":0}
[2026-03-29 23:11:51] LoadFromSettings finished property assignment
[2026-03-29 23:11:51] LoadFromSettings completed
[2026-03-29 23:33:21] SettingsViewModel constructor start
[2026-03-29 23:33:21] Calling LoadFromSettings
[2026-03-29 23:33:21] LoadFromSettings called with: {"SpeedX":1000,"SpeedY":1000,"SpeedXHand":200,"SpeedYHand":200,"SpeedZ":1000,"SpeedZHand":200,"XMin":0,"XMax":1000,"YMin":0,"YMax":600,"ZMin":0,"ZMax":500,"ToolLength1":50,"ToolLength2":50,"ToolLength3":50,"HomeX":0,"HomeY":0,"SafetyHeight":50,"ClampForce":100,"SuperviseTimePunching":0,"RunningTimeBeltWorkpiece":0,"RunningTimeBeltRest":0,"WaitingTimeClosingGrippers":0,"WaitingTimeOpenGrippers":0,"WaitingTimeClosingClamping":0,"WaitingTimeOpenClamping":0,"PartDropOffPosition":0,"GrabPositionGripper":0,"ChangeoverPositionPunching":0,"ChangeoverPositionCutting":0,"OffsetSideStop":0,"ZeroPointTool4":0,"ChangePositionTool4":0,"XAxisAcceleration":0,"XAxisUnblockY":0,"YAxisAcceleration":0,"YAxisUnblockXRight":0,"YAxisUnblockXLeft":0,"YAxisSideStop":0,"ZAxisAcceleration":0}
[2026-03-29 23:33:21] LoadFromSettings finished property assignment
[2026-03-29 23:33:21] LoadFromSettings completed
[2026-03-29 23:38:53] SettingsViewModel constructor start
[2026-03-29 23:38:53] Calling LoadFromSettings
[2026-03-29 23:38:54] LoadFromSettings called with: {"SpeedX":1000,"SpeedY":1000,"SpeedXHand":200,"SpeedYHand":200,"SpeedZ":1000,"SpeedZHand":200,"XMin":0,"XMax":1000,"YMin":0,"YMax":600,"ZMin":0,"ZMax":500,"ToolLength1":50,"ToolLength2":50,"ToolLength3":50,"HomeX":0,"HomeY":0,"SafetyHeight":50,"ClampForce":100,"SuperviseTimePunching":0,"RunningTimeBeltWorkpiece":0,"RunningTimeBeltRest":0,"WaitingTimeClosingGrippers":0,"WaitingTimeOpenGrippers":0,"WaitingTimeClosingClamping":0,"WaitingTimeOpenClamping":0,"PartDropOffPosition":0,"GrabPositionGripper":0,"ChangeoverPositionPunching":0,"ChangeoverPositionCutting":0,"OffsetSideStop":0,"ZeroPointTool4":0,"ChangePositionTool4":0,"XAxisAcceleration":0,"XAxisUnblockY":0,"YAxisAcceleration":0,"YAxisUnblockXRight":0,"YAxisUnblockXLeft":0,"YAxisSideStop":0,"ZAxisAcceleration":0}
[2026-03-29 23:38:54] LoadFromSettings finished property assignment
[2026-03-29 23:38:54] LoadFromSettings completed
[2026-03-29 23:57:13] SettingsViewModel constructor start
[2026-03-29 23:57:13] Calling LoadFromSettings
[2026-03-29 23:57:13] LoadFromSettings called with: {"SpeedX":1000,"SpeedY":1000,"SpeedXHand":200,"SpeedYHand":200,"SpeedZ":1000,"SpeedZHand":200,"XMin":0,"XMax":1000,"YMin":0,"YMax":600,"ZMin":0,"ZMax":500,"ToolLength1":50,"ToolLength2":50,"ToolLength3":50,"HomeX":0,"HomeY":0,"SafetyHeight":50,"ClampForce":100,"SuperviseTimePunching":0,"RunningTimeBeltWorkpiece":0,"RunningTimeBeltRest":0,"WaitingTimeClosingGrippers":0,"WaitingTimeOpenGrippers":0,"WaitingTimeClosingClamping":0,"WaitingTimeOpenClamping":0,"PartDropOffPosition":0,"GrabPositionGripper":0,"ChangeoverPositionPunching":0,"ChangeoverPositionCutting":0,"OffsetSideStop":0,"ZeroPointTool4":0,"ChangePositionTool4":0,"XAxisAcceleration":0,"XAxisUnblockY":0,"YAxisAcceleration":0,"YAxisUnblockXRight":0,"YAxisUnblockXLeft":0,"YAxisSideStop":0,"ZAxisAcceleration":0}
[2026-03-29 23:57:13] LoadFromSettings finished property assignment
[2026-03-29 23:57:13] LoadFromSettings completed
[2026-03-30 00:05:54] SettingsViewModel constructor start
[2026-03-30 00:05:54] Calling LoadFromSettings
[2026-03-30 00:05:54] LoadFromSettings called with: {"SpeedX":1000,"SpeedY":1000,"SpeedXHand":200,"SpeedYHand":200,"SpeedZ":1000,"SpeedZHand":200,"XMin":0,"XMax":1000,"YMin":0,"YMax":600,"ZMin":0,"ZMax":500,"ToolLength1":50,"ToolLength2":50,"ToolLength3":50,"HomeX":0,"HomeY":0,"SafetyHeight":50,"ClampForce":100,"SuperviseTimePunching":0,"RunningTimeBeltWorkpiece":0,"RunningTimeBeltRest":0,"WaitingTimeClosingGrippers":0,"WaitingTimeOpenGrippers":0,"WaitingTimeClosingClamping":0,"WaitingTimeOpenClamping":0,"PartDropOffPosition":0,"GrabPositionGripper":0,"ChangeoverPositionPunching":0,"ChangeoverPositionCutting":0,"OffsetSideStop":0,"ZeroPointTool4":0,"ChangePositionTool4":0,"XAxisAcceleration":0,"XAxisUnblockY":0,"YAxisAcceleration":0,"YAxisUnblockXRight":0,"YAxisUnblockXLeft":0,"YAxisSideStop":0,"ZAxisAcceleration":0}
[2026-03-30 00:05:54] LoadFromSettings finished property assignment
[2026-03-30 00:05:54] LoadFromSettings completed
[2026-03-30 00:43:41] SettingsViewModel constructor start
[2026-03-30 00:43:41] Calling LoadFromSettings
[2026-03-30 00:43:41] LoadFromSettings called with: {"SpeedX":1000,"SpeedY":1000,"SpeedXHand":200,"SpeedYHand":200,"SpeedZ":1000,"SpeedZHand":200,"XMin":0,"XMax":1000,"YMin":0,"YMax":600,"ZMin":0,"ZMax":500,"ToolLength1":50,"ToolLength2":50,"ToolLength3":50,"HomeX":0,"HomeY":0,"SafetyHeight":50,"ClampForce":100,"SuperviseTimePunching":0,"RunningTimeBeltWorkpiece":0,"RunningTimeBeltRest":0,"WaitingTimeClosingGrippers":0,"WaitingTimeOpenGrippers":0,"WaitingTimeClosingClamping":0,"WaitingTimeOpenClamping":0,"PartDropOffPosition":0,"GrabPositionGripper":0,"ChangeoverPositionPunching":0,"ChangeoverPositionCutting":0,"OffsetSideStop":0,"ZeroPointTool4":0,"ChangePositionTool4":0,"XAxisAcceleration":0,"XAxisUnblockY":0,"YAxisAcceleration":0,"YAxisUnblockXRight":0,"YAxisUnblockXLeft":0,"YAxisSideStop":0,"ZAxisAcceleration":0}
[2026-03-30 00:43:41] LoadFromSettings finished property assignment
[2026-03-30 00:43:41] LoadFromSettings completed
[2026-03-30 00:55:16] SettingsViewModel constructor start
[2026-03-30 00:55:16] Calling LoadFromSettings
[2026-03-30 00:55:16] LoadFromSettings called with: {"SpeedX":1000,"SpeedY":1000,"SpeedXHand":200,"SpeedYHand":200,"SpeedZ":1000,"SpeedZHand":200,"XMin":0,"XMax":1000,"YMin":0,"YMax":600,"ZMin":0,"ZMax":500,"ToolLength1":50,"ToolLength2":50,"ToolLength3":50,"HomeX":0,"HomeY":0,"SafetyHeight":50,"ClampForce":100,"SuperviseTimePunching":0,"RunningTimeBeltWorkpiece":0,"RunningTimeBeltRest":0,"WaitingTimeClosingGrippers":0,"WaitingTimeOpenGrippers":0,"WaitingTimeClosingClamping":0,"WaitingTimeOpenClamping":0,"PartDropOffPosition":0,"GrabPositionGripper":0,"ChangeoverPositionPunching":0,"ChangeoverPositionCutting":0,"OffsetSideStop":0,"ZeroPointTool4":0,"ChangePositionTool4":0,"XAxisAcceleration":0,"XAxisUnblockY":0,"YAxisAcceleration":0,"YAxisUnblockXRight":0,"YAxisUnblockXLeft":0,"YAxisSideStop":0,"ZAxisAcceleration":0}
[2026-03-30 00:55:16] LoadFromSettings finished property assignment
[2026-03-30 00:55:16] LoadFromSettings completed
[2026-03-30 01:05:11] SettingsViewModel constructor start
[2026-03-30 01:05:11] Calling LoadFromSettings
[2026-03-30 01:05:11] LoadFromSettings called with: {"SpeedX":1000,"SpeedY":1000,"SpeedXHand":200,"SpeedYHand":200,"SpeedZ":1000,"SpeedZHand":200,"XMin":0,"XMax":1000,"YMin":0,"YMax":600,"ZMin":0,"ZMax":500,"ToolLength1":50,"ToolLength2":50,"ToolLength3":50,"HomeX":0,"HomeY":0,"SafetyHeight":50,"ClampForce":100,"SuperviseTimePunching":0,"RunningTimeBeltWorkpiece":0,"RunningTimeBeltRest":0,"WaitingTimeClosingGrippers":0,"WaitingTimeOpenGrippers":0,"WaitingTimeClosingClamping":0,"WaitingTimeOpenClamping":0,"PartDropOffPosition":0,"GrabPositionGripper":0,"ChangeoverPositionPunching":0,"ChangeoverPositionCutting":0,"OffsetSideStop":0,"ZeroPointTool4":0,"ChangePositionTool4":0,"XAxisAcceleration":0,"XAxisUnblockY":0,"YAxisAcceleration":0,"YAxisUnblockXRight":0,"YAxisUnblockXLeft":0,"YAxisSideStop":0,"ZAxisAcceleration":0}
[2026-03-30 01:05:11] LoadFromSettings finished property assignment
[2026-03-30 01:05:11] LoadFromSettings completed
[2026-03-30 01:26:58] SettingsViewModel constructor start
[2026-03-30 01:26:58] Calling LoadFromSettings
[2026-03-30 01:26:58] LoadFromSettings called with: {"SpeedX":1000,"SpeedY":1000,"SpeedXHand":200,"SpeedYHand":200,"SpeedZ":1000,"SpeedZHand":200,"XMin":0,"XMax":1000,"YMin":0,"YMax":600,"ZMin":0,"ZMax":500,"ToolLength1":50,"ToolLength2":50,"ToolLength3":50,"HomeX":0,"HomeY":0,"SafetyHeight":50,"ClampForce":100,"SuperviseTimePunching":0,"RunningTimeBeltWorkpiece":0,"RunningTimeBeltRest":0,"WaitingTimeClosingGrippers":0,"WaitingTimeOpenGrippers":0,"WaitingTimeClosingClamping":0,"WaitingTimeOpenClamping":0,"PartDropOffPosition":0,"GrabPositionGripper":0,"ChangeoverPositionPunching":0,"ChangeoverPositionCutting":0,"OffsetSideStop":0,"ZeroPointTool4":0,"ChangePositionTool4":0,"XAxisAcceleration":0,"XAxisUnblockY":0,"YAxisAcceleration":0,"YAxisUnblockXRight":0,"YAxisUnblockXLeft":0,"YAxisSideStop":0,"ZAxisAcceleration":0}
[2026-03-30 01:26:58] LoadFromSettings finished property assignment
[2026-03-30 01:26:58] LoadFromSettings completed
[2026-03-30 01:29:26] SettingsViewModel constructor start
[2026-03-30 01:29:26] Calling LoadFromSettings
[2026-03-30 01:29:26] LoadFromSettings called with: {"SpeedX":1000,"SpeedY":1000,"SpeedXHand":200,"SpeedYHand":200,"SpeedZ":1000,"SpeedZHand":200,"XMin":0,"XMax":1000,"YMin":0,"YMax":600,"ZMin":0,"ZMax":500,"ToolLength1":50,"ToolLength2":50,"ToolLength3":50,"HomeX":0,"HomeY":0,"SafetyHeight":50,"ClampForce":100,"SuperviseTimePunching":0,"RunningTimeBeltWorkpiece":0,"RunningTimeBeltRest":0,"WaitingTimeClosingGrippers":0,"WaitingTimeOpenGrippers":0,"WaitingTimeClosingClamping":0,"WaitingTimeOpenClamping":0,"PartDropOffPosition":0,"GrabPositionGripper":0,"ChangeoverPositionPunching":0,"ChangeoverPositionCutting":0,"OffsetSideStop":0,"ZeroPointTool4":0,"ChangePositionTool4":0,"XAxisAcceleration":0,"XAxisUnblockY":0,"YAxisAcceleration":0,"YAxisUnblockXRight":0,"YAxisUnblockXLeft":0,"YAxisSideStop":0,"ZAxisAcceleration":0}
[2026-03-30 01:29:26] LoadFromSettings finished property assignment
[2026-03-30 01:29:26] LoadFromSettings completed
[2026-03-30 01:38:52] SettingsViewModel constructor start
[2026-03-30 01:38:52] Calling LoadFromSettings
[2026-03-30 01:38:52] LoadFromSettings called with: {"SpeedX":1000,"SpeedY":1000,"SpeedXHand":200,"SpeedYHand":200,"SpeedZ":1000,"SpeedZHand":200,"XMin":0,"XMax":1000,"YMin":0,"YMax":600,"ZMin":0,"ZMax":500,"ToolLength1":50,"ToolLength2":50,"ToolLength3":50,"HomeX":0,"HomeY":0,"SafetyHeight":50,"ClampForce":100,"SuperviseTimePunching":0,"RunningTimeBeltWorkpiece":0,"RunningTimeBeltRest":0,"WaitingTimeClosingGrippers":0,"WaitingTimeOpenGrippers":0,"WaitingTimeClosingClamping":0,"WaitingTimeOpenClamping":0,"PartDropOffPosition":0,"GrabPositionGripper":0,"ChangeoverPositionPunching":0,"ChangeoverPositionCutting":0,"OffsetSideStop":0,"ZeroPointTool4":0,"ChangePositionTool4":0,"XAxisAcceleration":0,"XAxisUnblockY":0,"YAxisAcceleration":0,"YAxisUnblockXRight":0,"YAxisUnblockXLeft":0,"YAxisSideStop":0,"ZAxisAcceleration":0}
[2026-03-30 01:38:52] LoadFromSettings finished property assignment
[2026-03-30 01:38:52] LoadFromSettings completed
[2026-03-30 01:47:19] SettingsViewModel constructor start
[2026-03-30 01:47:19] Calling LoadFromSettings
[2026-03-30 01:47:19] LoadFromSettings called with: {"SpeedX":1000,"SpeedY":1000,"SpeedXHand":200,"SpeedYHand":200,"SpeedZ":1000,"SpeedZHand":200,"XMin":0,"XMax":1000,"YMin":0,"YMax":600,"ZMin":0,"ZMax":500,"ToolLength1":50,"ToolLength2":50,"ToolLength3":50,"HomeX":0,"HomeY":0,"SafetyHeight":50,"ClampForce":100,"SuperviseTimePunching":0,"RunningTimeBeltWorkpiece":0,"RunningTimeBeltRest":0,"WaitingTimeClosingGrippers":0,"WaitingTimeOpenGrippers":0,"WaitingTimeClosingClamping":0,"WaitingTimeOpenClamping":0,"PartDropOffPosition":0,"GrabPositionGripper":0,"ChangeoverPositionPunching":0,"ChangeoverPositionCutting":0,"OffsetSideStop":0,"ZeroPointTool4":0,"ChangePositionTool4":0,"XAxisAcceleration":0,"XAxisUnblockY":0,"YAxisAcceleration":0,"YAxisUnblockXRight":0,"YAxisUnblockXLeft":0,"YAxisSideStop":0,"ZAxisAcceleration":0}
[2026-03-30 01:47:19] LoadFromSettings finished property assignment
[2026-03-30 01:47:19] LoadFromSettings completed
[2026-03-30 02:09:31] SettingsViewModel constructor start
[2026-03-30 02:09:31] Calling LoadFromSettings
[2026-03-30 02:09:31] LoadFromSettings called with: {"SpeedX":1000,"SpeedY":1000,"SpeedXHand":200,"SpeedYHand":200,"SpeedZ":1000,"SpeedZHand":200,"XMin":0,"XMax":1000,"YMin":0,"YMax":600,"ZMin":0,"ZMax":500,"ToolLength1":50,"ToolLength2":50,"ToolLength3":50,"HomeX":0,"HomeY":0,"SafetyHeight":50,"ClampForce":100,"SuperviseTimePunching":0,"RunningTimeBeltWorkpiece":0,"RunningTimeBeltRest":0,"WaitingTimeClosingGrippers":0,"WaitingTimeOpenGrippers":0,"WaitingTimeClosingClamping":0,"WaitingTimeOpenClamping":0,"PartDropOffPosition":0,"GrabPositionGripper":0,"ChangeoverPositionPunching":0,"ChangeoverPositionCutting":0,"OffsetSideStop":0,"ZeroPointTool4":0,"ChangePositionTool4":0,"XAxisAcceleration":0,"XAxisUnblockY":0,"YAxisAcceleration":0,"YAxisUnblockXRight":0,"YAxisUnblockXLeft":0,"YAxisSideStop":0,"ZAxisAcceleration":0}
[2026-03-30 02:09:31] LoadFromSettings finished property assignment
[2026-03-30 02:09:31] LoadFromSettings completed
[2026-03-30 02:25:23] SettingsViewModel constructor start
[2026-03-30 02:25:23] Calling LoadFromSettings
[2026-03-30 02:25:23] LoadFromSettings called with: {"SpeedX":1000,"SpeedY":1000,"SpeedXHand":200,"SpeedYHand":200,"SpeedZ":1000,"SpeedZHand":200,"XMin":0,"XMax":1000,"YMin":0,"YMax":600,"ZMin":0,"ZMax":500,"ToolLength1":50,"ToolLength2":50,"ToolLength3":50,"HomeX":0,"HomeY":0,"SafetyHeight":50,"ClampForce":100,"SuperviseTimePunching":0,"RunningTimeBeltWorkpiece":0,"RunningTimeBeltRest":0,"WaitingTimeClosingGrippers":0,"WaitingTimeOpenGrippers":0,"WaitingTimeClosingClamping":0,"WaitingTimeOpenClamping":0,"PartDropOffPosition":0,"GrabPositionGripper":0,"ChangeoverPositionPunching":0,"ChangeoverPositionCutting":0,"OffsetSideStop":0,"ZeroPointTool4":0,"ChangePositionTool4":0,"XAxisAcceleration":0,"XAxisUnblockY":0,"YAxisAcceleration":0,"YAxisUnblockXRight":0,"YAxisUnblockXLeft":0,"YAxisSideStop":0,"ZAxisAcceleration":0}
[2026-03-30 02:25:23] LoadFromSettings finished property assignment
[2026-03-30 02:25:23] LoadFromSettings completed
[2026-03-30 02:31:34] SettingsViewModel constructor start
[2026-03-30 02:31:34] Calling LoadFromSettings
[2026-03-30 02:31:34] LoadFromSettings called with: {"SpeedX":1000,"SpeedY":1000,"SpeedXHand":200,"SpeedYHand":200,"SpeedZ":1000,"SpeedZHand":200,"XMin":0,"XMax":1000,"YMin":0,"YMax":600,"ZMin":0,"ZMax":500,"ToolLength1":50,"ToolLength2":50,"ToolLength3":50,"HomeX":0,"HomeY":0,"SafetyHeight":50,"ClampForce":100,"SuperviseTimePunching":0,"RunningTimeBeltWorkpiece":0,"RunningTimeBeltRest":0,"WaitingTimeClosingGrippers":0,"WaitingTimeOpenGrippers":0,"WaitingTimeClosingClamping":0,"WaitingTimeOpenClamping":0,"PartDropOffPosition":0,"GrabPositionGripper":0,"ChangeoverPositionPunching":0,"ChangeoverPositionCutting":0,"OffsetSideStop":0,"ZeroPointTool4":0,"ChangePositionTool4":0,"XAxisAcceleration":0,"XAxisUnblockY":0,"YAxisAcceleration":0,"YAxisUnblockXRight":0,"YAxisUnblockXLeft":0,"YAxisSideStop":0,"ZAxisAcceleration":0}
[2026-03-30 02:31:34] LoadFromSettings finished property assignment
[2026-03-30 02:31:34] LoadFromSettings completed
[2026-03-30 02:38:57] SettingsViewModel constructor start
[2026-03-30 02:38:57] Calling LoadFromSettings
[2026-03-30 02:38:57] LoadFromSettings called with: {"SpeedX":1000,"SpeedY":1000,"SpeedXHand":200,"SpeedYHand":200,"SpeedZ":1000,"SpeedZHand":200,"XMin":0,"XMax":1000,"YMin":0,"YMax":600,"ZMin":0,"ZMax":500,"ToolLength1":50,"ToolLength2":50,"ToolLength3":50,"HomeX":0,"HomeY":0,"SafetyHeight":50,"ClampForce":100,"SuperviseTimePunching":0,"RunningTimeBeltWorkpiece":0,"RunningTimeBeltRest":0,"WaitingTimeClosingGrippers":0,"WaitingTimeOpenGrippers":0,"WaitingTimeClosingClamping":0,"WaitingTimeOpenClamping":0,"PartDropOffPosition":0,"GrabPositionGripper":0,"ChangeoverPositionPunching":0,"ChangeoverPositionCutting":0,"OffsetSideStop":0,"ZeroPointTool4":0,"ChangePositionTool4":0,"XAxisAcceleration":0,"XAxisUnblockY":0,"YAxisAcceleration":0,"YAxisUnblockXRight":0,"YAxisUnblockXLeft":0,"YAxisSideStop":0,"ZAxisAcceleration":0}
[2026-03-30 02:38:57] LoadFromSettings finished property assignment
[2026-03-30 02:38:57] LoadFromSettings completed
[2026-03-30 02:45:55] SettingsViewModel constructor start
[2026-03-30 02:45:55] Calling LoadFromSettings
[2026-03-30 02:45:55] LoadFromSettings called with: {"SpeedX":1000,"SpeedY":1000,"SpeedXHand":200,"SpeedYHand":200,"SpeedZ":1000,"SpeedZHand":200,"XMin":0,"XMax":1000,"YMin":0,"YMax":600,"ZMin":0,"ZMax":500,"ToolLength1":50,"ToolLength2":50,"ToolLength3":50,"HomeX":0,"HomeY":0,"SafetyHeight":50,"ClampForce":100,"SuperviseTimePunching":0,"RunningTimeBeltWorkpiece":0,"RunningTimeBeltRest":0,"WaitingTimeClosingGrippers":0,"WaitingTimeOpenGrippers":0,"WaitingTimeClosingClamping":0,"WaitingTimeOpenClamping":0,"PartDropOffPosition":0,"GrabPositionGripper":0,"ChangeoverPositionPunching":0,"ChangeoverPositionCutting":0,"OffsetSideStop":0,"ZeroPointTool4":0,"ChangePositionTool4":0,"XAxisAcceleration":0,"XAxisUnblockY":0,"YAxisAcceleration":0,"YAxisUnblockXRight":0,"YAxisUnblockXLeft":0,"YAxisSideStop":0,"ZAxisAcceleration":0}
[2026-03-30 02:45:55] LoadFromSettings finished property assignment
[2026-03-30 02:45:55] LoadFromSettings completed
[2026-03-30 02:50:50] SettingsViewModel constructor start
[2026-03-30 02:50:50] Calling LoadFromSettings
[2026-03-30 02:50:50] LoadFromSettings called with: {"SpeedX":1000,"SpeedY":1000,"SpeedXHand":200,"SpeedYHand":200,"SpeedZ":1000,"SpeedZHand":200,"XMin":0,"XMax":1000,"YMin":0,"YMax":600,"ZMin":0,"ZMax":500,"ToolLength1":50,"ToolLength2":50,"ToolLength3":50,"HomeX":0,"HomeY":0,"SafetyHeight":50,"ClampForce":100,"SuperviseTimePunching":0,"RunningTimeBeltWorkpiece":0,"RunningTimeBeltRest":0,"WaitingTimeClosingGrippers":0,"WaitingTimeOpenGrippers":0,"WaitingTimeClosingClamping":0,"WaitingTimeOpenClamping":0,"PartDropOffPosition":0,"GrabPositionGripper":0,"ChangeoverPositionPunching":0,"ChangeoverPositionCutting":0,"OffsetSideStop":0,"ZeroPointTool4":0,"ChangePositionTool4":0,"XAxisAcceleration":0,"XAxisUnblockY":0,"YAxisAcceleration":0,"YAxisUnblockXRight":0,"YAxisUnblockXLeft":0,"YAxisSideStop":0,"ZAxisAcceleration":0}
[2026-03-30 02:50:50] LoadFromSettings finished property assignment
[2026-03-30 02:50:50] LoadFromSettings completed
[2026-03-30 02:56:57] SettingsViewModel constructor start
[2026-03-30 02:56:57] Calling LoadFromSettings
[2026-03-30 02:56:57] LoadFromSettings called with: {"SpeedX":1000,"SpeedY":1000,"SpeedXHand":200,"SpeedYHand":200,"SpeedZ":1000,"SpeedZHand":200,"XMin":0,"XMax":1000,"YMin":0,"YMax":600,"ZMin":0,"ZMax":500,"ToolLength1":50,"ToolLength2":50,"ToolLength3":50,"HomeX":0,"HomeY":0,"SafetyHeight":50,"ClampForce":100,"SuperviseTimePunching":0,"RunningTimeBeltWorkpiece":0,"RunningTimeBeltRest":0,"WaitingTimeClosingGrippers":0,"WaitingTimeOpenGrippers":0,"WaitingTimeClosingClamping":0,"WaitingTimeOpenClamping":0,"PartDropOffPosition":0,"GrabPositionGripper":0,"ChangeoverPositionPunching":0,"ChangeoverPositionCutting":0,"OffsetSideStop":0,"ZeroPointTool4":0,"ChangePositionTool4":0,"XAxisAcceleration":0,"XAxisUnblockY":0,"YAxisAcceleration":0,"YAxisUnblockXRight":0,"YAxisUnblockXLeft":0,"YAxisSideStop":0,"ZAxisAcceleration":0}
[2026-03-30 02:56:57] LoadFromSettings finished property assignment
[2026-03-30 02:56:57] LoadFromSettings completed
[2026-03-30 03:02:19] SettingsViewModel constructor start
[2026-03-30 03:02:19] Calling LoadFromSettings
[2026-03-30 03:02:19] LoadFromSettings called with: {"SpeedX":1000,"SpeedY":1000,"SpeedXHand":200,"SpeedYHand":200,"SpeedZ":1000,"SpeedZHand":200,"XMin":0,"XMax":1000,"YMin":0,"YMax":600,"ZMin":0,"ZMax":500,"ToolLength1":50,"ToolLength2":50,"ToolLength3":50,"HomeX":0,"HomeY":0,"SafetyHeight":50,"ClampForce":100,"SuperviseTimePunching":0,"RunningTimeBeltWorkpiece":0,"RunningTimeBeltRest":0,"WaitingTimeClosingGrippers":0,"WaitingTimeOpenGrippers":0,"WaitingTimeClosingClamping":0,"WaitingTimeOpenClamping":0,"PartDropOffPosition":0,"GrabPositionGripper":0,"ChangeoverPositionPunching":0,"ChangeoverPositionCutting":0,"OffsetSideStop":0,"ZeroPointTool4":0,"ChangePositionTool4":0,"XAxisAcceleration":0,"XAxisUnblockY":0,"YAxisAcceleration":0,"YAxisUnblockXRight":0,"YAxisUnblockXLeft":0,"YAxisSideStop":0,"ZAxisAcceleration":0}
[2026-03-30 03:02:19] LoadFromSettings finished property assignment
[2026-03-30 03:02:19] LoadFromSettings completed
[2026-03-30 19:27:27] SettingsViewModel constructor start
[2026-03-30 19:27:27] Calling LoadFromSettings
[2026-03-30 19:27:27] LoadFromSettings called with: {"SpeedX":1000,"SpeedY":1000,"SpeedXHand":200,"SpeedYHand":200,"SpeedZ":1000,"SpeedZHand":200,"XMin":0,"XMax":1000,"YMin":0,"YMax":600,"ZMin":0,"ZMax":500,"ToolLength1":50,"ToolLength2":50,"ToolLength3":50,"HomeX":0,"HomeY":0,"SafetyHeight":50,"ClampForce":100,"SuperviseTimePunching":0,"RunningTimeBeltWorkpiece":0,"RunningTimeBeltRest":0,"WaitingTimeClosingGrippers":0,"WaitingTimeOpenGrippers":0,"WaitingTimeClosingClamping":0,"WaitingTimeOpenClamping":0,"PartDropOffPosition":0,"GrabPositionGripper":0,"ChangeoverPositionPunching":0,"ChangeoverPositionCutting":0,"OffsetSideStop":0,"ZeroPointTool4":0,"ChangePositionTool4":0,"XAxisAcceleration":0,"XAxisUnblockY":0,"YAxisAcceleration":0,"YAxisUnblockXRight":0,"YAxisUnblockXLeft":0,"YAxisSideStop":0,"ZAxisAcceleration":0}
[2026-03-30 19:27:27] LoadFromSettings finished property assignment
[2026-03-30 19:27:27] LoadFromSettings completed
[2026-03-30 19:38:04] SettingsViewModel constructor start
[2026-03-30 19:38:04] Calling LoadFromSettings
[2026-03-30 19:38:04] LoadFromSettings called with: {"SpeedX":1000,"SpeedY":1000,"SpeedXHand":200,"SpeedYHand":200,"SpeedZ":1000,"SpeedZHand":200,"XMin":0,"XMax":1000,"YMin":0,"YMax":600,"ZMin":0,"ZMax":500,"ToolLength1":50,"ToolLength2":50,"ToolLength3":50,"HomeX":0,"HomeY":0,"SafetyHeight":50,"ClampForce":100,"SuperviseTimePunching":0,"RunningTimeBeltWorkpiece":0,"RunningTimeBeltRest":0,"WaitingTimeClosingGrippers":0,"WaitingTimeOpenGrippers":0,"WaitingTimeClosingClamping":0,"WaitingTimeOpenClamping":0,"PartDropOffPosition":0,"GrabPositionGripper":0,"ChangeoverPositionPunching":0,"ChangeoverPositionCutting":0,"OffsetSideStop":0,"ZeroPointTool4":0,"ChangePositionTool4":0,"XAxisAcceleration":0,"XAxisUnblockY":0,"YAxisAcceleration":0,"YAxisUnblockXRight":0,"YAxisUnblockXLeft":0,"YAxisSideStop":0,"ZAxisAcceleration":0}
[2026-03-30 19:38:04] LoadFromSettings finished property assignment
[2026-03-30 19:38:04] LoadFromSettings completed
[2026-03-31 14:41:49] SettingsViewModel constructor start
[2026-03-31 14:41:49] Calling LoadFromSettings
[2026-03-31 14:41:49] LoadFromSettings called with: {"SpeedX":1000,"SpeedY":1000,"SpeedXHand":200,"SpeedYHand":200,"SpeedZ":1000,"SpeedZHand":200,"XMin":0,"XMax":1000,"YMin":0,"YMax":600,"ZMin":0,"ZMax":500,"ToolLength1":50,"ToolLength2":50,"ToolLength3":50,"HomeX":0,"HomeY":0,"SafetyHeight":50,"ClampForce":100,"SuperviseTimePunching":0,"RunningTimeBeltWorkpiece":0,"RunningTimeBeltRest":0,"WaitingTimeClosingGrippers":0,"WaitingTimeOpenGrippers":0,"WaitingTimeClosingClamping":0,"WaitingTimeOpenClamping":0,"PartDropOffPosition":0,"GrabPositionGripper":0,"ChangeoverPositionPunching":0,"ChangeoverPositionCutting":0,"OffsetSideStop":0,"ZeroPointTool4":0,"ChangePositionTool4":0,"XAxisAcceleration":0,"XAxisUnblockY":0,"YAxisAcceleration":0,"YAxisUnblockXRight":0,"YAxisUnblockXLeft":0,"YAxisSideStop":0,"ZAxisAcceleration":0}
[2026-03-31 14:41:49] LoadFromSettings finished property assignment
[2026-03-31 14:41:49] LoadFromSettings completed
[2026-03-31 14:59:27] SettingsViewModel constructor start
[2026-03-31 14:59:27] Calling LoadFromSettings
[2026-03-31 14:59:27] LoadFromSettings called with: {"SpeedX":1000,"SpeedY":1000,"SpeedXHand":200,"SpeedYHand":200,"SpeedZ":1000,"SpeedZHand":200,"XMin":0,"XMax":1000,"YMin":0,"YMax":600,"ZMin":0,"ZMax":500,"ToolLength1":50,"ToolLength2":50,"ToolLength3":50,"HomeX":0,"HomeY":0,"SafetyHeight":50,"ClampForce":100,"SuperviseTimePunching":0,"RunningTimeBeltWorkpiece":0,"RunningTimeBeltRest":0,"WaitingTimeClosingGrippers":0,"WaitingTimeOpenGrippers":0,"WaitingTimeClosingClamping":0,"WaitingTimeOpenClamping":0,"PartDropOffPosition":0,"GrabPositionGripper":0,"ChangeoverPositionPunching":0,"ChangeoverPositionCutting":0,"OffsetSideStop":0,"ZeroPointTool4":0,"ChangePositionTool4":0,"XAxisAcceleration":0,"XAxisUnblockY":0,"YAxisAcceleration":0,"YAxisUnblockXRight":0,"YAxisUnblockXLeft":0,"YAxisSideStop":0,"ZAxisAcceleration":0}
[2026-03-31 14:59:27] LoadFromSettings finished property assignment
[2026-03-31 14:59:27] LoadFromSettings completed
[2026-03-31 15:04:12] SettingsViewModel constructor start
[2026-03-31 15:04:12] Calling LoadFromSettings
[2026-03-31 15:04:12] LoadFromSettings called with: {"SpeedX":1000,"SpeedY":1000,"SpeedXHand":200,"SpeedYHand":200,"SpeedZ":1000,"SpeedZHand":200,"XMin":0,"XMax":1000,"YMin":0,"YMax":600,"ZMin":0,"ZMax":500,"ToolLength1":50,"ToolLength2":50,"ToolLength3":50,"HomeX":0,"HomeY":0,"SafetyHeight":50,"ClampForce":100,"SuperviseTimePunching":0,"RunningTimeBeltWorkpiece":0,"RunningTimeBeltRest":0,"WaitingTimeClosingGrippers":0,"WaitingTimeOpenGrippers":0,"WaitingTimeClosingClamping":0,"WaitingTimeOpenClamping":0,"PartDropOffPosition":0,"GrabPositionGripper":0,"ChangeoverPositionPunching":0,"ChangeoverPositionCutting":0,"OffsetSideStop":0,"ZeroPointTool4":0,"ChangePositionTool4":0,"XAxisAcceleration":0,"XAxisUnblockY":0,"YAxisAcceleration":0,"YAxisUnblockXRight":0,"YAxisUnblockXLeft":0,"YAxisSideStop":0,"ZAxisAcceleration":0}
[2026-03-31 15:04:12] LoadFromSettings finished property assignment
[2026-03-31 15:04:12] LoadFromSettings completed
[2026-03-31 15:40:29] SettingsViewModel constructor start
[2026-03-31 15:40:29] Calling LoadFromSettings
[2026-03-31 15:40:29] LoadFromSettings called with: {"SpeedX":1000,"SpeedY":1000,"SpeedXHand":200,"SpeedYHand":200,"SpeedZ":1000,"SpeedZHand":200,"XMin":0,"XMax":1000,"YMin":0,"YMax":600,"ZMin":0,"ZMax":500,"ToolLength1":50,"ToolLength2":50,"ToolLength3":50,"HomeX":0,"HomeY":0,"SafetyHeight":50,"ClampForce":100,"SuperviseTimePunching":0,"RunningTimeBeltWorkpiece":0,"RunningTimeBeltRest":0,"WaitingTimeClosingGrippers":0,"WaitingTimeOpenGrippers":0,"WaitingTimeClosingClamping":0,"WaitingTimeOpenClamping":0,"PartDropOffPosition":0,"GrabPositionGripper":0,"ChangeoverPositionPunching":0,"ChangeoverPositionCutting":0,"OffsetSideStop":0,"ZeroPointTool4":0,"ChangePositionTool4":0,"XAxisAcceleration":0,"XAxisUnblockY":0,"YAxisAcceleration":0,"YAxisUnblockXRight":0,"YAxisUnblockXLeft":0,"YAxisSideStop":0,"ZAxisAcceleration":0}
[2026-03-31 15:40:29] LoadFromSettings finished property assignment
[2026-03-31 15:40:29] LoadFromSettings completed
[2026-03-31 15:41:42] SettingsViewModel constructor start
[2026-03-31 15:41:42] Calling LoadFromSettings
[2026-03-31 15:41:42] LoadFromSettings called with: {"SpeedX":1000,"SpeedY":1000,"SpeedXHand":200,"SpeedYHand":200,"SpeedZ":1000,"SpeedZHand":200,"XMin":0,"XMax":1000,"YMin":0,"YMax":600,"ZMin":0,"ZMax":500,"ToolLength1":50,"ToolLength2":50,"ToolLength3":50,"HomeX":0,"HomeY":0,"SafetyHeight":50,"ClampForce":100,"SuperviseTimePunching":0,"RunningTimeBeltWorkpiece":0,"RunningTimeBeltRest":0,"WaitingTimeClosingGrippers":0,"WaitingTimeOpenGrippers":0,"WaitingTimeClosingClamping":0,"WaitingTimeOpenClamping":0,"PartDropOffPosition":0,"GrabPositionGripper":0,"ChangeoverPositionPunching":0,"ChangeoverPositionCutting":0,"OffsetSideStop":0,"ZeroPointTool4":0,"ChangePositionTool4":0,"XAxisAcceleration":0,"XAxisUnblockY":0,"YAxisAcceleration":0,"YAxisUnblockXRight":0,"YAxisUnblockXLeft":0,"YAxisSideStop":0,"ZAxisAcceleration":0}
[2026-03-31 15:41:42] LoadFromSettings finished property assignment
[2026-03-31 15:41:42] LoadFromSettings completed
[2026-03-31 15:49:34] SettingsViewModel constructor start
[2026-03-31 15:49:34] Calling LoadFromSettings
[2026-03-31 15:49:34] LoadFromSettings called with: {"SpeedX":1000,"SpeedY":1000,"SpeedXHand":200,"SpeedYHand":200,"SpeedZ":1000,"SpeedZHand":200,"XMin":0,"XMax":1000,"YMin":0,"YMax":600,"ZMin":0,"ZMax":500,"ToolLength1":50,"ToolLength2":50,"ToolLength3":50,"HomeX":0,"HomeY":0,"SafetyHeight":50,"ClampForce":100,"SuperviseTimePunching":0,"RunningTimeBeltWorkpiece":0,"RunningTimeBeltRest":0,"WaitingTimeClosingGrippers":0,"WaitingTimeOpenGrippers":0,"WaitingTimeClosingClamping":0,"WaitingTimeOpenClamping":0,"PartDropOffPosition":0,"GrabPositionGripper":0,"ChangeoverPositionPunching":0,"ChangeoverPositionCutting":0,"OffsetSideStop":0,"ZeroPointTool4":0,"ChangePositionTool4":0,"XAxisAcceleration":0,"XAxisUnblockY":0,"YAxisAcceleration":0,"YAxisUnblockXRight":0,"YAxisUnblockXLeft":0,"YAxisSideStop":0,"ZAxisAcceleration":0}
[2026-03-31 15:49:34] LoadFromSettings finished property assignment
[2026-03-31 15:49:34] LoadFromSettings completed
[2026-03-31 15:50:12] SettingsViewModel constructor start
[2026-03-31 15:50:12] Calling LoadFromSettings
[2026-03-31 15:50:12] LoadFromSettings called with: {"SpeedX":1000,"SpeedY":1000,"SpeedXHand":200,"SpeedYHand":200,"SpeedZ":1000,"SpeedZHand":200,"XMin":0,"XMax":1000,"YMin":0,"YMax":600,"ZMin":0,"ZMax":500,"ToolLength1":50,"ToolLength2":50,"ToolLength3":50,"HomeX":0,"HomeY":0,"SafetyHeight":50,"ClampForce":100,"SuperviseTimePunching":0,"RunningTimeBeltWorkpiece":0,"RunningTimeBeltRest":0,"WaitingTimeClosingGrippers":0,"WaitingTimeOpenGrippers":0,"WaitingTimeClosingClamping":0,"WaitingTimeOpenClamping":0,"PartDropOffPosition":0,"GrabPositionGripper":0,"ChangeoverPositionPunching":0,"ChangeoverPositionCutting":0,"OffsetSideStop":0,"ZeroPointTool4":0,"ChangePositionTool4":0,"XAxisAcceleration":0,"XAxisUnblockY":0,"YAxisAcceleration":0,"YAxisUnblockXRight":0,"YAxisUnblockXLeft":0,"YAxisSideStop":0,"ZAxisAcceleration":0}
[2026-03-31 15:50:12] LoadFromSettings finished property assignment
[2026-03-31 15:50:12] LoadFromSettings completed
[2026-03-31 15:53:31] SettingsViewModel constructor start
[2026-03-31 15:53:31] Calling LoadFromSettings
[2026-03-31 15:53:31] LoadFromSettings called with: {"SpeedX":1000,"SpeedY":1000,"SpeedXHand":200,"SpeedYHand":200,"SpeedZ":1000,"SpeedZHand":200,"XMin":0,"XMax":1000,"YMin":0,"YMax":600,"ZMin":0,"ZMax":500,"ToolLength1":50,"ToolLength2":50,"ToolLength3":50,"HomeX":0,"HomeY":0,"SafetyHeight":50,"ClampForce":100,"SuperviseTimePunching":0,"RunningTimeBeltWorkpiece":0,"RunningTimeBeltRest":0,"WaitingTimeClosingGrippers":0,"WaitingTimeOpenGrippers":0,"WaitingTimeClosingClamping":0,"WaitingTimeOpenClamping":0,"PartDropOffPosition":0,"GrabPositionGripper":0,"ChangeoverPositionPunching":0,"ChangeoverPositionCutting":0,"OffsetSideStop":0,"ZeroPointTool4":0,"ChangePositionTool4":0,"XAxisAcceleration":0,"XAxisUnblockY":0,"YAxisAcceleration":0,"YAxisUnblockXRight":0,"YAxisUnblockXLeft":0,"YAxisSideStop":0,"ZAxisAcceleration":0}
[2026-03-31 15:53:31] LoadFromSettings finished property assignment
[2026-03-31 15:53:31] LoadFromSettings completed
[2026-03-31 15:54:32] SettingsViewModel constructor start
[2026-03-31 15:54:32] Calling LoadFromSettings
[2026-03-31 15:54:32] LoadFromSettings called with: {"SpeedX":1000,"SpeedY":1000,"SpeedXHand":200,"SpeedYHand":200,"SpeedZ":1000,"SpeedZHand":200,"XMin":0,"XMax":1000,"YMin":0,"YMax":600,"ZMin":0,"ZMax":500,"ToolLength1":50,"ToolLength2":50,"ToolLength3":50,"HomeX":0,"HomeY":0,"SafetyHeight":50,"ClampForce":100,"SuperviseTimePunching":0,"RunningTimeBeltWorkpiece":0,"RunningTimeBeltRest":0,"WaitingTimeClosingGrippers":0,"WaitingTimeOpenGrippers":0,"WaitingTimeClosingClamping":0,"WaitingTimeOpenClamping":0,"PartDropOffPosition":0,"GrabPositionGripper":0,"ChangeoverPositionPunching":0,"ChangeoverPositionCutting":0,"OffsetSideStop":0,"ZeroPointTool4":0,"ChangePositionTool4":0,"XAxisAcceleration":0,"XAxisUnblockY":0,"YAxisAcceleration":0,"YAxisUnblockXRight":0,"YAxisUnblockXLeft":0,"YAxisSideStop":0,"ZAxisAcceleration":0}
[2026-03-31 15:54:32] LoadFromSettings finished property assignment
[2026-03-31 15:54:32] LoadFromSettings completed
[2026-03-31 16:17:24] SettingsViewModel constructor start
[2026-03-31 16:17:24] Calling LoadFromSettings
[2026-03-31 16:17:24] LoadFromSettings called with: {"SpeedX":1000,"SpeedY":1000,"SpeedXHand":200,"SpeedYHand":200,"SpeedZ":1000,"SpeedZHand":200,"XMin":0,"XMax":1000,"YMin":0,"YMax":600,"ZMin":0,"ZMax":500,"ToolLength1":50,"ToolLength2":50,"ToolLength3":50,"HomeX":0,"HomeY":0,"SafetyHeight":50,"ClampForce":100,"SuperviseTimePunching":0,"RunningTimeBeltWorkpiece":0,"RunningTimeBeltRest":0,"WaitingTimeClosingGrippers":0,"WaitingTimeOpenGrippers":0,"WaitingTimeClosingClamping":0,"WaitingTimeOpenClamping":0,"PartDropOffPosition":0,"GrabPositionGripper":0,"ChangeoverPositionPunching":0,"ChangeoverPositionCutting":0,"OffsetSideStop":0,"ZeroPointTool4":0,"ChangePositionTool4":0,"XAxisAcceleration":0,"XAxisUnblockY":0,"YAxisAcceleration":0,"YAxisUnblockXRight":0,"YAxisUnblockXLeft":0,"YAxisSideStop":0,"ZAxisAcceleration":0}
[2026-03-31 16:17:24] LoadFromSettings finished property assignment
[2026-03-31 16:17:24] LoadFromSettings completed
[2026-03-31 17:59:15] SettingsViewModel constructor start
[2026-03-31 17:59:15] Calling LoadFromSettings
[2026-03-31 17:59:15] LoadFromSettings called with: {"SpeedX":1000,"SpeedY":1000,"SpeedXHand":200,"SpeedYHand":200,"SpeedZ":1000,"SpeedZHand":200,"XMin":0,"XMax":1000,"YMin":0,"YMax":600,"ZMin":0,"ZMax":500,"ToolLength1":50,"ToolLength2":50,"ToolLength3":50,"HomeX":0,"HomeY":0,"SafetyHeight":50,"ClampForce":100,"SuperviseTimePunching":0,"RunningTimeBeltWorkpiece":0,"RunningTimeBeltRest":0,"WaitingTimeClosingGrippers":0,"WaitingTimeOpenGrippers":0,"WaitingTimeClosingClamping":0,"WaitingTimeOpenClamping":0,"PartDropOffPosition":0,"GrabPositionGripper":0,"ChangeoverPositionPunching":0,"ChangeoverPositionCutting":0,"OffsetSideStop":0,"ZeroPointTool4":0,"ChangePositionTool4":0,"XAxisAcceleration":0,"XAxisUnblockY":0,"YAxisAcceleration":0,"YAxisUnblockXRight":0,"YAxisUnblockXLeft":0,"YAxisSideStop":0,"ZAxisAcceleration":0}
[2026-03-31 17:59:15] LoadFromSettings finished property assignment
[2026-03-31 17:59:15] LoadFromSettings completed
[2026-03-31 18:05:01] SettingsViewModel constructor start
[2026-03-31 18:05:01] Calling LoadFromSettings
[2026-03-31 18:05:01] LoadFromSettings called with: {"SpeedX":1000,"SpeedY":1000,"SpeedXHand":200,"SpeedYHand":200,"SpeedZ":1000,"SpeedZHand":200,"XMin":0,"XMax":1000,"YMin":0,"YMax":600,"ZMin":0,"ZMax":500,"ToolLength1":50,"ToolLength2":50,"ToolLength3":50,"HomeX":0,"HomeY":0,"SafetyHeight":50,"ClampForce":100,"SuperviseTimePunching":0,"RunningTimeBeltWorkpiece":0,"RunningTimeBeltRest":0,"WaitingTimeClosingGrippers":0,"WaitingTimeOpenGrippers":0,"WaitingTimeClosingClamping":0,"WaitingTimeOpenClamping":0,"PartDropOffPosition":0,"GrabPositionGripper":0,"ChangeoverPositionPunching":0,"ChangeoverPositionCutting":0,"OffsetSideStop":0,"ZeroPointTool4":0,"ChangePositionTool4":0,"XAxisAcceleration":0,"XAxisUnblockY":0,"YAxisAcceleration":0,"YAxisUnblockXRight":0,"YAxisUnblockXLeft":0,"YAxisSideStop":0,"ZAxisAcceleration":0}
[2026-03-31 18:05:01] LoadFromSettings finished property assignment
[2026-03-31 18:05:01] LoadFromSettings completed
[2026-03-31 18:10:01] SettingsViewModel constructor start
[2026-03-31 18:10:01] Calling LoadFromSettings
[2026-03-31 18:10:01] LoadFromSettings called with: {"SpeedX":1000,"SpeedY":1000,"SpeedXHand":200,"SpeedYHand":200,"SpeedZ":1000,"SpeedZHand":200,"XMin":0,"XMax":1000,"YMin":0,"YMax":600,"ZMin":0,"ZMax":500,"ToolLength1":50,"ToolLength2":50,"ToolLength3":50,"HomeX":0,"HomeY":0,"SafetyHeight":50,"ClampForce":100,"SuperviseTimePunching":0,"RunningTimeBeltWorkpiece":0,"RunningTimeBeltRest":0,"WaitingTimeClosingGrippers":0,"WaitingTimeOpenGrippers":0,"WaitingTimeClosingClamping":0,"WaitingTimeOpenClamping":0,"PartDropOffPosition":0,"GrabPositionGripper":0,"ChangeoverPositionPunching":0,"ChangeoverPositionCutting":0,"OffsetSideStop":0,"ZeroPointTool4":0,"ChangePositionTool4":0,"XAxisAcceleration":0,"XAxisUnblockY":0,"YAxisAcceleration":0,"YAxisUnblockXRight":0,"YAxisUnblockXLeft":0,"YAxisSideStop":0,"ZAxisAcceleration":0}
[2026-03-31 18:10:01] LoadFromSettings finished property assignment
[2026-03-31 18:10:01] LoadFromSettings completed
[2026-03-31 18:12:41] SettingsViewModel constructor start
[2026-03-31 18:12:41] Calling LoadFromSettings
[2026-03-31 18:12:41] LoadFromSettings called with: {"SpeedX":1000,"SpeedY":1000,"SpeedXHand":200,"SpeedYHand":200,"SpeedZ":1000,"SpeedZHand":200,"XMin":0,"XMax":1000,"YMin":0,"YMax":600,"ZMin":0,"ZMax":500,"ToolLength1":50,"ToolLength2":50,"ToolLength3":50,"HomeX":0,"HomeY":0,"SafetyHeight":50,"ClampForce":100,"SuperviseTimePunching":0,"RunningTimeBeltWorkpiece":0,"RunningTimeBeltRest":0,"WaitingTimeClosingGrippers":0,"WaitingTimeOpenGrippers":0,"WaitingTimeClosingClamping":0,"WaitingTimeOpenClamping":0,"PartDropOffPosition":0,"GrabPositionGripper":0,"ChangeoverPositionPunching":0,"ChangeoverPositionCutting":0,"OffsetSideStop":0,"ZeroPointTool4":0,"ChangePositionTool4":0,"XAxisAcceleration":0,"XAxisUnblockY":0,"YAxisAcceleration":0,"YAxisUnblockXRight":0,"YAxisUnblockXLeft":0,"YAxisSideStop":0,"ZAxisAcceleration":0}
[2026-03-31 18:12:41] LoadFromSettings finished property assignment
[2026-03-31 18:12:41] LoadFromSettings completed
[2026-03-31 18:16:57] SettingsViewModel constructor start
[2026-03-31 18:16:57] Calling LoadFromSettings
[2026-03-31 18:16:57] LoadFromSettings called with: {"SpeedX":1000,"SpeedY":1000,"SpeedXHand":200,"SpeedYHand":200,"SpeedZ":1000,"SpeedZHand":200,"XMin":0,"XMax":1000,"YMin":0,"YMax":600,"ZMin":0,"ZMax":500,"ToolLength1":50,"ToolLength2":50,"ToolLength3":50,"HomeX":0,"HomeY":0,"SafetyHeight":50,"ClampForce":100,"SuperviseTimePunching":0,"RunningTimeBeltWorkpiece":0,"RunningTimeBeltRest":0,"WaitingTimeClosingGrippers":0,"WaitingTimeOpenGrippers":0,"WaitingTimeClosingClamping":0,"WaitingTimeOpenClamping":0,"PartDropOffPosition":0,"GrabPositionGripper":0,"ChangeoverPositionPunching":0,"ChangeoverPositionCutting":0,"OffsetSideStop":0,"ZeroPointTool4":0,"ChangePositionTool4":0,"XAxisAcceleration":0,"XAxisUnblockY":0,"YAxisAcceleration":0,"YAxisUnblockXRight":0,"YAxisUnblockXLeft":0,"YAxisSideStop":0,"ZAxisAcceleration":0}
[2026-03-31 18:16:57] LoadFromSettings finished property assignment
[2026-03-31 18:16:57] LoadFromSettings completed
[2026-03-31 18:32:43] SettingsViewModel constructor start
[2026-03-31 18:32:43] Calling LoadFromSettings
[2026-03-31 18:32:43] LoadFromSettings called with: {"SpeedX":1000,"SpeedY":1000,"SpeedXHand":200,"SpeedYHand":200,"SpeedZ":1000,"SpeedZHand":200,"XMin":0,"XMax":1000,"YMin":0,"YMax":600,"ZMin":0,"ZMax":500,"ToolLength1":50,"ToolLength2":50,"ToolLength3":50,"HomeX":0,"HomeY":0,"SafetyHeight":50,"ClampForce":100,"SuperviseTimePunching":0,"RunningTimeBeltWorkpiece":0,"RunningTimeBeltRest":0,"WaitingTimeClosingGrippers":0,"WaitingTimeOpenGrippers":0,"WaitingTimeClosingClamping":0,"WaitingTimeOpenClamping":0,"PartDropOffPosition":0,"GrabPositionGripper":0,"ChangeoverPositionPunching":0,"ChangeoverPositionCutting":0,"OffsetSideStop":0,"ZeroPointTool4":0,"ChangePositionTool4":0,"XAxisAcceleration":0,"XAxisUnblockY":0,"YAxisAcceleration":0,"YAxisUnblockXRight":0,"YAxisUnblockXLeft":0,"YAxisSideStop":0,"ZAxisAcceleration":0}
[2026-03-31 18:32:43] LoadFromSettings finished property assignment
[2026-03-31 18:32:43] LoadFromSettings completed
[2026-03-31 18:36:05] SettingsViewModel constructor start
[2026-03-31 18:36:05] Calling LoadFromSettings
[2026-03-31 18:36:05] LoadFromSettings called with: {"SpeedX":1000,"SpeedY":1000,"SpeedXHand":200,"SpeedYHand":200,"SpeedZ":1000,"SpeedZHand":200,"XMin":0,"XMax":1000,"YMin":0,"YMax":600,"ZMin":0,"ZMax":500,"ToolLength1":50,"ToolLength2":50,"ToolLength3":50,"HomeX":0,"HomeY":0,"SafetyHeight":50,"ClampForce":100,"SuperviseTimePunching":0,"RunningTimeBeltWorkpiece":0,"RunningTimeBeltRest":0,"WaitingTimeClosingGrippers":0,"WaitingTimeOpenGrippers":0,"WaitingTimeClosingClamping":0,"WaitingTimeOpenClamping":0,"PartDropOffPosition":0,"GrabPositionGripper":0,"ChangeoverPositionPunching":0,"ChangeoverPositionCutting":0,"OffsetSideStop":0,"ZeroPointTool4":0,"ChangePositionTool4":0,"XAxisAcceleration":0,"XAxisUnblockY":0,"YAxisAcceleration":0,"YAxisUnblockXRight":0,"YAxisUnblockXLeft":0,"YAxisSideStop":0,"ZAxisAcceleration":0}
[2026-03-31 18:36:05] LoadFromSettings finished property assignment
[2026-03-31 18:36:05] LoadFromSettings completed
[2026-03-31 18:39:29] SettingsViewModel constructor start
[2026-03-31 18:39:29] Calling LoadFromSettings
[2026-03-31 18:39:29] LoadFromSettings called with: {"SpeedX":1000,"SpeedY":1000,"SpeedXHand":200,"SpeedYHand":200,"SpeedZ":1000,"SpeedZHand":200,"XMin":0,"XMax":1000,"YMin":0,"YMax":600,"ZMin":0,"ZMax":500,"ToolLength1":50,"ToolLength2":50,"ToolLength3":50,"HomeX":0,"HomeY":0,"SafetyHeight":50,"ClampForce":100,"SuperviseTimePunching":0,"RunningTimeBeltWorkpiece":0,"RunningTimeBeltRest":0,"WaitingTimeClosingGrippers":0,"WaitingTimeOpenGrippers":0,"WaitingTimeClosingClamping":0,"WaitingTimeOpenClamping":0,"PartDropOffPosition":0,"GrabPositionGripper":0,"ChangeoverPositionPunching":0,"ChangeoverPositionCutting":0,"OffsetSideStop":0,"ZeroPointTool4":0,"ChangePositionTool4":0,"XAxisAcceleration":0,"XAxisUnblockY":0,"YAxisAcceleration":0,"YAxisUnblockXRight":0,"YAxisUnblockXLeft":0,"YAxisSideStop":0,"ZAxisAcceleration":0}
[2026-03-31 18:39:29] LoadFromSettings finished property assignment
[2026-03-31 18:39:29] LoadFromSettings completed
[2026-03-31 18:43:42] SettingsViewModel constructor start
[2026-03-31 18:43:42] Calling LoadFromSettings
[2026-03-31 18:43:42] LoadFromSettings called with: {"SpeedX":1000,"SpeedY":1000,"SpeedXHand":200,"SpeedYHand":200,"SpeedZ":1000,"SpeedZHand":200,"XMin":0,"XMax":1000,"YMin":0,"YMax":600,"ZMin":0,"ZMax":500,"ToolLength1":50,"ToolLength2":50,"ToolLength3":50,"HomeX":0,"HomeY":0,"SafetyHeight":50,"ClampForce":100,"SuperviseTimePunching":0,"RunningTimeBeltWorkpiece":0,"RunningTimeBeltRest":0,"WaitingTimeClosingGrippers":0,"WaitingTimeOpenGrippers":0,"WaitingTimeClosingClamping":0,"WaitingTimeOpenClamping":0,"PartDropOffPosition":0,"GrabPositionGripper":0,"ChangeoverPositionPunching":0,"ChangeoverPositionCutting":0,"OffsetSideStop":0,"ZeroPointTool4":0,"ChangePositionTool4":0,"XAxisAcceleration":0,"XAxisUnblockY":0,"YAxisAcceleration":0,"YAxisUnblockXRight":0,"YAxisUnblockXLeft":0,"YAxisSideStop":0,"ZAxisAcceleration":0}
[2026-03-31 18:43:42] LoadFromSettings finished property assignment
[2026-03-31 18:43:42] LoadFromSettings completed
[2026-03-31 18:46:14] SettingsViewModel constructor start
[2026-03-31 18:46:14] Calling LoadFromSettings
[2026-03-31 18:46:15] LoadFromSettings called with: {"SpeedX":1000,"SpeedY":1000,"SpeedXHand":200,"SpeedYHand":200,"SpeedZ":1000,"SpeedZHand":200,"XMin":0,"XMax":1000,"YMin":0,"YMax":600,"ZMin":0,"ZMax":500,"ToolLength1":50,"ToolLength2":50,"ToolLength3":50,"HomeX":0,"HomeY":0,"SafetyHeight":50,"ClampForce":100,"SuperviseTimePunching":0,"RunningTimeBeltWorkpiece":0,"RunningTimeBeltRest":0,"WaitingTimeClosingGrippers":0,"WaitingTimeOpenGrippers":0,"WaitingTimeClosingClamping":0,"WaitingTimeOpenClamping":0,"PartDropOffPosition":0,"GrabPositionGripper":0,"ChangeoverPositionPunching":0,"ChangeoverPositionCutting":0,"OffsetSideStop":0,"ZeroPointTool4":0,"ChangePositionTool4":0,"XAxisAcceleration":0,"XAxisUnblockY":0,"YAxisAcceleration":0,"YAxisUnblockXRight":0,"YAxisUnblockXLeft":0,"YAxisSideStop":0,"ZAxisAcceleration":0}
[2026-03-31 18:46:15] LoadFromSettings finished property assignment
[2026-03-31 18:46:15] LoadFromSettings completed
[2026-03-31 18:50:50] SettingsViewModel constructor start
[2026-03-31 18:50:50] Calling LoadFromSettings
[2026-03-31 18:50:50] LoadFromSettings called with: {"SpeedX":1000,"SpeedY":1000,"SpeedXHand":200,"SpeedYHand":200,"SpeedZ":1000,"SpeedZHand":200,"XMin":0,"XMax":1000,"YMin":0,"YMax":600,"ZMin":0,"ZMax":500,"ToolLength1":50,"ToolLength2":50,"ToolLength3":50,"HomeX":0,"HomeY":0,"SafetyHeight":50,"ClampForce":100,"SuperviseTimePunching":0,"RunningTimeBeltWorkpiece":0,"RunningTimeBeltRest":0,"WaitingTimeClosingGrippers":0,"WaitingTimeOpenGrippers":0,"WaitingTimeClosingClamping":0,"WaitingTimeOpenClamping":0,"PartDropOffPosition":0,"GrabPositionGripper":0,"ChangeoverPositionPunching":0,"ChangeoverPositionCutting":0,"OffsetSideStop":0,"ZeroPointTool4":0,"ChangePositionTool4":0,"XAxisAcceleration":0,"XAxisUnblockY":0,"YAxisAcceleration":0,"YAxisUnblockXRight":0,"YAxisUnblockXLeft":0,"YAxisSideStop":0,"ZAxisAcceleration":0}
[2026-03-31 18:50:50] LoadFromSettings finished property assignment
[2026-03-31 18:50:50] LoadFromSettings completed
[2026-03-31 18:56:35] SettingsViewModel constructor start
[2026-03-31 18:56:35] Calling LoadFromSettings
[2026-03-31 18:56:35] LoadFromSettings called with: {"SpeedX":1000,"SpeedY":1000,"SpeedXHand":200,"SpeedYHand":200,"SpeedZ":1000,"SpeedZHand":200,"XMin":0,"XMax":1000,"YMin":0,"YMax":600,"ZMin":0,"ZMax":500,"ToolLength1":50,"ToolLength2":50,"ToolLength3":50,"HomeX":0,"HomeY":0,"SafetyHeight":50,"ClampForce":100,"SuperviseTimePunching":0,"RunningTimeBeltWorkpiece":0,"RunningTimeBeltRest":0,"WaitingTimeClosingGrippers":0,"WaitingTimeOpenGrippers":0,"WaitingTimeClosingClamping":0,"WaitingTimeOpenClamping":0,"PartDropOffPosition":0,"GrabPositionGripper":0,"ChangeoverPositionPunching":0,"ChangeoverPositionCutting":0,"OffsetSideStop":0,"ZeroPointTool4":0,"ChangePositionTool4":0,"XAxisAcceleration":0,"XAxisUnblockY":0,"YAxisAcceleration":0,"YAxisUnblockXRight":0,"YAxisUnblockXLeft":0,"YAxisSideStop":0,"ZAxisAcceleration":0}
[2026-03-31 18:56:35] LoadFromSettings finished property assignment
[2026-03-31 18:56:35] LoadFromSettings completed
[2026-03-31 19:03:35] SettingsViewModel constructor start
[2026-03-31 19:03:35] Calling LoadFromSettings
[2026-03-31 19:03:35] LoadFromSettings called with: {"SpeedX":1000,"SpeedY":1000,"SpeedXHand":200,"SpeedYHand":200,"SpeedZ":1000,"SpeedZHand":200,"XMin":0,"XMax":1000,"YMin":0,"YMax":600,"ZMin":0,"ZMax":500,"ToolLength1":50,"ToolLength2":50,"ToolLength3":50,"HomeX":0,"HomeY":0,"SafetyHeight":50,"ClampForce":100,"SuperviseTimePunching":0,"RunningTimeBeltWorkpiece":0,"RunningTimeBeltRest":0,"WaitingTimeClosingGrippers":0,"WaitingTimeOpenGrippers":0,"WaitingTimeClosingClamping":0,"WaitingTimeOpenClamping":0,"PartDropOffPosition":0,"GrabPositionGripper":0,"ChangeoverPositionPunching":0,"ChangeoverPositionCutting":0,"OffsetSideStop":0,"ZeroPointTool4":0,"ChangePositionTool4":0,"XAxisAcceleration":0,"XAxisUnblockY":0,"YAxisAcceleration":0,"YAxisUnblockXRight":0,"YAxisUnblockXLeft":0,"YAxisSideStop":0,"ZAxisAcceleration":0}
[2026-03-31 19:03:35] LoadFromSettings finished property assignment
[2026-03-31 19:03:35] LoadFromSettings completed
[2026-03-31 19:18:28] SettingsViewModel constructor start
[2026-03-31 19:18:28] Calling LoadFromSettings
[2026-03-31 19:18:28] LoadFromSettings called with: {"SpeedX":1000,"SpeedY":1000,"SpeedXHand":200,"SpeedYHand":200,"SpeedZ":1000,"SpeedZHand":200,"XMin":0,"XMax":1000,"YMin":0,"YMax":600,"ZMin":0,"ZMax":500,"ToolLength1":50,"ToolLength2":50,"ToolLength3":50,"HomeX":0,"HomeY":0,"SafetyHeight":50,"ClampForce":100,"SuperviseTimePunching":0,"RunningTimeBeltWorkpiece":0,"RunningTimeBeltRest":0,"WaitingTimeClosingGrippers":0,"WaitingTimeOpenGrippers":0,"WaitingTimeClosingClamping":0,"WaitingTimeOpenClamping":0,"PartDropOffPosition":0,"GrabPositionGripper":0,"ChangeoverPositionPunching":0,"ChangeoverPositionCutting":0,"OffsetSideStop":0,"ZeroPointTool4":0,"ChangePositionTool4":0,"XAxisAcceleration":0,"XAxisUnblockY":0,"YAxisAcceleration":0,"YAxisUnblockXRight":0,"YAxisUnblockXLeft":0,"YAxisSideStop":0,"ZAxisAcceleration":0}
[2026-03-31 19:18:28] LoadFromSettings finished property assignment
[2026-03-31 19:18:28] LoadFromSettings completed
[2026-03-31 19:24:12] SettingsViewModel constructor start
[2026-03-31 19:24:12] Calling LoadFromSettings
[2026-03-31 19:24:12] LoadFromSettings called with: {"SpeedX":1000,"SpeedY":1000,"SpeedXHand":200,"SpeedYHand":200,"SpeedZ":1000,"SpeedZHand":200,"XMin":0,"XMax":1000,"YMin":0,"YMax":600,"ZMin":0,"ZMax":500,"ToolLength1":50,"ToolLength2":50,"ToolLength3":50,"HomeX":0,"HomeY":0,"SafetyHeight":50,"ClampForce":100,"SuperviseTimePunching":0,"RunningTimeBeltWorkpiece":0,"RunningTimeBeltRest":0,"WaitingTimeClosingGrippers":0,"WaitingTimeOpenGrippers":0,"WaitingTimeClosingClamping":0,"WaitingTimeOpenClamping":0,"PartDropOffPosition":0,"GrabPositionGripper":0,"ChangeoverPositionPunching":0,"ChangeoverPositionCutting":0,"OffsetSideStop":0,"ZeroPointTool4":0,"ChangePositionTool4":0,"XAxisAcceleration":0,"XAxisUnblockY":0,"YAxisAcceleration":0,"YAxisUnblockXRight":0,"YAxisUnblockXLeft":0,"YAxisSideStop":0,"ZAxisAcceleration":0}
[2026-03-31 19:24:12] LoadFromSettings finished property assignment
[2026-03-31 19:24:12] LoadFromSettings completed
[2026-03-31 19:32:04] SettingsViewModel constructor start
[2026-03-31 19:32:04] Calling LoadFromSettings
[2026-03-31 19:32:04] LoadFromSettings called with: {"SpeedX":1000,"SpeedY":1000,"SpeedXHand":200,"SpeedYHand":200,"SpeedZ":1000,"SpeedZHand":200,"XMin":0,"XMax":1000,"YMin":0,"YMax":600,"ZMin":0,"ZMax":500,"ToolLength1":50,"ToolLength2":50,"ToolLength3":50,"HomeX":0,"HomeY":0,"SafetyHeight":50,"ClampForce":100,"SuperviseTimePunching":0,"RunningTimeBeltWorkpiece":0,"RunningTimeBeltRest":0,"WaitingTimeClosingGrippers":0,"WaitingTimeOpenGrippers":0,"WaitingTimeClosingClamping":0,"WaitingTimeOpenClamping":0,"PartDropOffPosition":0,"GrabPositionGripper":0,"ChangeoverPositionPunching":0,"ChangeoverPositionCutting":0,"OffsetSideStop":0,"ZeroPointTool4":0,"ChangePositionTool4":0,"XAxisAcceleration":0,"XAxisUnblockY":0,"YAxisAcceleration":0,"YAxisUnblockXRight":0,"YAxisUnblockXLeft":0,"YAxisSideStop":0,"ZAxisAcceleration":0}
[2026-03-31 19:32:04] LoadFromSettings finished property assignment
[2026-03-31 19:32:04] LoadFromSettings completed
[2026-03-31 19:39:00] SettingsViewModel constructor start
[2026-03-31 19:39:00] Calling LoadFromSettings
[2026-03-31 19:39:00] LoadFromSettings called with: {"SpeedX":1000,"SpeedY":1000,"SpeedXHand":200,"SpeedYHand":200,"SpeedZ":1000,"SpeedZHand":200,"XMin":0,"XMax":1000,"YMin":0,"YMax":600,"ZMin":0,"ZMax":500,"ToolLength1":50,"ToolLength2":50,"ToolLength3":50,"HomeX":0,"HomeY":0,"SafetyHeight":50,"ClampForce":100,"SuperviseTimePunching":0,"RunningTimeBeltWorkpiece":0,"RunningTimeBeltRest":0,"WaitingTimeClosingGrippers":0,"WaitingTimeOpenGrippers":0,"WaitingTimeClosingClamping":0,"WaitingTimeOpenClamping":0,"PartDropOffPosition":0,"GrabPositionGripper":0,"ChangeoverPositionPunching":0,"ChangeoverPositionCutting":0,"OffsetSideStop":0,"ZeroPointTool4":0,"ChangePositionTool4":0,"XAxisAcceleration":0,"XAxisUnblockY":0,"YAxisAcceleration":0,"YAxisUnblockXRight":0,"YAxisUnblockXLeft":0,"YAxisSideStop":0,"ZAxisAcceleration":0}
[2026-03-31 19:39:00] LoadFromSettings finished property assignment
[2026-03-31 19:39:00] LoadFromSettings completed
[2026-03-31 19:48:38] SettingsViewModel constructor start
[2026-03-31 19:48:38] Calling LoadFromSettings
[2026-03-31 19:48:38] LoadFromSettings called with: {"SpeedX":1000,"SpeedY":1000,"SpeedXHand":200,"SpeedYHand":200,"SpeedZ":1000,"SpeedZHand":200,"XMin":0,"XMax":1000,"YMin":0,"YMax":600,"ZMin":0,"ZMax":500,"ToolLength1":50,"ToolLength2":50,"ToolLength3":50,"HomeX":0,"HomeY":0,"SafetyHeight":50,"ClampForce":100,"SuperviseTimePunching":0,"RunningTimeBeltWorkpiece":0,"RunningTimeBeltRest":0,"WaitingTimeClosingGrippers":0,"WaitingTimeOpenGrippers":0,"WaitingTimeClosingClamping":0,"WaitingTimeOpenClamping":0,"PartDropOffPosition":0,"GrabPositionGripper":0,"ChangeoverPositionPunching":0,"ChangeoverPositionCutting":0,"OffsetSideStop":0,"ZeroPointTool4":0,"ChangePositionTool4":0,"XAxisAcceleration":0,"XAxisUnblockY":0,"YAxisAcceleration":0,"YAxisUnblockXRight":0,"YAxisUnblockXLeft":0,"YAxisSideStop":0,"ZAxisAcceleration":0}
[2026-03-31 19:48:38] LoadFromSettings finished property assignment
[2026-03-31 19:48:38] LoadFromSettings completed
[2026-03-31 21:15:42] SettingsViewModel constructor start
[2026-03-31 21:15:42] Calling LoadFromSettings
[2026-03-31 21:15:42] LoadFromSettings called with: {"SpeedX":1000,"SpeedY":1000,"SpeedXHand":200,"SpeedYHand":200,"SpeedZ":1000,"SpeedZHand":200,"XMin":0,"XMax":1000,"YMin":0,"YMax":600,"ZMin":0,"ZMax":500,"ToolLength1":50,"ToolLength2":50,"ToolLength3":50,"HomeX":0,"HomeY":0,"SafetyHeight":50,"ClampForce":100,"SuperviseTimePunching":0,"RunningTimeBeltWorkpiece":0,"RunningTimeBeltRest":0,"WaitingTimeClosingGrippers":0,"WaitingTimeOpenGrippers":0,"WaitingTimeClosingClamping":0,"WaitingTimeOpenClamping":0,"PartDropOffPosition":0,"GrabPositionGripper":0,"ChangeoverPositionPunching":0,"ChangeoverPositionCutting":0,"OffsetSideStop":0,"ZeroPointTool4":0,"ChangePositionTool4":0,"XAxisAcceleration":0,"XAxisUnblockY":0,"YAxisAcceleration":0,"YAxisUnblockXRight":0,"YAxisUnblockXLeft":0,"YAxisSideStop":0,"ZAxisAcceleration":0}
[2026-03-31 21:15:42] LoadFromSettings finished property assignment
[2026-03-31 21:15:42] LoadFromSettings completed
[2026-03-31 21:23:30] SettingsViewModel constructor start
[2026-03-31 21:23:30] Calling LoadFromSettings
[2026-03-31 21:23:30] LoadFromSettings called with: {"SpeedX":1000,"SpeedY":1000,"SpeedXHand":200,"SpeedYHand":200,"SpeedZ":1000,"SpeedZHand":200,"XMin":0,"XMax":1000,"YMin":0,"YMax":600,"ZMin":0,"ZMax":500,"ToolLength1":50,"ToolLength2":50,"ToolLength3":50,"HomeX":0,"HomeY":0,"SafetyHeight":50,"ClampForce":100,"SuperviseTimePunching":0,"RunningTimeBeltWorkpiece":0,"RunningTimeBeltRest":0,"WaitingTimeClosingGrippers":0,"WaitingTimeOpenGrippers":0,"WaitingTimeClosingClamping":0,"WaitingTimeOpenClamping":0,"PartDropOffPosition":0,"GrabPositionGripper":0,"ChangeoverPositionPunching":0,"ChangeoverPositionCutting":0,"OffsetSideStop":0,"ZeroPointTool4":0,"ChangePositionTool4":0,"XAxisAcceleration":0,"XAxisUnblockY":0,"YAxisAcceleration":0,"YAxisUnblockXRight":0,"YAxisUnblockXLeft":0,"YAxisSideStop":0,"ZAxisAcceleration":0}
[2026-03-31 21:23:30] LoadFromSettings finished property assignment
[2026-03-31 21:23:30] LoadFromSettings completed
[2026-03-31 23:02:50] SettingsViewModel constructor start
[2026-03-31 23:02:50] Calling LoadFromSettings
[2026-03-31 23:02:50] LoadFromSettings called with: {"SpeedX":1000,"SpeedY":1000,"SpeedXHand":200,"SpeedYHand":200,"SpeedZ":1000,"SpeedZHand":200,"XMin":0,"XMax":1000,"YMin":0,"YMax":600,"ZMin":0,"ZMax":500,"ToolLength1":50,"ToolLength2":50,"ToolLength3":50,"HomeX":0,"HomeY":0,"SafetyHeight":50,"ClampForce":100,"SuperviseTimePunching":0,"RunningTimeBeltWorkpiece":0,"RunningTimeBeltRest":0,"WaitingTimeClosingGrippers":0,"WaitingTimeOpenGrippers":0,"WaitingTimeClosingClamping":0,"WaitingTimeOpenClamping":0,"PartDropOffPosition":0,"GrabPositionGripper":0,"ChangeoverPositionPunching":0,"ChangeoverPositionCutting":0,"OffsetSideStop":0,"ZeroPointTool4":0,"ChangePositionTool4":0,"XAxisAcceleration":0,"XAxisUnblockY":0,"YAxisAcceleration":0,"YAxisUnblockXRight":0,"YAxisUnblockXLeft":0,"YAxisSideStop":0,"ZAxisAcceleration":0}
[2026-03-31 23:02:50] LoadFromSettings finished property assignment
[2026-03-31 23:02:50] LoadFromSettings completed
[2026-03-31 23:13:02] SettingsViewModel constructor start
[2026-03-31 23:13:02] Calling LoadFromSettings
[2026-03-31 23:13:02] LoadFromSettings called with: {"SpeedX":1000,"SpeedY":1000,"SpeedXHand":200,"SpeedYHand":200,"SpeedZ":1000,"SpeedZHand":200,"XMin":0,"XMax":1000,"YMin":0,"YMax":600,"ZMin":0,"ZMax":500,"ToolLength1":50,"ToolLength2":50,"ToolLength3":50,"HomeX":0,"HomeY":0,"SafetyHeight":50,"ClampForce":100,"SuperviseTimePunching":0,"RunningTimeBeltWorkpiece":0,"RunningTimeBeltRest":0,"WaitingTimeClosingGrippers":0,"WaitingTimeOpenGrippers":0,"WaitingTimeClosingClamping":0,"WaitingTimeOpenClamping":0,"PartDropOffPosition":0,"GrabPositionGripper":0,"ChangeoverPositionPunching":0,"ChangeoverPositionCutting":0,"OffsetSideStop":0,"ZeroPointTool4":0,"ChangePositionTool4":0,"XAxisAcceleration":0,"XAxisUnblockY":0,"YAxisAcceleration":0,"YAxisUnblockXRight":0,"YAxisUnblockXLeft":0,"YAxisSideStop":0,"ZAxisAcceleration":0}
[2026-03-31 23:13:02] LoadFromSettings finished property assignment
[2026-03-31 23:13:02] LoadFromSettings completed
[2026-03-31 23:16:21] SettingsViewModel constructor start
[2026-03-31 23:16:21] Calling LoadFromSettings
[2026-03-31 23:16:21] LoadFromSettings called with: {"SpeedX":1000,"SpeedY":1000,"SpeedXHand":200,"SpeedYHand":200,"SpeedZ":1000,"SpeedZHand":200,"XMin":0,"XMax":1000,"YMin":0,"YMax":600,"ZMin":0,"ZMax":500,"ToolLength1":50,"ToolLength2":50,"ToolLength3":50,"HomeX":0,"HomeY":0,"SafetyHeight":50,"ClampForce":100,"SuperviseTimePunching":0,"RunningTimeBeltWorkpiece":0,"RunningTimeBeltRest":0,"WaitingTimeClosingGrippers":0,"WaitingTimeOpenGrippers":0,"WaitingTimeClosingClamping":0,"WaitingTimeOpenClamping":0,"PartDropOffPosition":0,"GrabPositionGripper":0,"ChangeoverPositionPunching":0,"ChangeoverPositionCutting":0,"OffsetSideStop":0,"ZeroPointTool4":0,"ChangePositionTool4":0,"XAxisAcceleration":0,"XAxisUnblockY":0,"YAxisAcceleration":0,"YAxisUnblockXRight":0,"YAxisUnblockXLeft":0,"YAxisSideStop":0,"ZAxisAcceleration":0}
[2026-03-31 23:16:21] LoadFromSettings finished property assignment
[2026-03-31 23:16:21] LoadFromSettings completed
[2026-03-31 23:20:09] SettingsViewModel constructor start
[2026-03-31 23:20:09] Calling LoadFromSettings
[2026-03-31 23:20:09] LoadFromSettings called with: {"SpeedX":1000,"SpeedY":1000,"SpeedXHand":200,"SpeedYHand":200,"SpeedZ":1000,"SpeedZHand":200,"XMin":0,"XMax":1000,"YMin":0,"YMax":600,"ZMin":0,"ZMax":500,"ToolLength1":50,"ToolLength2":50,"ToolLength3":50,"HomeX":0,"HomeY":0,"SafetyHeight":50,"ClampForce":100,"SuperviseTimePunching":0,"RunningTimeBeltWorkpiece":0,"RunningTimeBeltRest":0,"WaitingTimeClosingGrippers":0,"WaitingTimeOpenGrippers":0,"WaitingTimeClosingClamping":0,"WaitingTimeOpenClamping":0,"PartDropOffPosition":0,"GrabPositionGripper":0,"ChangeoverPositionPunching":0,"ChangeoverPositionCutting":0,"OffsetSideStop":0,"ZeroPointTool4":0,"ChangePositionTool4":0,"XAxisAcceleration":0,"XAxisUnblockY":0,"YAxisAcceleration":0,"YAxisUnblockXRight":0,"YAxisUnblockXLeft":0,"YAxisSideStop":0,"ZAxisAcceleration":0}
[2026-03-31 23:20:09] LoadFromSettings finished property assignment
[2026-03-31 23:20:09] LoadFromSettings completed
[2026-03-31 23:23:57] SettingsViewModel constructor start
[2026-03-31 23:23:57] Calling LoadFromSettings
[2026-03-31 23:23:57] LoadFromSettings called with: {"SpeedX":1000,"SpeedY":1000,"SpeedXHand":200,"SpeedYHand":200,"SpeedZ":1000,"SpeedZHand":200,"XMin":0,"XMax":1000,"YMin":0,"YMax":600,"ZMin":0,"ZMax":500,"ToolLength1":50,"ToolLength2":50,"ToolLength3":50,"HomeX":0,"HomeY":0,"SafetyHeight":50,"ClampForce":100,"SuperviseTimePunching":0,"RunningTimeBeltWorkpiece":0,"RunningTimeBeltRest":0,"WaitingTimeClosingGrippers":0,"WaitingTimeOpenGrippers":0,"WaitingTimeClosingClamping":0,"WaitingTimeOpenClamping":0,"PartDropOffPosition":0,"GrabPositionGripper":0,"ChangeoverPositionPunching":0,"ChangeoverPositionCutting":0,"OffsetSideStop":0,"ZeroPointTool4":0,"ChangePositionTool4":0,"XAxisAcceleration":0,"XAxisUnblockY":0,"YAxisAcceleration":0,"YAxisUnblockXRight":0,"YAxisUnblockXLeft":0,"YAxisSideStop":0,"ZAxisAcceleration":0}
[2026-03-31 23:23:57] LoadFromSettings finished property assignment
[2026-03-31 23:23:57] LoadFromSettings completed
[2026-03-31 23:26:03] SettingsViewModel constructor start
[2026-03-31 23:26:03] Calling LoadFromSettings
[2026-03-31 23:26:03] LoadFromSettings called with: {"SpeedX":1000,"SpeedY":1000,"SpeedXHand":200,"SpeedYHand":200,"SpeedZ":1000,"SpeedZHand":200,"XMin":0,"XMax":1000,"YMin":0,"YMax":600,"ZMin":0,"ZMax":500,"ToolLength1":50,"ToolLength2":50,"ToolLength3":50,"HomeX":0,"HomeY":0,"SafetyHeight":50,"ClampForce":100,"SuperviseTimePunching":0,"RunningTimeBeltWorkpiece":0,"RunningTimeBeltRest":0,"WaitingTimeClosingGrippers":0,"WaitingTimeOpenGrippers":0,"WaitingTimeClosingClamping":0,"WaitingTimeOpenClamping":0,"PartDropOffPosition":0,"GrabPositionGripper":0,"ChangeoverPositionPunching":0,"ChangeoverPositionCutting":0,"OffsetSideStop":0,"ZeroPointTool4":0,"ChangePositionTool4":0,"XAxisAcceleration":0,"XAxisUnblockY":0,"YAxisAcceleration":0,"YAxisUnblockXRight":0,"YAxisUnblockXLeft":0,"YAxisSideStop":0,"ZAxisAcceleration":0}
[2026-03-31 23:26:03] LoadFromSettings finished property assignment
[2026-03-31 23:26:03] LoadFromSettings completed
[2026-03-31 23:29:24] SettingsViewModel constructor start
[2026-03-31 23:29:24] Calling LoadFromSettings
[2026-03-31 23:29:24] LoadFromSettings called with: {"SpeedX":1000,"SpeedY":1000,"SpeedXHand":200,"SpeedYHand":200,"SpeedZ":1000,"SpeedZHand":200,"XMin":0,"XMax":1000,"YMin":0,"YMax":600,"ZMin":0,"ZMax":500,"ToolLength1":50,"ToolLength2":50,"ToolLength3":50,"HomeX":0,"HomeY":0,"SafetyHeight":50,"ClampForce":100,"SuperviseTimePunching":0,"RunningTimeBeltWorkpiece":0,"RunningTimeBeltRest":0,"WaitingTimeClosingGrippers":0,"WaitingTimeOpenGrippers":0,"WaitingTimeClosingClamping":0,"WaitingTimeOpenClamping":0,"PartDropOffPosition":0,"GrabPositionGripper":0,"ChangeoverPositionPunching":0,"ChangeoverPositionCutting":0,"OffsetSideStop":0,"ZeroPointTool4":0,"ChangePositionTool4":0,"XAxisAcceleration":0,"XAxisUnblockY":0,"YAxisAcceleration":0,"YAxisUnblockXRight":0,"YAxisUnblockXLeft":0,"YAxisSideStop":0,"ZAxisAcceleration":0}
[2026-03-31 23:29:24] LoadFromSettings finished property assignment
[2026-03-31 23:29:24] LoadFromSettings completed
[2026-03-31 23:33:34] SettingsViewModel constructor start
[2026-03-31 23:33:34] Calling LoadFromSettings
[2026-03-31 23:33:34] LoadFromSettings called with: {"SpeedX":1000,"SpeedY":1000,"SpeedXHand":200,"SpeedYHand":200,"SpeedZ":1000,"SpeedZHand":200,"XMin":0,"XMax":1000,"YMin":0,"YMax":600,"ZMin":0,"ZMax":500,"ToolLength1":50,"ToolLength2":50,"ToolLength3":50,"HomeX":0,"HomeY":0,"SafetyHeight":50,"ClampForce":100,"SuperviseTimePunching":0,"RunningTimeBeltWorkpiece":0,"RunningTimeBeltRest":0,"WaitingTimeClosingGrippers":0,"WaitingTimeOpenGrippers":0,"WaitingTimeClosingClamping":0,"WaitingTimeOpenClamping":0,"PartDropOffPosition":0,"GrabPositionGripper":0,"ChangeoverPositionPunching":0,"ChangeoverPositionCutting":0,"OffsetSideStop":0,"ZeroPointTool4":0,"ChangePositionTool4":0,"XAxisAcceleration":0,"XAxisUnblockY":0,"YAxisAcceleration":0,"YAxisUnblockXRight":0,"YAxisUnblockXLeft":0,"YAxisSideStop":0,"ZAxisAcceleration":0}
[2026-03-31 23:33:34] LoadFromSettings finished property assignment
[2026-03-31 23:33:34] LoadFromSettings completed
[2026-03-31 23:40:27] SettingsViewModel constructor start
[2026-03-31 23:40:27] Calling LoadFromSettings
[2026-03-31 23:40:27] LoadFromSettings called with: {"SpeedX":1000,"SpeedY":1000,"SpeedXHand":200,"SpeedYHand":200,"SpeedZ":1000,"SpeedZHand":200,"XMin":0,"XMax":1000,"YMin":0,"YMax":600,"ZMin":0,"ZMax":500,"ToolLength1":50,"ToolLength2":50,"ToolLength3":50,"HomeX":0,"HomeY":0,"SafetyHeight":50,"ClampForce":100,"SuperviseTimePunching":0,"RunningTimeBeltWorkpiece":0,"RunningTimeBeltRest":0,"WaitingTimeClosingGrippers":0,"WaitingTimeOpenGrippers":0,"WaitingTimeClosingClamping":0,"WaitingTimeOpenClamping":0,"PartDropOffPosition":0,"GrabPositionGripper":0,"ChangeoverPositionPunching":0,"ChangeoverPositionCutting":0,"OffsetSideStop":0,"ZeroPointTool4":0,"ChangePositionTool4":0,"XAxisAcceleration":0,"XAxisUnblockY":0,"YAxisAcceleration":0,"YAxisUnblockXRight":0,"YAxisUnblockXLeft":0,"YAxisSideStop":0,"ZAxisAcceleration":0}
[2026-03-31 23:40:27] LoadFromSettings finished property assignment
[2026-03-31 23:40:27] LoadFromSettings completed
[2026-03-31 23:44:02] SettingsViewModel constructor start
[2026-03-31 23:44:02] Calling LoadFromSettings
[2026-03-31 23:44:02] LoadFromSettings called with: {"SpeedX":1000,"SpeedY":1000,"SpeedXHand":200,"SpeedYHand":200,"SpeedZ":1000,"SpeedZHand":200,"XMin":0,"XMax":1000,"YMin":0,"YMax":600,"ZMin":0,"ZMax":500,"ToolLength1":50,"ToolLength2":50,"ToolLength3":50,"HomeX":0,"HomeY":0,"SafetyHeight":50,"ClampForce":100,"SuperviseTimePunching":0,"RunningTimeBeltWorkpiece":0,"RunningTimeBeltRest":0,"WaitingTimeClosingGrippers":0,"WaitingTimeOpenGrippers":0,"WaitingTimeClosingClamping":0,"WaitingTimeOpenClamping":0,"PartDropOffPosition":0,"GrabPositionGripper":0,"ChangeoverPositionPunching":0,"ChangeoverPositionCutting":0,"OffsetSideStop":0,"ZeroPointTool4":0,"ChangePositionTool4":0,"XAxisAcceleration":0,"XAxisUnblockY":0,"YAxisAcceleration":0,"YAxisUnblockXRight":0,"YAxisUnblockXLeft":0,"YAxisSideStop":0,"ZAxisAcceleration":0}
[2026-03-31 23:44:02] LoadFromSettings finished property assignment
[2026-03-31 23:44:02] LoadFromSettings completed
[2026-04-01 00:00:47] SettingsViewModel constructor start
[2026-04-01 00:00:47] Calling LoadFromSettings
[2026-04-01 00:00:47] LoadFromSettings called with: {"SpeedX":1000,"SpeedY":1000,"SpeedXHand":200,"SpeedYHand":200,"SpeedZ":1000,"SpeedZHand":200,"XMin":0,"XMax":1000,"YMin":0,"YMax":600,"ZMin":0,"ZMax":500,"ToolLength1":50,"ToolLength2":50,"ToolLength3":50,"HomeX":0,"HomeY":0,"SafetyHeight":50,"ClampForce":100,"SuperviseTimePunching":0,"RunningTimeBeltWorkpiece":0,"RunningTimeBeltRest":0,"WaitingTimeClosingGrippers":0,"WaitingTimeOpenGrippers":0,"WaitingTimeClosingClamping":0,"WaitingTimeOpenClamping":0,"PartDropOffPosition":0,"GrabPositionGripper":0,"ChangeoverPositionPunching":0,"ChangeoverPositionCutting":0,"OffsetSideStop":0,"ZeroPointTool4":0,"ChangePositionTool4":0,"XAxisAcceleration":0,"XAxisUnblockY":0,"YAxisAcceleration":0,"YAxisUnblockXRight":0,"YAxisUnblockXLeft":0,"YAxisSideStop":0,"ZAxisAcceleration":0}
[2026-04-01 00:00:47] LoadFromSettings finished property assignment
[2026-04-01 00:00:47] LoadFromSettings completed
[2026-04-01 00:02:56] SettingsViewModel constructor start
[2026-04-01 00:02:56] Calling LoadFromSettings
[2026-04-01 00:02:56] LoadFromSettings called with: {"SpeedX":1000,"SpeedY":1000,"SpeedXHand":200,"SpeedYHand":200,"SpeedZ":1000,"SpeedZHand":200,"XMin":0,"XMax":1000,"YMin":0,"YMax":600,"ZMin":0,"ZMax":500,"ToolLength1":50,"ToolLength2":50,"ToolLength3":50,"HomeX":0,"HomeY":0,"SafetyHeight":50,"ClampForce":100,"SuperviseTimePunching":0,"RunningTimeBeltWorkpiece":0,"RunningTimeBeltRest":0,"WaitingTimeClosingGrippers":0,"WaitingTimeOpenGrippers":0,"WaitingTimeClosingClamping":0,"WaitingTimeOpenClamping":0,"PartDropOffPosition":0,"GrabPositionGripper":0,"ChangeoverPositionPunching":0,"ChangeoverPositionCutting":0,"OffsetSideStop":0,"ZeroPointTool4":0,"ChangePositionTool4":0,"XAxisAcceleration":0,"XAxisUnblockY":0,"YAxisAcceleration":0,"YAxisUnblockXRight":0,"YAxisUnblockXLeft":0,"YAxisSideStop":0,"ZAxisAcceleration":0}
[2026-04-01 00:02:56] LoadFromSettings finished property assignment
[2026-04-01 00:02:56] LoadFromSettings completed
[2026-04-01 00:04:57] SettingsViewModel constructor start
[2026-04-01 00:04:57] Calling LoadFromSettings
[2026-04-01 00:04:57] LoadFromSettings called with: {"SpeedX":1000,"SpeedY":1000,"SpeedXHand":200,"SpeedYHand":200,"SpeedZ":1000,"SpeedZHand":200,"XMin":0,"XMax":1000,"YMin":0,"YMax":600,"ZMin":0,"ZMax":500,"ToolLength1":50,"ToolLength2":50,"ToolLength3":50,"HomeX":0,"HomeY":0,"SafetyHeight":50,"ClampForce":100,"SuperviseTimePunching":0,"RunningTimeBeltWorkpiece":0,"RunningTimeBeltRest":0,"WaitingTimeClosingGrippers":0,"WaitingTimeOpenGrippers":0,"WaitingTimeClosingClamping":0,"WaitingTimeOpenClamping":0,"PartDropOffPosition":0,"GrabPositionGripper":0,"ChangeoverPositionPunching":0,"ChangeoverPositionCutting":0,"OffsetSideStop":0,"ZeroPointTool4":0,"ChangePositionTool4":0,"XAxisAcceleration":0,"XAxisUnblockY":0,"YAxisAcceleration":0,"YAxisUnblockXRight":0,"YAxisUnblockXLeft":0,"YAxisSideStop":0,"ZAxisAcceleration":0}
[2026-04-01 00:04:57] LoadFromSettings finished property assignment
[2026-04-01 00:04:57] LoadFromSettings completed
[2026-04-01 00:07:52] SettingsViewModel constructor start
[2026-04-01 00:07:52] Calling LoadFromSettings
[2026-04-01 00:07:52] LoadFromSettings called with: {"SpeedX":1000,"SpeedY":1000,"SpeedXHand":200,"SpeedYHand":200,"SpeedZ":1000,"SpeedZHand":200,"XMin":0,"XMax":1000,"YMin":0,"YMax":600,"ZMin":0,"ZMax":500,"ToolLength1":50,"ToolLength2":50,"ToolLength3":50,"HomeX":0,"HomeY":0,"SafetyHeight":50,"ClampForce":100,"SuperviseTimePunching":0,"RunningTimeBeltWorkpiece":0,"RunningTimeBeltRest":0,"WaitingTimeClosingGrippers":0,"WaitingTimeOpenGrippers":0,"WaitingTimeClosingClamping":0,"WaitingTimeOpenClamping":0,"PartDropOffPosition":0,"GrabPositionGripper":0,"ChangeoverPositionPunching":0,"ChangeoverPositionCutting":0,"OffsetSideStop":0,"ZeroPointTool4":0,"ChangePositionTool4":0,"XAxisAcceleration":0,"XAxisUnblockY":0,"YAxisAcceleration":0,"YAxisUnblockXRight":0,"YAxisUnblockXLeft":0,"YAxisSideStop":0,"ZAxisAcceleration":0}
[2026-04-01 00:07:52] LoadFromSettings finished property assignment
[2026-04-01 00:07:52] LoadFromSettings completed
[2026-04-01 00:48:32] SettingsViewModel constructor start
[2026-04-01 00:48:32] Calling LoadFromSettings
[2026-04-01 00:48:32] LoadFromSettings called with: {"SpeedX":1000,"SpeedY":1000,"SpeedXHand":200,"SpeedYHand":200,"SpeedZ":1000,"SpeedZHand":200,"XMin":0,"XMax":1000,"YMin":0,"YMax":600,"ZMin":0,"ZMax":500,"ToolLength1":50,"ToolLength2":50,"ToolLength3":50,"HomeX":0,"HomeY":0,"SafetyHeight":50,"ClampForce":100,"SuperviseTimePunching":0,"RunningTimeBeltWorkpiece":0,"RunningTimeBeltRest":0,"WaitingTimeClosingGrippers":0,"WaitingTimeOpenGrippers":0,"WaitingTimeClosingClamping":0,"WaitingTimeOpenClamping":0,"PartDropOffPosition":0,"GrabPositionGripper":0,"ChangeoverPositionPunching":0,"ChangeoverPositionCutting":0,"OffsetSideStop":0,"ZeroPointTool4":0,"ChangePositionTool4":0,"XAxisAcceleration":0,"XAxisUnblockY":0,"YAxisAcceleration":0,"YAxisUnblockXRight":0,"YAxisUnblockXLeft":0,"YAxisSideStop":0,"ZAxisAcceleration":0}
[2026-04-01 00:48:32] LoadFromSettings finished property assignment
[2026-04-01 00:48:32] LoadFromSettings completed
[2026-04-01 00:51:12] SettingsViewModel constructor start
[2026-04-01 00:51:12] Calling LoadFromSettings
[2026-04-01 00:51:12] LoadFromSettings called with: {"SpeedX":1000,"SpeedY":1000,"SpeedXHand":200,"SpeedYHand":200,"SpeedZ":1000,"SpeedZHand":200,"XMin":0,"XMax":1000,"YMin":0,"YMax":600,"ZMin":0,"ZMax":500,"ToolLength1":50,"ToolLength2":50,"ToolLength3":50,"HomeX":0,"HomeY":0,"SafetyHeight":50,"ClampForce":100,"SuperviseTimePunching":0,"RunningTimeBeltWorkpiece":0,"RunningTimeBeltRest":0,"WaitingTimeClosingGrippers":0,"WaitingTimeOpenGrippers":0,"WaitingTimeClosingClamping":0,"WaitingTimeOpenClamping":0,"PartDropOffPosition":0,"GrabPositionGripper":0,"ChangeoverPositionPunching":0,"ChangeoverPositionCutting":0,"OffsetSideStop":0,"ZeroPointTool4":0,"ChangePositionTool4":0,"XAxisAcceleration":0,"XAxisUnblockY":0,"YAxisAcceleration":0,"YAxisUnblockXRight":0,"YAxisUnblockXLeft":0,"YAxisSideStop":0,"ZAxisAcceleration":0}
[2026-04-01 00:51:12] LoadFromSettings finished property assignment
[2026-04-01 00:51:12] LoadFromSettings completed
[2026-04-01 00:53:04] SettingsViewModel constructor start
[2026-04-01 00:53:04] Calling LoadFromSettings
[2026-04-01 00:53:04] LoadFromSettings called with: {"SpeedX":1000,"SpeedY":1000,"SpeedXHand":200,"SpeedYHand":200,"SpeedZ":1000,"SpeedZHand":200,"XMin":0,"XMax":1000,"YMin":0,"YMax":600,"ZMin":0,"ZMax":500,"ToolLength1":50,"ToolLength2":50,"ToolLength3":50,"HomeX":0,"HomeY":0,"SafetyHeight":50,"ClampForce":100,"SuperviseTimePunching":0,"RunningTimeBeltWorkpiece":0,"RunningTimeBeltRest":0,"WaitingTimeClosingGrippers":0,"WaitingTimeOpenGrippers":0,"WaitingTimeClosingClamping":0,"WaitingTimeOpenClamping":0,"PartDropOffPosition":0,"GrabPositionGripper":0,"ChangeoverPositionPunching":0,"ChangeoverPositionCutting":0,"OffsetSideStop":0,"ZeroPointTool4":0,"ChangePositionTool4":0,"XAxisAcceleration":0,"XAxisUnblockY":0,"YAxisAcceleration":0,"YAxisUnblockXRight":0,"YAxisUnblockXLeft":0,"YAxisSideStop":0,"ZAxisAcceleration":0}
[2026-04-01 00:53:04] LoadFromSettings finished property assignment
[2026-04-01 00:53:04] LoadFromSettings completed
[2026-04-01 00:55:28] SettingsViewModel constructor start
[2026-04-01 00:55:28] Calling LoadFromSettings
[2026-04-01 00:55:28] LoadFromSettings called with: {"SpeedX":1000,"SpeedY":1000,"SpeedXHand":200,"SpeedYHand":200,"SpeedZ":1000,"SpeedZHand":200,"XMin":0,"XMax":1000,"YMin":0,"YMax":600,"ZMin":0,"ZMax":500,"ToolLength1":50,"ToolLength2":50,"ToolLength3":50,"HomeX":0,"HomeY":0,"SafetyHeight":50,"ClampForce":100,"SuperviseTimePunching":0,"RunningTimeBeltWorkpiece":0,"RunningTimeBeltRest":0,"WaitingTimeClosingGrippers":0,"WaitingTimeOpenGrippers":0,"WaitingTimeClosingClamping":0,"WaitingTimeOpenClamping":0,"PartDropOffPosition":0,"GrabPositionGripper":0,"ChangeoverPositionPunching":0,"ChangeoverPositionCutting":0,"OffsetSideStop":0,"ZeroPointTool4":0,"ChangePositionTool4":0,"XAxisAcceleration":0,"XAxisUnblockY":0,"YAxisAcceleration":0,"YAxisUnblockXRight":0,"YAxisUnblockXLeft":0,"YAxisSideStop":0,"ZAxisAcceleration":0}
[2026-04-01 00:55:28] LoadFromSettings finished property assignment
[2026-04-01 00:55:28] LoadFromSettings completed
[2026-04-01 01:05:28] SettingsViewModel constructor start
[2026-04-01 01:05:28] Calling LoadFromSettings
[2026-04-01 01:05:28] LoadFromSettings called with: {"SpeedX":1000,"SpeedY":1000,"SpeedXHand":200,"SpeedYHand":200,"SpeedZ":1000,"SpeedZHand":200,"XMin":0,"XMax":1000,"YMin":0,"YMax":600,"ZMin":0,"ZMax":500,"ToolLength1":50,"ToolLength2":50,"ToolLength3":50,"HomeX":0,"HomeY":0,"SafetyHeight":50,"ClampForce":100,"SuperviseTimePunching":0,"RunningTimeBeltWorkpiece":0,"RunningTimeBeltRest":0,"WaitingTimeClosingGrippers":0,"WaitingTimeOpenGrippers":0,"WaitingTimeClosingClamping":0,"WaitingTimeOpenClamping":0,"PartDropOffPosition":0,"GrabPositionGripper":0,"ChangeoverPositionPunching":0,"ChangeoverPositionCutting":0,"OffsetSideStop":0,"ZeroPointTool4":0,"ChangePositionTool4":0,"XAxisAcceleration":0,"XAxisUnblockY":0,"YAxisAcceleration":0,"YAxisUnblockXRight":0,"YAxisUnblockXLeft":0,"YAxisSideStop":0,"ZAxisAcceleration":0}
[2026-04-01 01:05:28] LoadFromSettings finished property assignment
[2026-04-01 01:05:28] LoadFromSettings completed
[2026-04-03 00:26:32] SettingsViewModel constructor start
[2026-04-03 00:26:32] Calling LoadFromSettings
[2026-04-03 00:26:32] LoadFromSettings called with: {"SpeedX":1000,"SpeedY":1000,"SpeedXHand":200,"SpeedYHand":200,"SpeedZ":1000,"SpeedZHand":200,"XMin":0,"XMax":1000,"YMin":0,"YMax":600,"ZMin":0,"ZMax":500,"ToolLength1":50,"ToolLength2":50,"ToolLength3":50,"HomeX":0,"HomeY":0,"SafetyHeight":50,"ClampForce":100,"SuperviseTimePunching":0,"RunningTimeBeltWorkpiece":0,"RunningTimeBeltRest":0,"WaitingTimeClosingGrippers":0,"WaitingTimeOpenGrippers":0,"WaitingTimeClosingClamping":0,"WaitingTimeOpenClamping":0,"PartDropOffPosition":0,"GrabPositionGripper":0,"ChangeoverPositionPunching":0,"ChangeoverPositionCutting":0,"OffsetSideStop":0,"ZeroPointTool4":0,"ChangePositionTool4":0,"XAxisAcceleration":0,"XAxisUnblockY":0,"YAxisAcceleration":0,"YAxisUnblockXRight":0,"YAxisUnblockXLeft":0,"YAxisSideStop":0,"ZAxisAcceleration":0}
[2026-04-03 00:26:32] LoadFromSettings finished property assignment
[2026-04-03 00:26:32] LoadFromSettings completed
[2026-04-03 00:29:59] SettingsViewModel constructor start
[2026-04-03 00:29:59] Calling LoadFromSettings
[2026-04-03 00:29:59] LoadFromSettings called with: {"SpeedX":1000,"SpeedY":1000,"SpeedXHand":200,"SpeedYHand":200,"SpeedZ":1000,"SpeedZHand":200,"XMin":0,"XMax":1000,"YMin":0,"YMax":600,"ZMin":0,"ZMax":500,"ToolLength1":50,"ToolLength2":50,"ToolLength3":50,"HomeX":0,"HomeY":0,"SafetyHeight":50,"ClampForce":100,"SuperviseTimePunching":0,"RunningTimeBeltWorkpiece":0,"RunningTimeBeltRest":0,"WaitingTimeClosingGrippers":0,"WaitingTimeOpenGrippers":0,"WaitingTimeClosingClamping":0,"WaitingTimeOpenClamping":0,"PartDropOffPosition":0,"GrabPositionGripper":0,"ChangeoverPositionPunching":0,"ChangeoverPositionCutting":0,"OffsetSideStop":0,"ZeroPointTool4":0,"ChangePositionTool4":0,"XAxisAcceleration":0,"XAxisUnblockY":0,"YAxisAcceleration":0,"YAxisUnblockXRight":0,"YAxisUnblockXLeft":0,"YAxisSideStop":0,"ZAxisAcceleration":0}
[2026-04-03 00:29:59] LoadFromSettings finished property assignment
[2026-04-03 00:29:59] LoadFromSettings completed
[2026-04-03 00:54:58] SettingsViewModel constructor start
[2026-04-03 00:54:58] Calling LoadFromSettings
[2026-04-03 00:54:58] LoadFromSettings called with: {"SpeedX":1000,"SpeedY":1000,"SpeedXHand":200,"SpeedYHand":200,"SpeedZ":1000,"SpeedZHand":200,"XMin":0,"XMax":1000,"YMin":0,"YMax":600,"ZMin":0,"ZMax":500,"ToolLength1":50,"ToolLength2":50,"ToolLength3":50,"HomeX":0,"HomeY":0,"SafetyHeight":50,"ClampForce":100,"SuperviseTimePunching":0,"RunningTimeBeltWorkpiece":0,"RunningTimeBeltRest":0,"WaitingTimeClosingGrippers":0,"WaitingTimeOpenGrippers":0,"WaitingTimeClosingClamping":0,"WaitingTimeOpenClamping":0,"PartDropOffPosition":0,"GrabPositionGripper":0,"ChangeoverPositionPunching":0,"ChangeoverPositionCutting":0,"OffsetSideStop":0,"ZeroPointTool4":0,"ChangePositionTool4":0,"XAxisAcceleration":0,"XAxisUnblockY":0,"YAxisAcceleration":0,"YAxisUnblockXRight":0,"YAxisUnblockXLeft":0,"YAxisSideStop":0,"ZAxisAcceleration":0}
[2026-04-03 00:54:58] LoadFromSettings finished property assignment
[2026-04-03 00:54:58] LoadFromSettings completed
[2026-04-03 01:01:59] SettingsViewModel constructor start
[2026-04-03 01:01:59] Calling LoadFromSettings
[2026-04-03 01:01:59] LoadFromSettings called with: {"SpeedX":1000,"SpeedY":1000,"SpeedXHand":200,"SpeedYHand":200,"SpeedZ":1000,"SpeedZHand":200,"XMin":0,"XMax":1000,"YMin":0,"YMax":600,"ZMin":0,"ZMax":500,"ToolLength1":50,"ToolLength2":50,"ToolLength3":50,"HomeX":0,"HomeY":0,"SafetyHeight":50,"ClampForce":100,"SuperviseTimePunching":0,"RunningTimeBeltWorkpiece":0,"RunningTimeBeltRest":0,"WaitingTimeClosingGrippers":0,"WaitingTimeOpenGrippers":0,"WaitingTimeClosingClamping":0,"WaitingTimeOpenClamping":0,"PartDropOffPosition":0,"GrabPositionGripper":0,"ChangeoverPositionPunching":0,"ChangeoverPositionCutting":0,"OffsetSideStop":0,"ZeroPointTool4":0,"ChangePositionTool4":0,"XAxisAcceleration":0,"XAxisUnblockY":0,"YAxisAcceleration":0,"YAxisUnblockXRight":0,"YAxisUnblockXLeft":0,"YAxisSideStop":0,"ZAxisAcceleration":0}
[2026-04-03 01:01:59] LoadFromSettings finished property assignment
[2026-04-03 01:01:59] LoadFromSettings completed
[2026-04-03 01:02:52] LoadFromSettings called with: {"SpeedX":1000,"SpeedY":1000,"SpeedXHand":200,"SpeedYHand":200,"SpeedZ":1000,"SpeedZHand":200,"XMin":0,"XMax":1000,"YMin":0,"YMax":600,"ZMin":0,"ZMax":500,"ToolLength1":50,"ToolLength2":50,"ToolLength3":50,"HomeX":0,"HomeY":0,"SafetyHeight":50,"ClampForce":100,"SuperviseTimePunching":0,"RunningTimeBeltWorkpiece":0,"RunningTimeBeltRest":0,"WaitingTimeClosingGrippers":0,"WaitingTimeOpenGrippers":0,"WaitingTimeClosingClamping":0,"WaitingTimeOpenClamping":0,"PartDropOffPosition":0,"GrabPositionGripper":0,"ChangeoverPositionPunching":0,"ChangeoverPositionCutting":0,"OffsetSideStop":0,"ZeroPointTool4":0,"ChangePositionTool4":0,"XAxisAcceleration":0,"XAxisUnblockY":0,"YAxisAcceleration":0,"YAxisUnblockXRight":0,"YAxisUnblockXLeft":0,"YAxisSideStop":0,"ZAxisAcceleration":0}
[2026-04-03 01:02:52] LoadFromSettings finished property assignment
[2026-04-03 01:08:07] SettingsViewModel constructor start
[2026-04-03 01:08:07] Calling LoadFromSettings
[2026-04-03 01:08:07] LoadFromSettings called with: {"SpeedX":1000,"SpeedY":1000,"SpeedXHand":200,"SpeedYHand":200,"SpeedZ":1000,"SpeedZHand":200,"XMin":0,"XMax":1000,"YMin":0,"YMax":600,"ZMin":0,"ZMax":500,"ToolLength1":50,"ToolLength2":50,"ToolLength3":50,"HomeX":0,"HomeY":0,"SafetyHeight":50,"ClampForce":100,"SuperviseTimePunching":0,"RunningTimeBeltWorkpiece":0,"RunningTimeBeltRest":0,"WaitingTimeClosingGrippers":0,"WaitingTimeOpenGrippers":0,"WaitingTimeClosingClamping":0,"WaitingTimeOpenClamping":0,"PartDropOffPosition":0,"GrabPositionGripper":0,"ChangeoverPositionPunching":0,"ChangeoverPositionCutting":0,"OffsetSideStop":0,"ZeroPointTool4":0,"ChangePositionTool4":0,"XAxisAcceleration":0,"XAxisUnblockY":0,"YAxisAcceleration":0,"YAxisUnblockXRight":0,"YAxisUnblockXLeft":0,"YAxisSideStop":0,"ZAxisAcceleration":0}
[2026-04-03 01:08:07] LoadFromSettings finished property assignment
[2026-04-03 01:08:07] LoadFromSettings completed
[2026-04-03 01:11:29] SettingsViewModel constructor start
[2026-04-03 01:11:29] Calling LoadFromSettings
[2026-04-03 01:11:29] LoadFromSettings called with: {"SpeedX":1000,"SpeedY":1000,"SpeedXHand":200,"SpeedYHand":200,"SpeedZ":1000,"SpeedZHand":200,"XMin":0,"XMax":1000,"YMin":0,"YMax":600,"ZMin":0,"ZMax":500,"ToolLength1":50,"ToolLength2":50,"ToolLength3":50,"HomeX":0,"HomeY":0,"SafetyHeight":50,"ClampForce":100,"SuperviseTimePunching":0,"RunningTimeBeltWorkpiece":0,"RunningTimeBeltRest":0,"WaitingTimeClosingGrippers":0,"WaitingTimeOpenGrippers":0,"WaitingTimeClosingClamping":0,"WaitingTimeOpenClamping":0,"PartDropOffPosition":0,"GrabPositionGripper":0,"ChangeoverPositionPunching":0,"ChangeoverPositionCutting":0,"OffsetSideStop":0,"ZeroPointTool4":0,"ChangePositionTool4":0,"XAxisAcceleration":0,"XAxisUnblockY":0,"YAxisAcceleration":0,"YAxisUnblockXRight":0,"YAxisUnblockXLeft":0,"YAxisSideStop":0,"ZAxisAcceleration":0}
[2026-04-03 01:11:29] LoadFromSettings finished property assignment
[2026-04-03 01:11:29] LoadFromSettings completed
[2026-04-03 01:13:42] SettingsViewModel constructor start
[2026-04-03 01:13:42] Calling LoadFromSettings
[2026-04-03 01:13:42] LoadFromSettings called with: {"SpeedX":1000,"SpeedY":1000,"SpeedXHand":200,"SpeedYHand":200,"SpeedZ":1000,"SpeedZHand":200,"XMin":0,"XMax":1000,"YMin":0,"YMax":600,"ZMin":0,"ZMax":500,"ToolLength1":50,"ToolLength2":50,"ToolLength3":50,"HomeX":0,"HomeY":0,"SafetyHeight":50,"ClampForce":100,"SuperviseTimePunching":0,"RunningTimeBeltWorkpiece":0,"RunningTimeBeltRest":0,"WaitingTimeClosingGrippers":0,"WaitingTimeOpenGrippers":0,"WaitingTimeClosingClamping":0,"WaitingTimeOpenClamping":0,"PartDropOffPosition":0,"GrabPositionGripper":0,"ChangeoverPositionPunching":0,"ChangeoverPositionCutting":0,"OffsetSideStop":0,"ZeroPointTool4":0,"ChangePositionTool4":0,"XAxisAcceleration":0,"XAxisUnblockY":0,"YAxisAcceleration":0,"YAxisUnblockXRight":0,"YAxisUnblockXLeft":0,"YAxisSideStop":0,"ZAxisAcceleration":0}
[2026-04-03 01:13:42] LoadFromSettings finished property assignment
[2026-04-03 01:13:42] LoadFromSettings completed
[2026-04-03 01:16:36] SettingsViewModel constructor start
[2026-04-03 01:16:36] Calling LoadFromSettings
[2026-04-03 01:16:36] LoadFromSettings called with: {"SpeedX":1000,"SpeedY":1000,"SpeedXHand":200,"SpeedYHand":200,"SpeedZ":1000,"SpeedZHand":200,"XMin":0,"XMax":1000,"YMin":0,"YMax":600,"ZMin":0,"ZMax":500,"ToolLength1":50,"ToolLength2":50,"ToolLength3":50,"HomeX":0,"HomeY":0,"SafetyHeight":50,"ClampForce":100,"SuperviseTimePunching":0,"RunningTimeBeltWorkpiece":0,"RunningTimeBeltRest":0,"WaitingTimeClosingGrippers":0,"WaitingTimeOpenGrippers":0,"WaitingTimeClosingClamping":0,"WaitingTimeOpenClamping":0,"PartDropOffPosition":0,"GrabPositionGripper":0,"ChangeoverPositionPunching":0,"ChangeoverPositionCutting":0,"OffsetSideStop":0,"ZeroPointTool4":0,"ChangePositionTool4":0,"XAxisAcceleration":0,"XAxisUnblockY":0,"YAxisAcceleration":0,"YAxisUnblockXRight":0,"YAxisUnblockXLeft":0,"YAxisSideStop":0,"ZAxisAcceleration":0}
[2026-04-03 01:16:36] LoadFromSettings finished property assignment
[2026-04-03 01:16:36] LoadFromSettings completed
[2026-04-03 01:47:26] SettingsViewModel constructor start
[2026-04-03 01:47:26] Calling LoadFromSettings
[2026-04-03 01:47:26] LoadFromSettings called with: {"SpeedX":1000,"SpeedY":1000,"SpeedXHand":200,"SpeedYHand":200,"SpeedZ":1000,"SpeedZHand":200,"XMin":0,"XMax":1000,"YMin":0,"YMax":600,"ZMin":0,"ZMax":500,"ToolLength1":50,"ToolLength2":50,"ToolLength3":50,"HomeX":0,"HomeY":0,"SafetyHeight":50,"ClampForce":100,"SuperviseTimePunching":0,"RunningTimeBeltWorkpiece":0,"RunningTimeBeltRest":0,"WaitingTimeClosingGrippers":0,"WaitingTimeOpenGrippers":0,"WaitingTimeClosingClamping":0,"WaitingTimeOpenClamping":0,"PartDropOffPosition":0,"GrabPositionGripper":0,"ChangeoverPositionPunching":0,"ChangeoverPositionCutting":0,"OffsetSideStop":0,"ZeroPointTool4":0,"ChangePositionTool4":0,"XAxisAcceleration":0,"XAxisUnblockY":0,"YAxisAcceleration":0,"YAxisUnblockXRight":0,"YAxisUnblockXLeft":0,"YAxisSideStop":0,"ZAxisAcceleration":0}
[2026-04-03 01:47:26] LoadFromSettings finished property assignment
[2026-04-03 01:47:26] LoadFromSettings completed
[2026-04-03 02:02:27] SettingsViewModel constructor start
[2026-04-03 02:02:27] Calling LoadFromSettings
[2026-04-03 02:02:27] LoadFromSettings called with: {"SpeedX":1000,"SpeedY":1000,"SpeedXHand":200,"SpeedYHand":200,"SpeedZ":1000,"SpeedZHand":200,"XMin":0,"XMax":1000,"YMin":0,"YMax":600,"ZMin":0,"ZMax":500,"ToolLength1":50,"ToolLength2":50,"ToolLength3":50,"HomeX":0,"HomeY":0,"SafetyHeight":50,"ClampForce":100,"SuperviseTimePunching":0,"RunningTimeBeltWorkpiece":0,"RunningTimeBeltRest":0,"WaitingTimeClosingGrippers":0,"WaitingTimeOpenGrippers":0,"WaitingTimeClosingClamping":0,"WaitingTimeOpenClamping":0,"PartDropOffPosition":0,"GrabPositionGripper":0,"ChangeoverPositionPunching":0,"ChangeoverPositionCutting":0,"OffsetSideStop":0,"ZeroPointTool4":0,"ChangePositionTool4":0,"XAxisAcceleration":0,"XAxisUnblockY":0,"YAxisAcceleration":0,"YAxisUnblockXRight":0,"YAxisUnblockXLeft":0,"YAxisSideStop":0,"ZAxisAcceleration":0}
[2026-04-03 02:02:27] LoadFromSettings finished property assignment
[2026-04-03 02:02:27] LoadFromSettings completed
[2026-04-03 02:02:45] SettingsViewModel constructor start
[2026-04-03 02:02:45] Calling LoadFromSettings
[2026-04-03 02:02:46] LoadFromSettings called with: {"SpeedX":1000,"SpeedY":1000,"SpeedXHand":200,"SpeedYHand":200,"SpeedZ":1000,"SpeedZHand":200,"XMin":0,"XMax":1000,"YMin":0,"YMax":600,"ZMin":0,"ZMax":500,"ToolLength1":50,"ToolLength2":50,"ToolLength3":50,"HomeX":0,"HomeY":0,"SafetyHeight":50,"ClampForce":100,"SuperviseTimePunching":0,"RunningTimeBeltWorkpiece":0,"RunningTimeBeltRest":0,"WaitingTimeClosingGrippers":0,"WaitingTimeOpenGrippers":0,"WaitingTimeClosingClamping":0,"WaitingTimeOpenClamping":0,"PartDropOffPosition":0,"GrabPositionGripper":0,"ChangeoverPositionPunching":0,"ChangeoverPositionCutting":0,"OffsetSideStop":0,"ZeroPointTool4":0,"ChangePositionTool4":0,"XAxisAcceleration":0,"XAxisUnblockY":0,"YAxisAcceleration":0,"YAxisUnblockXRight":0,"YAxisUnblockXLeft":0,"YAxisSideStop":0,"ZAxisAcceleration":0}
[2026-04-03 02:02:46] LoadFromSettings finished property assignment
[2026-04-03 02:02:46] LoadFromSettings completed
[2026-04-03 02:16:09] SettingsViewModel constructor start
[2026-04-03 02:16:09] Calling LoadFromSettings
[2026-04-03 02:16:09] LoadFromSettings called with: {"SpeedX":1000,"SpeedY":1000,"SpeedXHand":200,"SpeedYHand":200,"SpeedZ":1000,"SpeedZHand":200,"XMin":0,"XMax":1000,"YMin":0,"YMax":600,"ZMin":0,"ZMax":500,"ToolLength1":50,"ToolLength2":50,"ToolLength3":50,"HomeX":0,"HomeY":0,"SafetyHeight":50,"ClampForce":100,"SuperviseTimePunching":0,"RunningTimeBeltWorkpiece":0,"RunningTimeBeltRest":0,"WaitingTimeClosingGrippers":0,"WaitingTimeOpenGrippers":0,"WaitingTimeClosingClamping":0,"WaitingTimeOpenClamping":0,"PartDropOffPosition":0,"GrabPositionGripper":0,"ChangeoverPositionPunching":0,"ChangeoverPositionCutting":0,"OffsetSideStop":0,"ZeroPointTool4":0,"ChangePositionTool4":0,"XAxisAcceleration":0,"XAxisUnblockY":0,"YAxisAcceleration":0,"YAxisUnblockXRight":0,"YAxisUnblockXLeft":0,"YAxisSideStop":0,"ZAxisAcceleration":0}
[2026-04-03 02:16:09] LoadFromSettings finished property assignment
[2026-04-03 02:16:09] LoadFromSettings completed
[2026-04-03 02:16:45] SettingsViewModel constructor start
[2026-04-03 02:16:45] Calling LoadFromSettings
[2026-04-03 02:16:45] LoadFromSettings called with: {"SpeedX":1000,"SpeedY":1000,"SpeedXHand":200,"SpeedYHand":200,"SpeedZ":1000,"SpeedZHand":200,"XMin":0,"XMax":1000,"YMin":0,"YMax":600,"ZMin":0,"ZMax":500,"ToolLength1":50,"ToolLength2":50,"ToolLength3":50,"HomeX":0,"HomeY":0,"SafetyHeight":50,"ClampForce":100,"SuperviseTimePunching":0,"RunningTimeBeltWorkpiece":0,"RunningTimeBeltRest":0,"WaitingTimeClosingGrippers":0,"WaitingTimeOpenGrippers":0,"WaitingTimeClosingClamping":0,"WaitingTimeOpenClamping":0,"PartDropOffPosition":0,"GrabPositionGripper":0,"ChangeoverPositionPunching":0,"ChangeoverPositionCutting":0,"OffsetSideStop":0,"ZeroPointTool4":0,"ChangePositionTool4":0,"XAxisAcceleration":0,"XAxisUnblockY":0,"YAxisAcceleration":0,"YAxisUnblockXRight":0,"YAxisUnblockXLeft":0,"YAxisSideStop":0,"ZAxisAcceleration":0}
[2026-04-03 02:16:45] LoadFromSettings finished property assignment
[2026-04-03 02:16:45] LoadFromSettings completed
[2026-04-03 02:17:11] SettingsViewModel constructor start
[2026-04-03 02:17:11] Calling LoadFromSettings
[2026-04-03 02:17:11] LoadFromSettings called with: {"SpeedX":1000,"SpeedY":1000,"SpeedXHand":200,"SpeedYHand":200,"SpeedZ":1000,"SpeedZHand":200,"XMin":0,"XMax":1000,"YMin":0,"YMax":600,"ZMin":0,"ZMax":500,"ToolLength1":50,"ToolLength2":50,"ToolLength3":50,"HomeX":0,"HomeY":0,"SafetyHeight":50,"ClampForce":100,"SuperviseTimePunching":0,"RunningTimeBeltWorkpiece":0,"RunningTimeBeltRest":0,"WaitingTimeClosingGrippers":0,"WaitingTimeOpenGrippers":0,"WaitingTimeClosingClamping":0,"WaitingTimeOpenClamping":0,"PartDropOffPosition":0,"GrabPositionGripper":0,"ChangeoverPositionPunching":0,"ChangeoverPositionCutting":0,"OffsetSideStop":0,"ZeroPointTool4":0,"ChangePositionTool4":0,"XAxisAcceleration":0,"XAxisUnblockY":0,"YAxisAcceleration":0,"YAxisUnblockXRight":0,"YAxisUnblockXLeft":0,"YAxisSideStop":0,"ZAxisAcceleration":0}
[2026-04-03 02:17:11] LoadFromSettings finished property assignment
[2026-04-03 02:17:11] LoadFromSettings completed
[2026-04-03 02:17:19] SettingsViewModel constructor start
[2026-04-03 02:17:19] Calling LoadFromSettings
[2026-04-03 02:17:19] LoadFromSettings called with: {"SpeedX":1000,"SpeedY":1000,"SpeedXHand":200,"SpeedYHand":200,"SpeedZ":1000,"SpeedZHand":200,"XMin":0,"XMax":1000,"YMin":0,"YMax":600,"ZMin":0,"ZMax":500,"ToolLength1":50,"ToolLength2":50,"ToolLength3":50,"HomeX":0,"HomeY":0,"SafetyHeight":50,"ClampForce":100,"SuperviseTimePunching":0,"RunningTimeBeltWorkpiece":0,"RunningTimeBeltRest":0,"WaitingTimeClosingGrippers":0,"WaitingTimeOpenGrippers":0,"WaitingTimeClosingClamping":0,"WaitingTimeOpenClamping":0,"PartDropOffPosition":0,"GrabPositionGripper":0,"ChangeoverPositionPunching":0,"ChangeoverPositionCutting":0,"OffsetSideStop":0,"ZeroPointTool4":0,"ChangePositionTool4":0,"XAxisAcceleration":0,"XAxisUnblockY":0,"YAxisAcceleration":0,"YAxisUnblockXRight":0,"YAxisUnblockXLeft":0,"YAxisSideStop":0,"ZAxisAcceleration":0}
[2026-04-03 02:17:19] LoadFromSettings finished property assignment
[2026-04-03 02:17:19] LoadFromSettings completed
[2026-04-03 02:17:35] SettingsViewModel constructor start
[2026-04-03 02:17:35] Calling LoadFromSettings
[2026-04-03 02:17:35] LoadFromSettings called with: {"SpeedX":1000,"SpeedY":1000,"SpeedXHand":200,"SpeedYHand":200,"SpeedZ":1000,"SpeedZHand":200,"XMin":0,"XMax":1000,"YMin":0,"YMax":600,"ZMin":0,"ZMax":500,"ToolLength1":50,"ToolLength2":50,"ToolLength3":50,"HomeX":0,"HomeY":0,"SafetyHeight":50,"ClampForce":100,"SuperviseTimePunching":0,"RunningTimeBeltWorkpiece":0,"RunningTimeBeltRest":0,"WaitingTimeClosingGrippers":0,"WaitingTimeOpenGrippers":0,"WaitingTimeClosingClamping":0,"WaitingTimeOpenClamping":0,"PartDropOffPosition":0,"GrabPositionGripper":0,"ChangeoverPositionPunching":0,"ChangeoverPositionCutting":0,"OffsetSideStop":0,"ZeroPointTool4":0,"ChangePositionTool4":0,"XAxisAcceleration":0,"XAxisUnblockY":0,"YAxisAcceleration":0,"YAxisUnblockXRight":0,"YAxisUnblockXLeft":0,"YAxisSideStop":0,"ZAxisAcceleration":0}
[2026-04-03 02:17:35] LoadFromSettings finished property assignment
[2026-04-03 02:17:35] LoadFromSettings completed
[2026-05-01 12:42:11] SettingsViewModel constructor start
[2026-05-01 12:42:11] Calling LoadFromSettings
[2026-05-01 12:42:11] LoadFromSettings called with: {"SpeedX":1000,"SpeedY":1000,"SpeedXHand":200,"SpeedYHand":200,"SpeedZ":1000,"SpeedZHand":200,"XMin":0,"XMax":1000,"YMin":0,"YMax":600,"ZMin":0,"ZMax":500,"ToolLength1":50,"ToolLength2":50,"ToolLength3":50,"HomeX":0,"HomeY":0,"SafetyHeight":50,"ClampForce":100,"SuperviseTimePunching":0,"RunningTimeBeltWorkpiece":0,"RunningTimeBeltRest":0,"WaitingTimeClosingGrippers":0,"WaitingTimeOpenGrippers":0,"WaitingTimeClosingClamping":0,"WaitingTimeOpenClamping":0,"PartDropOffPosition":0,"GrabPositionGripper":0,"ChangeoverPositionPunching":0,"ChangeoverPositionCutting":0,"OffsetSideStop":0,"ZeroPointTool4":0,"ChangePositionTool4":0,"XAxisAcceleration":0,"XAxisUnblockY":0,"YAxisAcceleration":0,"YAxisUnblockXRight":0,"YAxisUnblockXLeft":0,"YAxisSideStop":0,"ZAxisAcceleration":0}
[2026-05-01 12:42:11] LoadFromSettings finished property assignment
[2026-05-01 12:42:11] LoadFromSettings completed
[2026-05-01 13:42:12] SettingsViewModel constructor start
[2026-05-01 13:42:12] Calling LoadFromSettings
[2026-05-01 13:42:12] LoadFromSettings called with: {"SpeedX":1000,"SpeedY":1000,"SpeedXHand":200,"SpeedYHand":200,"SpeedZ":1000,"SpeedZHand":200,"XMin":0,"XMax":1000,"YMin":0,"YMax":600,"ZMin":0,"ZMax":500,"ToolLength1":50,"ToolLength2":50,"ToolLength3":50,"HomeX":0,"HomeY":0,"SafetyHeight":50,"ClampForce":100,"SuperviseTimePunching":0,"RunningTimeBeltWorkpiece":0,"RunningTimeBeltRest":0,"WaitingTimeClosingGrippers":0,"WaitingTimeOpenGrippers":0,"WaitingTimeClosingClamping":0,"WaitingTimeOpenClamping":0,"PartDropOffPosition":0,"GrabPositionGripper":0,"ChangeoverPositionPunching":0,"ChangeoverPositionCutting":0,"OffsetSideStop":0,"ZeroPointTool4":0,"ChangePositionTool4":0,"XAxisAcceleration":0,"XAxisUnblockY":0,"YAxisAcceleration":0,"YAxisUnblockXRight":0,"YAxisUnblockXLeft":0,"YAxisSideStop":0,"ZAxisAcceleration":0}
[2026-05-01 13:42:12] LoadFromSettings finished property assignment
[2026-05-01 13:42:12] LoadFromSettings completed
[2026-05-01 16:16:49] SettingsViewModel constructor start
[2026-05-01 16:16:49] Calling LoadFromSettings
[2026-05-01 16:16:49] LoadFromSettings called with: {"SpeedX":1000,"SpeedY":1000,"SpeedXHand":200,"SpeedYHand":200,"SpeedZ":1000,"SpeedZHand":200,"XMin":0,"XMax":1000,"YMin":0,"YMax":600,"ZMin":0,"ZMax":500,"ToolLength1":50,"ToolLength2":50,"ToolLength3":50,"HomeX":0,"HomeY":0,"SafetyHeight":50,"ClampForce":100,"SuperviseTimePunching":0,"RunningTimeBeltWorkpiece":0,"RunningTimeBeltRest":0,"WaitingTimeClosingGrippers":0,"WaitingTimeOpenGrippers":0,"WaitingTimeClosingClamping":0,"WaitingTimeOpenClamping":0,"PartDropOffPosition":0,"GrabPositionGripper":0,"ChangeoverPositionPunching":0,"ChangeoverPositionCutting":0,"OffsetSideStop":0,"ZeroPointTool4":0,"ChangePositionTool4":0,"XAxisAcceleration":0,"XAxisUnblockY":0,"YAxisAcceleration":0,"YAxisUnblockXRight":0,"YAxisUnblockXLeft":0,"YAxisSideStop":0,"ZAxisAcceleration":0}
[2026-05-01 16:16:49] LoadFromSettings finished property assignment
[2026-05-01 16:16:49] LoadFromSettings completed
[2026-05-01 16:19:00] SettingsViewModel constructor start
[2026-05-01 16:19:00] Calling LoadFromSettings
[2026-05-01 16:19:00] LoadFromSettings called with: {"SpeedX":1000,"SpeedY":1000,"SpeedXHand":200,"SpeedYHand":200,"SpeedZ":1000,"SpeedZHand":200,"XMin":0,"XMax":1000,"YMin":0,"YMax":600,"ZMin":0,"ZMax":500,"ToolLength1":50,"ToolLength2":50,"ToolLength3":50,"HomeX":0,"HomeY":0,"SafetyHeight":50,"ClampForce":100,"SuperviseTimePunching":0,"RunningTimeBeltWorkpiece":0,"RunningTimeBeltRest":0,"WaitingTimeClosingGrippers":0,"WaitingTimeOpenGrippers":0,"WaitingTimeClosingClamping":0,"WaitingTimeOpenClamping":0,"PartDropOffPosition":0,"GrabPositionGripper":0,"ChangeoverPositionPunching":0,"ChangeoverPositionCutting":0,"OffsetSideStop":0,"ZeroPointTool4":0,"ChangePositionTool4":0,"XAxisAcceleration":0,"XAxisUnblockY":0,"YAxisAcceleration":0,"YAxisUnblockXRight":0,"YAxisUnblockXLeft":0,"YAxisSideStop":0,"ZAxisAcceleration":0}
[2026-05-01 16:19:00] LoadFromSettings finished property assignment
[2026-05-01 16:19:00] LoadFromSettings completed
[2026-05-01 16:24:30] SettingsViewModel constructor start
[2026-05-01 16:24:30] Calling LoadFromSettings
[2026-05-01 16:24:30] LoadFromSettings called with: {"SpeedX":1000,"SpeedY":1000,"SpeedXHand":200,"SpeedYHand":200,"SpeedZ":1000,"SpeedZHand":200,"XMin":0,"XMax":1000,"YMin":0,"YMax":600,"ZMin":0,"ZMax":500,"ToolLength1":50,"ToolLength2":50,"ToolLength3":50,"HomeX":0,"HomeY":0,"SafetyHeight":50,"ClampForce":100,"SuperviseTimePunching":0,"RunningTimeBeltWorkpiece":0,"RunningTimeBeltRest":0,"WaitingTimeClosingGrippers":0,"WaitingTimeOpenGrippers":0,"WaitingTimeClosingClamping":0,"WaitingTimeOpenClamping":0,"PartDropOffPosition":0,"GrabPositionGripper":0,"ChangeoverPositionPunching":0,"ChangeoverPositionCutting":0,"OffsetSideStop":0,"ZeroPointTool4":0,"ChangePositionTool4":0,"XAxisAcceleration":0,"XAxisUnblockY":0,"YAxisAcceleration":0,"YAxisUnblockXRight":0,"YAxisUnblockXLeft":0,"YAxisSideStop":0,"ZAxisAcceleration":0}
[2026-05-01 16:24:30] LoadFromSettings finished property assignment
[2026-05-01 16:24:30] LoadFromSettings completed
[2026-05-01 16:27:02] SettingsViewModel constructor start
[2026-05-01 16:27:02] Calling LoadFromSettings
[2026-05-01 16:27:02] LoadFromSettings called with: {"SpeedX":1000,"SpeedY":1000,"SpeedXHand":200,"SpeedYHand":200,"SpeedZ":1000,"SpeedZHand":200,"XMin":0,"XMax":1000,"YMin":0,"YMax":600,"ZMin":0,"ZMax":500,"ToolLength1":50,"ToolLength2":50,"ToolLength3":50,"HomeX":0,"HomeY":0,"SafetyHeight":50,"ClampForce":100,"SuperviseTimePunching":0,"RunningTimeBeltWorkpiece":0,"RunningTimeBeltRest":0,"WaitingTimeClosingGrippers":0,"WaitingTimeOpenGrippers":0,"WaitingTimeClosingClamping":0,"WaitingTimeOpenClamping":0,"PartDropOffPosition":0,"GrabPositionGripper":0,"ChangeoverPositionPunching":0,"ChangeoverPositionCutting":0,"OffsetSideStop":0,"ZeroPointTool4":0,"ChangePositionTool4":0,"XAxisAcceleration":0,"XAxisUnblockY":0,"YAxisAcceleration":0,"YAxisUnblockXRight":0,"YAxisUnblockXLeft":0,"YAxisSideStop":0,"ZAxisAcceleration":0}
[2026-05-01 16:27:02] LoadFromSettings finished property assignment
[2026-05-01 16:27:02] LoadFromSettings completed
[2026-05-01 16:28:59] SettingsViewModel constructor start
[2026-05-01 16:28:59] Calling LoadFromSettings
[2026-05-01 16:28:59] LoadFromSettings called with: {"SpeedX":1000,"SpeedY":1000,"SpeedXHand":200,"SpeedYHand":200,"SpeedZ":1000,"SpeedZHand":200,"XMin":0,"XMax":1000,"YMin":0,"YMax":600,"ZMin":0,"ZMax":500,"ToolLength1":50,"ToolLength2":50,"ToolLength3":50,"HomeX":0,"HomeY":0,"SafetyHeight":50,"ClampForce":100,"SuperviseTimePunching":0,"RunningTimeBeltWorkpiece":0,"RunningTimeBeltRest":0,"WaitingTimeClosingGrippers":0,"WaitingTimeOpenGrippers":0,"WaitingTimeClosingClamping":0,"WaitingTimeOpenClamping":0,"PartDropOffPosition":0,"GrabPositionGripper":0,"ChangeoverPositionPunching":0,"ChangeoverPositionCutting":0,"OffsetSideStop":0,"ZeroPointTool4":0,"ChangePositionTool4":0,"XAxisAcceleration":0,"XAxisUnblockY":0,"YAxisAcceleration":0,"YAxisUnblockXRight":0,"YAxisUnblockXLeft":0,"YAxisSideStop":0,"ZAxisAcceleration":0}
[2026-05-01 16:28:59] LoadFromSettings finished property assignment
[2026-05-01 16:28:59] LoadFromSettings completed
[2026-05-01 16:31:43] SettingsViewModel constructor start
[2026-05-01 16:31:43] Calling LoadFromSettings
[2026-05-01 16:31:43] LoadFromSettings called with: {"SpeedX":1000,"SpeedY":1000,"SpeedXHand":200,"SpeedYHand":200,"SpeedZ":1000,"SpeedZHand":200,"XMin":0,"XMax":1000,"YMin":0,"YMax":600,"ZMin":0,"ZMax":500,"ToolLength1":50,"ToolLength2":50,"ToolLength3":50,"HomeX":0,"HomeY":0,"SafetyHeight":50,"ClampForce":100,"SuperviseTimePunching":0,"RunningTimeBeltWorkpiece":0,"RunningTimeBeltRest":0,"WaitingTimeClosingGrippers":0,"WaitingTimeOpenGrippers":0,"WaitingTimeClosingClamping":0,"WaitingTimeOpenClamping":0,"PartDropOffPosition":0,"GrabPositionGripper":0,"ChangeoverPositionPunching":0,"ChangeoverPositionCutting":0,"OffsetSideStop":0,"ZeroPointTool4":0,"ChangePositionTool4":0,"XAxisAcceleration":0,"XAxisUnblockY":0,"YAxisAcceleration":0,"YAxisUnblockXRight":0,"YAxisUnblockXLeft":0,"YAxisSideStop":0,"ZAxisAcceleration":0}
[2026-05-01 16:31:43] LoadFromSettings finished property assignment
[2026-05-01 16:31:43] LoadFromSettings completed
[2026-05-01 16:33:59] SettingsViewModel constructor start
[2026-05-01 16:33:59] Calling LoadFromSettings
[2026-05-01 16:33:59] LoadFromSettings called with: {"SpeedX":1000,"SpeedY":1000,"SpeedXHand":200,"SpeedYHand":200,"SpeedZ":1000,"SpeedZHand":200,"XMin":0,"XMax":1000,"YMin":0,"YMax":600,"ZMin":0,"ZMax":500,"ToolLength1":50,"ToolLength2":50,"ToolLength3":50,"HomeX":0,"HomeY":0,"SafetyHeight":50,"ClampForce":100,"SuperviseTimePunching":0,"RunningTimeBeltWorkpiece":0,"RunningTimeBeltRest":0,"WaitingTimeClosingGrippers":0,"WaitingTimeOpenGrippers":0,"WaitingTimeClosingClamping":0,"WaitingTimeOpenClamping":0,"PartDropOffPosition":0,"GrabPositionGripper":0,"ChangeoverPositionPunching":0,"ChangeoverPositionCutting":0,"OffsetSideStop":0,"ZeroPointTool4":0,"ChangePositionTool4":0,"XAxisAcceleration":0,"XAxisUnblockY":0,"YAxisAcceleration":0,"YAxisUnblockXRight":0,"YAxisUnblockXLeft":0,"YAxisSideStop":0,"ZAxisAcceleration":0}
[2026-05-01 16:33:59] LoadFromSettings finished property assignment
[2026-05-01 16:33:59] LoadFromSettings completed
[2026-05-01 16:37:48] SettingsViewModel constructor start
[2026-05-01 16:37:48] Calling LoadFromSettings
[2026-05-01 16:37:48] LoadFromSettings called with: {"SpeedX":1000,"SpeedY":1000,"SpeedXHand":200,"SpeedYHand":200,"SpeedZ":1000,"SpeedZHand":200,"XMin":0,"XMax":1000,"YMin":0,"YMax":600,"ZMin":0,"ZMax":500,"ToolLength1":50,"ToolLength2":50,"ToolLength3":50,"HomeX":0,"HomeY":0,"SafetyHeight":50,"ClampForce":100,"SuperviseTimePunching":0,"RunningTimeBeltWorkpiece":0,"RunningTimeBeltRest":0,"WaitingTimeClosingGrippers":0,"WaitingTimeOpenGrippers":0,"WaitingTimeClosingClamping":0,"WaitingTimeOpenClamping":0,"PartDropOffPosition":0,"GrabPositionGripper":0,"ChangeoverPositionPunching":0,"ChangeoverPositionCutting":0,"OffsetSideStop":0,"ZeroPointTool4":0,"ChangePositionTool4":0,"XAxisAcceleration":0,"XAxisUnblockY":0,"YAxisAcceleration":0,"YAxisUnblockXRight":0,"YAxisUnblockXLeft":0,"YAxisSideStop":0,"ZAxisAcceleration":0}
[2026-05-01 16:37:48] LoadFromSettings finished property assignment
[2026-05-01 16:37:48] LoadFromSettings completed
[2026-05-01 16:38:49] SettingsViewModel constructor start
[2026-05-01 16:38:49] Calling LoadFromSettings
[2026-05-01 16:38:49] LoadFromSettings called with: {"SpeedX":1000,"SpeedY":1000,"SpeedXHand":200,"SpeedYHand":200,"SpeedZ":1000,"SpeedZHand":200,"XMin":0,"XMax":1000,"YMin":0,"YMax":600,"ZMin":0,"ZMax":500,"ToolLength1":50,"ToolLength2":50,"ToolLength3":50,"HomeX":0,"HomeY":0,"SafetyHeight":50,"ClampForce":100,"SuperviseTimePunching":0,"RunningTimeBeltWorkpiece":0,"RunningTimeBeltRest":0,"WaitingTimeClosingGrippers":0,"WaitingTimeOpenGrippers":0,"WaitingTimeClosingClamping":0,"WaitingTimeOpenClamping":0,"PartDropOffPosition":0,"GrabPositionGripper":0,"ChangeoverPositionPunching":0,"ChangeoverPositionCutting":0,"OffsetSideStop":0,"ZeroPointTool4":0,"ChangePositionTool4":0,"XAxisAcceleration":0,"XAxisUnblockY":0,"YAxisAcceleration":0,"YAxisUnblockXRight":0,"YAxisUnblockXLeft":0,"YAxisSideStop":0,"ZAxisAcceleration":0}
[2026-05-01 16:38:49] LoadFromSettings finished property assignment
[2026-05-01 16:38:49] LoadFromSettings completed
[2026-05-01 16:43:32] SettingsViewModel constructor start
[2026-05-01 16:43:32] Calling LoadFromSettings
[2026-05-01 16:43:32] LoadFromSettings called with: {"SpeedX":1000,"SpeedY":1000,"SpeedXHand":200,"SpeedYHand":200,"SpeedZ":1000,"SpeedZHand":200,"XMin":0,"XMax":1000,"YMin":0,"YMax":600,"ZMin":0,"ZMax":500,"ToolLength1":50,"ToolLength2":50,"ToolLength3":50,"HomeX":0,"HomeY":0,"SafetyHeight":50,"ClampForce":100,"SuperviseTimePunching":0,"RunningTimeBeltWorkpiece":0,"RunningTimeBeltRest":0,"WaitingTimeClosingGrippers":0,"WaitingTimeOpenGrippers":0,"WaitingTimeClosingClamping":0,"WaitingTimeOpenClamping":0,"PartDropOffPosition":0,"GrabPositionGripper":0,"ChangeoverPositionPunching":0,"ChangeoverPositionCutting":0,"OffsetSideStop":0,"ZeroPointTool4":0,"ChangePositionTool4":0,"XAxisAcceleration":0,"XAxisUnblockY":0,"YAxisAcceleration":0,"YAxisUnblockXRight":0,"YAxisUnblockXLeft":0,"YAxisSideStop":0,"ZAxisAcceleration":0}
[2026-05-01 16:43:32] LoadFromSettings finished property assignment
[2026-05-01 16:43:32] LoadFromSettings completed
[2026-05-01 16:53:20] SettingsViewModel constructor start
[2026-05-01 16:53:20] Calling LoadFromSettings
[2026-05-01 16:53:21] LoadFromSettings called with: {"SpeedX":1000,"SpeedY":1000,"SpeedXHand":200,"SpeedYHand":200,"SpeedZ":1000,"SpeedZHand":200,"XMin":0,"XMax":1000,"YMin":0,"YMax":600,"ZMin":0,"ZMax":500,"ToolLength1":50,"ToolLength2":50,"ToolLength3":50,"ToolLength4":50,"T1OffsetPos":0,"T2OffsetPos":0,"T3OffsetPos":0,"T4OffsetPos":0,"HomeX":0,"HomeY":0,"SafetyHeight":50,"ClampForce":100,"SuperviseTimePunching":0,"RunningTimeBeltWorkpiece":0,"RunningTimeBeltRest":0,"WaitingTimeClosingGrippers":0,"WaitingTimeOpenGrippers":0,"WaitingTimeClosingClamping":0,"WaitingTimeOpenClamping":0,"PartDropOffPosition":0,"GrabPositionGripper":0,"ChangeoverPositionPunching":0,"ChangeoverPositionCutting":0,"OffsetSideStop":0,"ZeroPointTool4":0,"ChangePositionTool4":0,"XAxisAcceleration":0,"XAxisUnblockY":0,"YAxisAcceleration":0,"YAxisUnblockXRight":0,"YAxisUnblockXLeft":0,"YAxisSideStop":0,"ZAxisAcceleration":0}
[2026-05-01 16:53:21] LoadFromSettings finished property assignment
[2026-05-01 16:53:21] LoadFromSettings completed
[2026-05-01 16:54:55] SettingsViewModel constructor start
[2026-05-01 16:54:55] Calling LoadFromSettings
[2026-05-01 16:54:55] LoadFromSettings called with: {"SpeedX":1000,"SpeedY":1000,"SpeedXHand":200,"SpeedYHand":200,"SpeedZ":1000,"SpeedZHand":200,"XMin":0,"XMax":1000,"YMin":0,"YMax":600,"ZMin":0,"ZMax":500,"ToolLength1":50,"ToolLength2":50,"ToolLength3":50,"ToolLength4":50,"T1OffsetPos":0,"T2OffsetPos":0,"T3OffsetPos":0,"T4OffsetPos":0,"HomeX":0,"HomeY":0,"SafetyHeight":50,"ClampForce":100,"SuperviseTimePunching":0,"RunningTimeBeltWorkpiece":0,"RunningTimeBeltRest":0,"WaitingTimeClosingGrippers":0,"WaitingTimeOpenGrippers":0,"WaitingTimeClosingClamping":0,"WaitingTimeOpenClamping":0,"PartDropOffPosition":0,"GrabPositionGripper":0,"ChangeoverPositionPunching":0,"ChangeoverPositionCutting":0,"OffsetSideStop":0,"ZeroPointTool4":0,"ChangePositionTool4":0,"XAxisAcceleration":0,"XAxisUnblockY":0,"YAxisAcceleration":0,"YAxisUnblockXRight":0,"YAxisUnblockXLeft":0,"YAxisSideStop":0,"ZAxisAcceleration":0}
[2026-05-01 16:54:55] LoadFromSettings finished property assignment
[2026-05-01 16:54:55] LoadFromSettings completed
[2026-05-01 18:04:11] SettingsViewModel constructor start
[2026-05-01 18:04:11] Calling LoadFromSettings
[2026-05-01 18:04:11] LoadFromSettings called with: {"SpeedX":1000,"SpeedY":1000,"SpeedXHand":200,"SpeedYHand":200,"SpeedZ":1000,"SpeedZHand":200,"XMin":0,"XMax":1000,"YMin":0,"YMax":600,"ZMin":0,"ZMax":500,"ToolLength1":50,"ToolLength2":50,"ToolLength3":50,"ToolLength4":50,"T1OffsetPos":0,"T2OffsetPos":0,"T3OffsetPos":0,"T4OffsetPos":0,"HomeX":0,"HomeY":0,"SafetyHeight":50,"ClampForce":100,"SuperviseTimePunching":0,"RunningTimeBeltWorkpiece":0,"RunningTimeBeltRest":0,"WaitingTimeClosingGrippers":0,"WaitingTimeOpenGrippers":0,"WaitingTimeClosingClamping":0,"WaitingTimeOpenClamping":0,"PartDropOffPosition":0,"GrabPositionGripper":0,"ChangeoverPositionPunching":0,"ChangeoverPositionCutting":0,"OffsetSideStop":0,"ZeroPointTool4":0,"ChangePositionTool4":0,"XAxisAcceleration":0,"XAxisUnblockY":0,"YAxisAcceleration":0,"YAxisUnblockXRight":0,"YAxisUnblockXLeft":0,"YAxisSideStop":0,"ZAxisAcceleration":0}
[2026-05-01 18:04:11] LoadFromSettings finished property assignment
[2026-05-01 18:04:11] LoadFromSettings completed
[2026-05-01 18:08:23] SettingsViewModel constructor start
[2026-05-01 18:08:23] Calling LoadFromSettings
[2026-05-01 18:08:23] LoadFromSettings called with: {"SpeedX":1000,"SpeedY":1000,"SpeedXHand":200,"SpeedYHand":200,"SpeedZ":1000,"SpeedZHand":200,"XMin":0,"XMax":1000,"YMin":0,"YMax":600,"ZMin":0,"ZMax":500,"ToolLength1":50,"ToolLength2":50,"ToolLength3":50,"ToolLength4":50,"T1OffsetPos":0,"T2OffsetPos":0,"T3OffsetPos":0,"T4OffsetPos":0,"HomeX":0,"HomeY":0,"SafetyHeight":50,"ClampForce":100,"SuperviseTimePunching":0,"RunningTimeBeltWorkpiece":0,"RunningTimeBeltRest":0,"WaitingTimeClosingGrippers":0,"WaitingTimeOpenGrippers":0,"WaitingTimeClosingClamping":0,"WaitingTimeOpenClamping":0,"PartDropOffPosition":0,"GrabPositionGripper":0,"ChangeoverPositionPunching":0,"ChangeoverPositionCutting":0,"OffsetSideStop":0,"ZeroPointTool4":0,"ChangePositionTool4":0,"XAxisAcceleration":0,"XAxisUnblockY":0,"YAxisAcceleration":0,"YAxisUnblockXRight":0,"YAxisUnblockXLeft":0,"YAxisSideStop":0,"ZAxisAcceleration":0}
[2026-05-01 18:08:23] LoadFromSettings finished property assignment
[2026-05-01 18:08:23] LoadFromSettings completed
[2026-05-01 18:18:49] SettingsViewModel constructor start
[2026-05-01 18:18:49] Calling LoadFromSettings
[2026-05-01 18:18:49] LoadFromSettings called with: {"SpeedX":1000,"SpeedY":1000,"SpeedXHand":200,"SpeedYHand":200,"SpeedZ":1000,"SpeedZHand":200,"XMin":0,"XMax":1000,"YMin":0,"YMax":600,"ZMin":0,"ZMax":500,"ToolLength1":50,"ToolLength2":50,"ToolLength3":50,"ToolLength4":50,"T1OffsetPos":0,"T2OffsetPos":0,"T3OffsetPos":0,"T4OffsetPos":0,"HomeX":0,"HomeY":0,"SafetyHeight":50,"ClampForce":100,"SuperviseTimePunching":0,"RunningTimeBeltWorkpiece":0,"RunningTimeBeltRest":0,"WaitingTimeClosingGrippers":0,"WaitingTimeOpenGrippers":0,"WaitingTimeClosingClamping":0,"WaitingTimeOpenClamping":0,"PartDropOffPosition":0,"GrabPositionGripper":0,"ChangeoverPositionPunching":0,"ChangeoverPositionCutting":0,"OffsetSideStop":0,"ZeroPointTool4":0,"ChangePositionTool4":0,"XAxisAcceleration":0,"XAxisUnblockY":0,"YAxisAcceleration":0,"YAxisUnblockXRight":0,"YAxisUnblockXLeft":0,"YAxisSideStop":0,"ZAxisAcceleration":0}
[2026-05-01 18:18:49] LoadFromSettings finished property assignment
[2026-05-01 18:18:49] LoadFromSettings completed
[2026-05-01 18:31:18] SettingsViewModel constructor start
[2026-05-01 18:31:18] Calling LoadFromSettings
[2026-05-01 18:31:18] LoadFromSettings called with: {"SpeedX":1000,"SpeedY":1000,"SpeedXHand":200,"SpeedYHand":200,"SpeedZ":1000,"SpeedZHand":200,"XMin":0,"XMax":1000,"YMin":0,"YMax":600,"ZMin":0,"ZMax":500,"ToolLength1":50,"ToolLength2":50,"ToolLength3":50,"ToolLength4":50,"T1OffsetPos":0,"T2OffsetPos":0,"T3OffsetPos":0,"T4OffsetPos":0,"HomeX":0,"HomeY":0,"SafetyHeight":50,"ClampForce":100,"SuperviseTimePunching":0,"RunningTimeBeltWorkpiece":0,"RunningTimeBeltRest":0,"WaitingTimeClosingGrippers":0,"WaitingTimeOpenGrippers":0,"WaitingTimeClosingClamping":0,"WaitingTimeOpenClamping":0,"PartDropOffPosition":0,"GrabPositionGripper":0,"ChangeoverPositionPunching":0,"ChangeoverPositionCutting":0,"OffsetSideStop":0,"ZeroPointTool4":0,"ChangePositionTool4":0,"XAxisAcceleration":0,"XAxisUnblockY":0,"YAxisAcceleration":0,"YAxisUnblockXRight":0,"YAxisUnblockXLeft":0,"YAxisSideStop":0,"ZAxisAcceleration":0}
[2026-05-01 18:31:18] LoadFromSettings finished property assignment
[2026-05-01 18:31:18] LoadFromSettings completed
[2026-05-01 18:33:21] SettingsViewModel constructor start
[2026-05-01 18:33:21] Calling LoadFromSettings
[2026-05-01 18:33:21] LoadFromSettings called with: {"SpeedX":1000,"SpeedY":1000,"SpeedXHand":200,"SpeedYHand":200,"SpeedZ":1000,"SpeedZHand":200,"XMin":0,"XMax":1000,"YMin":0,"YMax":600,"ZMin":0,"ZMax":500,"ToolLength1":50,"ToolLength2":50,"ToolLength3":50,"ToolLength4":50,"T1OffsetPos":0,"T2OffsetPos":0,"T3OffsetPos":0,"T4OffsetPos":0,"HomeX":0,"HomeY":0,"SafetyHeight":50,"ClampForce":100,"SuperviseTimePunching":0,"RunningTimeBeltWorkpiece":0,"RunningTimeBeltRest":0,"WaitingTimeClosingGrippers":0,"WaitingTimeOpenGrippers":0,"WaitingTimeClosingClamping":0,"WaitingTimeOpenClamping":0,"PartDropOffPosition":0,"GrabPositionGripper":0,"ChangeoverPositionPunching":0,"ChangeoverPositionCutting":0,"OffsetSideStop":0,"ZeroPointTool4":0,"ChangePositionTool4":0,"XAxisAcceleration":0,"XAxisUnblockY":0,"YAxisAcceleration":0,"YAxisUnblockXRight":0,"YAxisUnblockXLeft":0,"YAxisSideStop":0,"ZAxisAcceleration":0}
[2026-05-01 18:33:21] LoadFromSettings finished property assignment
[2026-05-01 18:33:21] LoadFromSettings completed
[2026-05-01 18:35:22] SettingsViewModel constructor start
[2026-05-01 18:35:22] Calling LoadFromSettings
[2026-05-01 18:35:22] LoadFromSettings called with: {"SpeedX":1000,"SpeedY":1000,"SpeedXHand":200,"SpeedYHand":200,"SpeedZ":1000,"SpeedZHand":200,"XMin":0,"XMax":1000,"YMin":0,"YMax":600,"ZMin":0,"ZMax":500,"ToolLength1":50,"ToolLength2":50,"ToolLength3":50,"ToolLength4":50,"T1OffsetPos":0,"T2OffsetPos":0,"T3OffsetPos":0,"T4OffsetPos":0,"HomeX":0,"HomeY":0,"SafetyHeight":50,"ClampForce":100,"SuperviseTimePunching":0,"RunningTimeBeltWorkpiece":0,"RunningTimeBeltRest":0,"WaitingTimeClosingGrippers":0,"WaitingTimeOpenGrippers":0,"WaitingTimeClosingClamping":0,"WaitingTimeOpenClamping":0,"PartDropOffPosition":0,"GrabPositionGripper":0,"ChangeoverPositionPunching":0,"ChangeoverPositionCutting":0,"OffsetSideStop":0,"ZeroPointTool4":0,"ChangePositionTool4":0,"XAxisAcceleration":0,"XAxisUnblockY":0,"YAxisAcceleration":0,"YAxisUnblockXRight":0,"YAxisUnblockXLeft":0,"YAxisSideStop":0,"ZAxisAcceleration":0}
[2026-05-01 18:35:22] LoadFromSettings finished property assignment
[2026-05-01 18:35:22] LoadFromSettings completed
[2026-05-01 18:38:25] SettingsViewModel constructor start
[2026-05-01 18:38:25] Calling LoadFromSettings
[2026-05-01 18:38:25] LoadFromSettings called with: {"SpeedX":1000,"SpeedY":1000,"SpeedXHand":200,"SpeedYHand":200,"SpeedZ":1000,"SpeedZHand":200,"XMin":0,"XMax":1000,"YMin":0,"YMax":600,"ZMin":0,"ZMax":500,"ToolLength1":50,"ToolLength2":50,"ToolLength3":50,"ToolLength4":50,"T1OffsetPos":0,"T2OffsetPos":0,"T3OffsetPos":0,"T4OffsetPos":0,"HomeX":0,"HomeY":0,"SafetyHeight":50,"ClampForce":100,"SuperviseTimePunching":0,"RunningTimeBeltWorkpiece":0,"RunningTimeBeltRest":0,"WaitingTimeClosingGrippers":0,"WaitingTimeOpenGrippers":0,"WaitingTimeClosingClamping":0,"WaitingTimeOpenClamping":0,"PartDropOffPosition":0,"GrabPositionGripper":0,"ChangeoverPositionPunching":0,"ChangeoverPositionCutting":0,"OffsetSideStop":0,"ZeroPointTool4":0,"ChangePositionTool4":0,"XAxisAcceleration":0,"XAxisUnblockY":0,"YAxisAcceleration":0,"YAxisUnblockXRight":0,"YAxisUnblockXLeft":0,"YAxisSideStop":0,"ZAxisAcceleration":0}
[2026-05-01 18:38:25] LoadFromSettings finished property assignment
[2026-05-01 18:38:25] LoadFromSettings completed
[2026-05-01 18:42:15] SettingsViewModel constructor start
[2026-05-01 18:42:15] Calling LoadFromSettings
[2026-05-01 18:42:15] LoadFromSettings called with: {"SpeedX":1000,"SpeedY":1000,"SpeedXHand":200,"SpeedYHand":200,"SpeedZ":1000,"SpeedZHand":200,"XMin":0,"XMax":1000,"YMin":0,"YMax":600,"ZMin":0,"ZMax":500,"ToolLength1":50,"ToolLength2":50,"ToolLength3":50,"ToolLength4":50,"T1OffsetPos":0,"T2OffsetPos":0,"T3OffsetPos":0,"T4OffsetPos":0,"HomeX":0,"HomeY":0,"SafetyHeight":50,"ClampForce":100,"SuperviseTimePunching":0,"RunningTimeBeltWorkpiece":0,"RunningTimeBeltRest":0,"WaitingTimeClosingGrippers":0,"WaitingTimeOpenGrippers":0,"WaitingTimeClosingClamping":0,"WaitingTimeOpenClamping":0,"PartDropOffPosition":0,"GrabPositionGripper":0,"ChangeoverPositionPunching":0,"ChangeoverPositionCutting":0,"OffsetSideStop":0,"ZeroPointTool4":0,"ChangePositionTool4":0,"XAxisAcceleration":0,"XAxisUnblockY":0,"YAxisAcceleration":0,"YAxisUnblockXRight":0,"YAxisUnblockXLeft":0,"YAxisSideStop":0,"ZAxisAcceleration":0}
[2026-05-01 18:42:15] LoadFromSettings finished property assignment
[2026-05-01 18:42:15] LoadFromSettings completed
[2026-05-01 19:05:31] SettingsViewModel constructor start
[2026-05-01 19:05:31] Calling LoadFromSettings
[2026-05-01 19:05:31] LoadFromSettings called with: {"SpeedX":1000,"SpeedY":1000,"SpeedXHand":200,"SpeedYHand":200,"SpeedZ":1000,"SpeedZHand":200,"XMin":0,"XMax":1000,"YMin":0,"YMax":600,"ZMin":0,"ZMax":500,"ToolLength1":50,"ToolLength2":50,"ToolLength3":50,"ToolLength4":50,"T1OffsetPos":0,"T2OffsetPos":0,"T3OffsetPos":0,"T4OffsetPos":0,"HomeX":0,"HomeY":0,"SafetyHeight":50,"ClampForce":100,"SuperviseTimePunching":0,"RunningTimeBeltWorkpiece":0,"RunningTimeBeltRest":0,"WaitingTimeClosingGrippers":0,"WaitingTimeOpenGrippers":0,"WaitingTimeClosingClamping":0,"WaitingTimeOpenClamping":0,"PartDropOffPosition":0,"GrabPositionGripper":0,"ChangeoverPositionPunching":0,"ChangeoverPositionCutting":0,"OffsetSideStop":0,"ZeroPointTool4":0,"ChangePositionTool4":0,"XAxisAcceleration":0,"XAxisUnblockY":0,"YAxisAcceleration":0,"YAxisUnblockXRight":0,"YAxisUnblockXLeft":0,"YAxisSideStop":0,"ZAxisAcceleration":0}
[2026-05-01 19:05:31] LoadFromSettings finished property assignment
[2026-05-01 19:05:31] LoadFromSettings completed
[2026-05-01 19:11:56] LoadFromSettings called with: {"SpeedX":1000,"SpeedY":1000,"SpeedXHand":200,"SpeedYHand":200,"SpeedZ":1000,"SpeedZHand":200,"XMin":0,"XMax":1000,"YMin":0,"YMax":600,"ZMin":0,"ZMax":500,"ToolLength1":50,"ToolLength2":50,"ToolLength3":50,"ToolLength4":50,"T1OffsetPos":0,"T2OffsetPos":0,"T3OffsetPos":0,"T4OffsetPos":0,"HomeX":0,"HomeY":0,"SafetyHeight":50,"ClampForce":100,"SuperviseTimePunching":0,"RunningTimeBeltWorkpiece":0,"RunningTimeBeltRest":0,"WaitingTimeClosingGrippers":0,"WaitingTimeOpenGrippers":0,"WaitingTimeClosingClamping":0,"WaitingTimeOpenClamping":0,"PartDropOffPosition":0,"GrabPositionGripper":0,"ChangeoverPositionPunching":0,"ChangeoverPositionCutting":0,"OffsetSideStop":0,"ZeroPointTool4":0,"ChangePositionTool4":0,"XAxisAcceleration":0,"XAxisUnblockY":0,"YAxisAcceleration":0,"YAxisUnblockXRight":0,"YAxisUnblockXLeft":0,"YAxisSideStop":0,"ZAxisAcceleration":0}
[2026-05-01 19:11:56] LoadFromSettings finished property assignment
[2026-05-01 19:18:52] SettingsViewModel constructor start
[2026-05-01 19:18:52] Calling LoadFromSettings
[2026-05-01 19:18:52] LoadFromSettings called with: {"SpeedX":1000,"SpeedY":1000,"SpeedXHand":200,"SpeedYHand":200,"SpeedZ":1000,"SpeedZHand":200,"XMin":0,"XMax":1000,"YMin":0,"YMax":600,"ZMin":0,"ZMax":500,"ToolLength1":50,"ToolLength2":50,"ToolLength3":50,"ToolLength4":50,"T1OffsetPos":10,"T2OffsetPos":20,"T3OffsetPos":30,"T4OffsetPos":40,"HomeX":0,"HomeY":0,"SafetyHeight":50,"ClampForce":100,"SuperviseTimePunching":0,"RunningTimeBeltWorkpiece":0,"RunningTimeBeltRest":0,"WaitingTimeClosingGrippers":0,"WaitingTimeOpenGrippers":0,"WaitingTimeClosingClamping":0,"WaitingTimeOpenClamping":0,"PartDropOffPosition":0,"GrabPositionGripper":0,"ChangeoverPositionPunching":0,"ChangeoverPositionCutting":0,"OffsetSideStop":0,"ZeroPointTool4":0,"ChangePositionTool4":0,"XAxisAcceleration":0,"XAxisUnblockY":0,"YAxisAcceleration":0,"YAxisUnblockXRight":0,"YAxisUnblockXLeft":0,"YAxisSideStop":0,"ZAxisAcceleration":0}
[2026-05-01 19:18:52] LoadFromSettings finished property assignment
[2026-05-01 19:18:52] LoadFromSettings completed
[2026-05-01 19:29:20] SettingsViewModel constructor start
[2026-05-01 19:29:20] Calling LoadFromSettings
[2026-05-01 19:29:20] LoadFromSettings called with: {"SpeedX":1000,"SpeedY":1000,"SpeedXHand":200,"SpeedYHand":200,"SpeedZ":1000,"SpeedZHand":200,"XMin":0,"XMax":1000,"YMin":0,"YMax":600,"ZMin":0,"ZMax":500,"ToolLength1":50,"ToolLength2":50,"ToolLength3":50,"ToolLength4":50,"T1OffsetPos":10,"T2OffsetPos":20,"T3OffsetPos":30,"T4OffsetPos":40,"HomeX":0,"HomeY":0,"SafetyHeight":50,"ClampForce":100,"SuperviseTimePunching":0,"RunningTimeBeltWorkpiece":0,"RunningTimeBeltRest":0,"WaitingTimeClosingGrippers":0,"WaitingTimeOpenGrippers":0,"WaitingTimeClosingClamping":0,"WaitingTimeOpenClamping":0,"PartDropOffPosition":0,"GrabPositionGripper":0,"ChangeoverPositionPunching":0,"ChangeoverPositionCutting":0,"OffsetSideStop":0,"ZeroPointTool4":0,"ChangePositionTool4":0,"XAxisAcceleration":0,"XAxisUnblockY":0,"YAxisAcceleration":0,"YAxisUnblockXRight":0,"YAxisUnblockXLeft":0,"YAxisSideStop":0,"ZAxisAcceleration":0}
[2026-05-01 19:29:20] LoadFromSettings finished property assignment
[2026-05-01 19:29:20] LoadFromSettings completed
[2026-05-01 19:36:22] SettingsViewModel constructor start
[2026-05-01 19:36:22] Calling LoadFromSettings
[2026-05-01 19:36:22] LoadFromSettings called with: {"SpeedX":1000,"SpeedY":1000,"SpeedXHand":200,"SpeedYHand":200,"SpeedZ":1000,"SpeedZHand":200,"XMin":0,"XMax":1000,"YMin":0,"YMax":600,"ZMin":0,"ZMax":500,"ToolLength1":50,"ToolLength2":50,"ToolLength3":50,"ToolLength4":50,"T1OffsetPos":10,"T2OffsetPos":20,"T3OffsetPos":30,"T4OffsetPos":40,"HomeX":0,"HomeY":0,"SafetyHeight":50,"ClampForce":100,"SuperviseTimePunching":0,"RunningTimeBeltWorkpiece":0,"RunningTimeBeltRest":0,"WaitingTimeClosingGrippers":0,"WaitingTimeOpenGrippers":0,"WaitingTimeClosingClamping":0,"WaitingTimeOpenClamping":0,"PartDropOffPosition":0,"GrabPositionGripper":0,"ChangeoverPositionPunching":0,"ChangeoverPositionCutting":0,"OffsetSideStop":0,"ZeroPointTool4":0,"ChangePositionTool4":0,"XAxisAcceleration":0,"XAxisUnblockY":0,"YAxisAcceleration":0,"YAxisUnblockXRight":0,"YAxisUnblockXLeft":0,"YAxisSideStop":0,"ZAxisAcceleration":0}
[2026-05-01 19:36:22] LoadFromSettings finished property assignment
[2026-05-01 19:36:22] LoadFromSettings completed
[2026-05-01 19:52:06] SettingsViewModel constructor start
[2026-05-01 19:52:06] Calling LoadFromSettings
[2026-05-01 19:52:06] LoadFromSettings called with: {"SpeedX":1000,"SpeedY":1000,"SpeedXHand":200,"SpeedYHand":200,"SpeedZ":1000,"SpeedZHand":200,"XMin":0,"XMax":1000,"YMin":0,"YMax":600,"ZMin":0,"ZMax":500,"ToolLength1":50,"ToolLength2":50,"ToolLength3":50,"ToolLength4":50,"T1OffsetPos":10,"T2OffsetPos":20,"T3OffsetPos":30,"T4OffsetPos":40,"HomeX":0,"HomeY":0,"SafetyHeight":50,"ClampForce":100,"SuperviseTimePunching":0,"RunningTimeBeltWorkpiece":0,"RunningTimeBeltRest":0,"WaitingTimeClosingGrippers":0,"WaitingTimeOpenGrippers":0,"WaitingTimeClosingClamping":0,"WaitingTimeOpenClamping":0,"PartDropOffPosition":0,"GrabPositionGripper":0,"ChangeoverPositionPunching":0,"ChangeoverPositionCutting":0,"OffsetSideStop":0,"ZeroPointTool4":0,"ChangePositionTool4":0,"XAxisAcceleration":0,"XAxisUnblockY":0,"YAxisAcceleration":0,"YAxisUnblockXRight":0,"YAxisUnblockXLeft":0,"YAxisSideStop":0,"ZAxisAcceleration":0}
[2026-05-01 19:52:06] LoadFromSettings finished property assignment
[2026-05-01 19:52:06] LoadFromSettings completed
[2026-05-01 22:53:52] SettingsViewModel constructor start
[2026-05-01 22:53:52] Calling LoadFromSettings
[2026-05-01 22:53:52] LoadFromSettings called with: {"SpeedX":1000,"SpeedY":1000,"SpeedXHand":200,"SpeedYHand":200,"SpeedZ":1000,"SpeedZHand":200,"XMin":0,"XMax":1000,"YMin":0,"YMax":600,"ZMin":0,"ZMax":500,"ToolLength1":50,"ToolLength2":50,"ToolLength3":50,"ToolLength4":50,"T1OffsetPos":10,"T2OffsetPos":20,"T3OffsetPos":30,"T4OffsetPos":40,"HomeX":0,"HomeY":0,"SafetyHeight":50,"ClampForce":100,"SuperviseTimePunching":0,"RunningTimeBeltWorkpiece":0,"RunningTimeBeltRest":0,"WaitingTimeClosingGrippers":0,"WaitingTimeOpenGrippers":0,"WaitingTimeClosingClamping":0,"WaitingTimeOpenClamping":0,"PartDropOffPosition":0,"GrabPositionGripper":0,"ChangeoverPositionPunching":0,"ChangeoverPositionCutting":0,"OffsetSideStop":0,"ZeroPointTool4":0,"ChangePositionTool4":0,"XAxisAcceleration":0,"XAxisUnblockY":0,"YAxisAcceleration":0,"YAxisUnblockXRight":0,"YAxisUnblockXLeft":0,"YAxisSideStop":0,"ZAxisAcceleration":0}
[2026-05-01 22:53:52] LoadFromSettings finished property assignment
[2026-05-01 22:53:52] LoadFromSettings completed
[2026-05-01 23:42:38] SettingsViewModel constructor start
[2026-05-01 23:42:38] Calling LoadFromSettings
[2026-05-01 23:42:38] LoadFromSettings called with: {"SpeedX":1000,"SpeedY":1000,"SpeedXHand":200,"SpeedYHand":200,"SpeedZ":1000,"SpeedZHand":200,"XMin":0,"XMax":1000,"YMin":0,"YMax":600,"ZMin":0,"ZMax":500,"ToolLength1":50,"ToolLength2":50,"ToolLength3":50,"ToolLength4":50,"T1OffsetPos":10,"T2OffsetPos":20,"T3OffsetPos":30,"T4OffsetPos":40,"HomeX":0,"HomeY":0,"SafetyHeight":50,"ClampForce":100,"SuperviseTimePunching":0,"RunningTimeBeltWorkpiece":0,"RunningTimeBeltRest":0,"WaitingTimeClosingGrippers":0,"WaitingTimeOpenGrippers":0,"WaitingTimeClosingClamping":0,"WaitingTimeOpenClamping":0,"PartDropOffPosition":0,"GrabPositionGripper":0,"ChangeoverPositionPunching":0,"ChangeoverPositionCutting":0,"OffsetSideStop":0,"ZeroPointTool4":0,"ChangePositionTool4":0,"XAxisAcceleration":0,"XAxisUnblockY":0,"YAxisAcceleration":0,"YAxisUnblockXRight":0,"YAxisUnblockXLeft":0,"YAxisSideStop":0,"ZAxisAcceleration":0}
[2026-05-01 23:42:38] LoadFromSettings finished property assignment
[2026-05-01 23:42:38] LoadFromSettings completed
[2026-05-01 23:45:47] SettingsViewModel constructor start
[2026-05-01 23:45:47] Calling LoadFromSettings
[2026-05-01 23:45:47] LoadFromSettings called with: {"SpeedX":1000,"SpeedY":1000,"SpeedXHand":200,"SpeedYHand":200,"SpeedZ":1000,"SpeedZHand":200,"XMin":0,"XMax":1000,"YMin":0,"YMax":600,"ZMin":0,"ZMax":500,"ToolLength1":50,"ToolLength2":50,"ToolLength3":50,"ToolLength4":50,"T1OffsetPos":10,"T2OffsetPos":20,"T3OffsetPos":30,"T4OffsetPos":40,"HomeX":0,"HomeY":0,"SafetyHeight":50,"ClampForce":100,"SuperviseTimePunching":0,"RunningTimeBeltWorkpiece":0,"RunningTimeBeltRest":0,"WaitingTimeClosingGrippers":0,"WaitingTimeOpenGrippers":0,"WaitingTimeClosingClamping":0,"WaitingTimeOpenClamping":0,"PartDropOffPosition":0,"GrabPositionGripper":0,"ChangeoverPositionPunching":0,"ChangeoverPositionCutting":0,"OffsetSideStop":0,"ZeroPointTool4":0,"ChangePositionTool4":0,"XAxisAcceleration":0,"XAxisUnblockY":0,"YAxisAcceleration":0,"YAxisUnblockXRight":0,"YAxisUnblockXLeft":0,"YAxisSideStop":0,"ZAxisAcceleration":0}
[2026-05-01 23:45:47] LoadFromSettings finished property assignment
[2026-05-01 23:45:47] LoadFromSettings completed
[2026-05-01 23:48:36] SettingsViewModel constructor start
[2026-05-01 23:48:36] Calling LoadFromSettings
[2026-05-01 23:48:36] LoadFromSettings called with: {"SpeedX":1000,"SpeedY":1000,"SpeedXHand":200,"SpeedYHand":200,"SpeedZ":1000,"SpeedZHand":200,"XMin":0,"XMax":1000,"YMin":0,"YMax":600,"ZMin":0,"ZMax":500,"ToolLength1":50,"ToolLength2":50,"ToolLength3":50,"ToolLength4":50,"T1OffsetPos":10,"T2OffsetPos":20,"T3OffsetPos":30,"T4OffsetPos":40,"HomeX":0,"HomeY":0,"SafetyHeight":50,"ClampForce":100,"SuperviseTimePunching":0,"RunningTimeBeltWorkpiece":0,"RunningTimeBeltRest":0,"WaitingTimeClosingGrippers":0,"WaitingTimeOpenGrippers":0,"WaitingTimeClosingClamping":0,"WaitingTimeOpenClamping":0,"PartDropOffPosition":0,"GrabPositionGripper":0,"ChangeoverPositionPunching":0,"ChangeoverPositionCutting":0,"OffsetSideStop":0,"ZeroPointTool4":0,"ChangePositionTool4":0,"XAxisAcceleration":0,"XAxisUnblockY":0,"YAxisAcceleration":0,"YAxisUnblockXRight":0,"YAxisUnblockXLeft":0,"YAxisSideStop":0,"ZAxisAcceleration":0}
[2026-05-01 23:48:36] LoadFromSettings finished property assignment
[2026-05-01 23:48:36] LoadFromSettings completed
[2026-05-01 23:55:56] SettingsViewModel constructor start
[2026-05-01 23:55:56] Calling LoadFromSettings
[2026-05-01 23:55:56] LoadFromSettings called with: {"SpeedX":1000,"SpeedY":1000,"SpeedXHand":200,"SpeedYHand":200,"SpeedZ":1000,"SpeedZHand":200,"XMin":0,"XMax":1000,"YMin":0,"YMax":600,"ZMin":0,"ZMax":500,"ToolLength1":50,"ToolLength2":50,"ToolLength3":50,"ToolLength4":50,"T1OffsetPos":10,"T2OffsetPos":20,"T3OffsetPos":30,"T4OffsetPos":40,"HomeX":0,"HomeY":0,"SafetyHeight":50,"ClampForce":100,"SuperviseTimePunching":0,"RunningTimeBeltWorkpiece":0,"RunningTimeBeltRest":0,"WaitingTimeClosingGrippers":0,"WaitingTimeOpenGrippers":0,"WaitingTimeClosingClamping":0,"WaitingTimeOpenClamping":0,"PartDropOffPosition":0,"GrabPositionGripper":0,"ChangeoverPositionPunching":0,"ChangeoverPositionCutting":0,"OffsetSideStop":0,"ZeroPointTool4":0,"ChangePositionTool4":0,"XAxisAcceleration":0,"XAxisUnblockY":0,"YAxisAcceleration":0,"YAxisUnblockXRight":0,"YAxisUnblockXLeft":0,"YAxisSideStop":0,"ZAxisAcceleration":0}
[2026-05-01 23:55:56] LoadFromSettings finished property assignment
[2026-05-01 23:55:56] LoadFromSettings completed
[2026-05-02 00:06:31] SettingsViewModel constructor start
[2026-05-02 00:06:31] Calling LoadFromSettings
[2026-05-02 00:06:32] LoadFromSettings called with: {"SpeedX":1000,"SpeedY":1000,"SpeedXHand":200,"SpeedYHand":200,"SpeedZ":1000,"SpeedZHand":200,"XMin":0,"XMax":1000,"YMin":0,"YMax":600,"ZMin":0,"ZMax":500,"ToolLength1":50,"ToolLength2":50,"ToolLength3":50,"ToolLength4":50,"T1OffsetPos":10,"T2OffsetPos":20,"T3OffsetPos":30,"T4OffsetPos":40,"HomeX":0,"HomeY":0,"SafetyHeight":50,"ClampForce":100,"SuperviseTimePunching":0,"RunningTimeBeltWorkpiece":0,"RunningTimeBeltRest":0,"WaitingTimeClosingGrippers":0,"WaitingTimeOpenGrippers":0,"WaitingTimeClosingClamping":0,"WaitingTimeOpenClamping":0,"PartDropOffPosition":0,"GrabPositionGripper":0,"ChangeoverPositionPunching":0,"ChangeoverPositionCutting":0,"OffsetSideStop":0,"ZeroPointTool4":0,"ChangePositionTool4":0,"XAxisAcceleration":0,"XAxisUnblockY":0,"YAxisAcceleration":0,"YAxisUnblockXRight":0,"YAxisUnblockXLeft":0,"YAxisSideStop":0,"ZAxisAcceleration":0}
[2026-05-02 00:06:32] LoadFromSettings finished property assignment
[2026-05-02 00:06:32] LoadFromSettings completed
[2026-05-02 00:08:16] SettingsViewModel constructor start
[2026-05-02 00:08:16] Calling LoadFromSettings
[2026-05-02 00:08:16] LoadFromSettings called with: {"SpeedX":1000,"SpeedY":1000,"SpeedXHand":200,"SpeedYHand":200,"SpeedZ":1000,"SpeedZHand":200,"XMin":0,"XMax":1000,"YMin":0,"YMax":600,"ZMin":0,"ZMax":500,"ToolLength1":50,"ToolLength2":50,"ToolLength3":50,"ToolLength4":50,"T1OffsetPos":10,"T2OffsetPos":20,"T3OffsetPos":30,"T4OffsetPos":40,"HomeX":0,"HomeY":0,"SafetyHeight":50,"ClampForce":100,"SuperviseTimePunching":0,"RunningTimeBeltWorkpiece":0,"RunningTimeBeltRest":0,"WaitingTimeClosingGrippers":0,"WaitingTimeOpenGrippers":0,"WaitingTimeClosingClamping":0,"WaitingTimeOpenClamping":0,"PartDropOffPosition":0,"GrabPositionGripper":0,"ChangeoverPositionPunching":0,"ChangeoverPositionCutting":0,"OffsetSideStop":0,"ZeroPointTool4":0,"ChangePositionTool4":0,"XAxisAcceleration":0,"XAxisUnblockY":0,"YAxisAcceleration":0,"YAxisUnblockXRight":0,"YAxisUnblockXLeft":0,"YAxisSideStop":0,"ZAxisAcceleration":0}
[2026-05-02 00:08:16] LoadFromSettings finished property assignment
[2026-05-02 00:08:16] LoadFromSettings completed
[2026-05-02 00:19:22] SettingsViewModel constructor start
[2026-05-02 00:19:22] Calling LoadFromSettings
[2026-05-02 00:19:22] LoadFromSettings called with: {"SpeedX":1000,"SpeedY":1000,"SpeedXHand":200,"SpeedYHand":200,"SpeedZ":1000,"SpeedZHand":200,"XMin":0,"XMax":1000,"YMin":0,"YMax":600,"ZMin":0,"ZMax":500,"ToolLength1":50,"ToolLength2":50,"ToolLength3":50,"ToolLength4":50,"T1OffsetPos":10,"T2OffsetPos":20,"T3OffsetPos":30,"T4OffsetPos":40,"HomeX":0,"HomeY":0,"SafetyHeight":50,"ClampForce":100,"SuperviseTimePunching":0,"RunningTimeBeltWorkpiece":0,"RunningTimeBeltRest":0,"WaitingTimeClosingGrippers":0,"WaitingTimeOpenGrippers":0,"WaitingTimeClosingClamping":0,"WaitingTimeOpenClamping":0,"PartDropOffPosition":0,"GrabPositionGripper":0,"ChangeoverPositionPunching":0,"ChangeoverPositionCutting":0,"OffsetSideStop":0,"ZeroPointTool4":0,"ChangePositionTool4":0,"XAxisAcceleration":0,"XAxisUnblockY":0,"YAxisAcceleration":0,"YAxisUnblockXRight":0,"YAxisUnblockXLeft":0,"YAxisSideStop":0,"ZAxisAcceleration":0}
[2026-05-02 00:19:22] LoadFromSettings finished property assignment
[2026-05-02 00:19:22] LoadFromSettings completed
[2026-05-02 00:28:15] SettingsViewModel constructor start
[2026-05-02 00:28:15] Calling LoadFromSettings
[2026-05-02 00:28:15] LoadFromSettings called with: {"SpeedX":1000,"SpeedY":1000,"SpeedXHand":200,"SpeedYHand":200,"SpeedZ":1000,"SpeedZHand":200,"XMin":0,"XMax":1000,"YMin":0,"YMax":600,"ZMin":0,"ZMax":500,"ToolLength1":50,"ToolLength2":50,"ToolLength3":50,"ToolLength4":50,"T1OffsetPos":10,"T2OffsetPos":20,"T3OffsetPos":30,"T4OffsetPos":40,"HomeX":0,"HomeY":0,"SafetyHeight":50,"ClampForce":100,"SuperviseTimePunching":0,"RunningTimeBeltWorkpiece":0,"RunningTimeBeltRest":0,"WaitingTimeClosingGrippers":0,"WaitingTimeOpenGrippers":0,"WaitingTimeClosingClamping":0,"WaitingTimeOpenClamping":0,"PartDropOffPosition":0,"GrabPositionGripper":0,"ChangeoverPositionPunching":0,"ChangeoverPositionCutting":0,"OffsetSideStop":0,"ZeroPointTool4":0,"ChangePositionTool4":0,"XAxisAcceleration":0,"XAxisUnblockY":0,"YAxisAcceleration":0,"YAxisUnblockXRight":0,"YAxisUnblockXLeft":0,"YAxisSideStop":0,"ZAxisAcceleration":0}
[2026-05-02 00:28:15] LoadFromSettings finished property assignment
[2026-05-02 00:28:15] LoadFromSettings completed
[2026-05-02 00:35:47] SettingsViewModel constructor start
[2026-05-02 00:35:47] Calling LoadFromSettings
[2026-05-02 00:35:47] LoadFromSettings called with: {"SpeedX":1000,"SpeedY":1000,"SpeedXHand":200,"SpeedYHand":200,"SpeedZ":1000,"SpeedZHand":200,"XMin":0,"XMax":1000,"YMin":0,"YMax":600,"ZMin":0,"ZMax":500,"ToolLength1":50,"ToolLength2":50,"ToolLength3":50,"ToolLength4":50,"T1OffsetPos":10,"T2OffsetPos":20,"T3OffsetPos":30,"T4OffsetPos":40,"HomeX":0,"HomeY":0,"SafetyHeight":50,"ClampForce":100,"SuperviseTimePunching":0,"RunningTimeBeltWorkpiece":0,"RunningTimeBeltRest":0,"WaitingTimeClosingGrippers":0,"WaitingTimeOpenGrippers":0,"WaitingTimeClosingClamping":0,"WaitingTimeOpenClamping":0,"PartDropOffPosition":0,"GrabPositionGripper":0,"ChangeoverPositionPunching":0,"ChangeoverPositionCutting":0,"OffsetSideStop":0,"ZeroPointTool4":0,"ChangePositionTool4":0,"XAxisAcceleration":0,"XAxisUnblockY":0,"YAxisAcceleration":0,"YAxisUnblockXRight":0,"YAxisUnblockXLeft":0,"YAxisSideStop":0,"ZAxisAcceleration":0}
[2026-05-02 00:35:47] LoadFromSettings finished property assignment
[2026-05-02 00:35:47] LoadFromSettings completed
[2026-05-02 00:41:11] SettingsViewModel constructor start
[2026-05-02 00:41:11] Calling LoadFromSettings
[2026-05-02 00:41:11] LoadFromSettings called with: {"SpeedX":1000,"SpeedY":1000,"SpeedXHand":200,"SpeedYHand":200,"SpeedZ":1000,"SpeedZHand":200,"XMin":0,"XMax":1000,"YMin":0,"YMax":600,"ZMin":0,"ZMax":500,"ToolLength1":50,"ToolLength2":50,"ToolLength3":50,"ToolLength4":50,"T1OffsetPos":10,"T2OffsetPos":20,"T3OffsetPos":30,"T4OffsetPos":40,"HomeX":0,"HomeY":0,"SafetyHeight":50,"ClampForce":100,"SuperviseTimePunching":0,"RunningTimeBeltWorkpiece":0,"RunningTimeBeltRest":0,"WaitingTimeClosingGrippers":0,"WaitingTimeOpenGrippers":0,"WaitingTimeClosingClamping":0,"WaitingTimeOpenClamping":0,"PartDropOffPosition":0,"GrabPositionGripper":0,"ChangeoverPositionPunching":0,"ChangeoverPositionCutting":0,"OffsetSideStop":0,"ZeroPointTool4":0,"ChangePositionTool4":0,"XAxisAcceleration":0,"XAxisUnblockY":0,"YAxisAcceleration":0,"YAxisUnblockXRight":0,"YAxisUnblockXLeft":0,"YAxisSideStop":0,"ZAxisAcceleration":0}
[2026-05-02 00:41:11] LoadFromSettings finished property assignment
[2026-05-02 00:41:11] LoadFromSettings completed
[2026-05-02 00:42:24] SettingsViewModel constructor start
[2026-05-02 00:42:24] Calling LoadFromSettings
[2026-05-02 00:42:24] LoadFromSettings called with: {"SpeedX":1000,"SpeedY":1000,"SpeedXHand":200,"SpeedYHand":200,"SpeedZ":1000,"SpeedZHand":200,"XMin":0,"XMax":1000,"YMin":0,"YMax":600,"ZMin":0,"ZMax":500,"ToolLength1":50,"ToolLength2":50,"ToolLength3":50,"ToolLength4":50,"T1OffsetPos":10,"T2OffsetPos":20,"T3OffsetPos":30,"T4OffsetPos":40,"HomeX":0,"HomeY":0,"SafetyHeight":50,"ClampForce":100,"SuperviseTimePunching":0,"RunningTimeBeltWorkpiece":0,"RunningTimeBeltRest":0,"WaitingTimeClosingGrippers":0,"WaitingTimeOpenGrippers":0,"WaitingTimeClosingClamping":0,"WaitingTimeOpenClamping":0,"PartDropOffPosition":0,"GrabPositionGripper":0,"ChangeoverPositionPunching":0,"ChangeoverPositionCutting":0,"OffsetSideStop":0,"ZeroPointTool4":0,"ChangePositionTool4":0,"XAxisAcceleration":0,"XAxisUnblockY":0,"YAxisAcceleration":0,"YAxisUnblockXRight":0,"YAxisUnblockXLeft":0,"YAxisSideStop":0,"ZAxisAcceleration":0}
[2026-05-02 00:42:24] LoadFromSettings finished property assignment
[2026-05-02 00:42:24] LoadFromSettings completed
[2026-05-02 00:48:41] SettingsViewModel constructor start
[2026-05-02 00:48:41] Calling LoadFromSettings
[2026-05-02 00:48:41] LoadFromSettings called with: {"SpeedX":1000,"SpeedY":1000,"SpeedXHand":200,"SpeedYHand":200,"SpeedZ":1000,"SpeedZHand":200,"XMin":0,"XMax":1000,"YMin":0,"YMax":600,"ZMin":0,"ZMax":500,"ToolLength1":50,"ToolLength2":50,"ToolLength3":50,"ToolLength4":50,"T1OffsetPos":10,"T2OffsetPos":20,"T3OffsetPos":30,"T4OffsetPos":40,"HomeX":0,"HomeY":0,"SafetyHeight":50,"ClampForce":100,"SuperviseTimePunching":0,"RunningTimeBeltWorkpiece":0,"RunningTimeBeltRest":0,"WaitingTimeClosingGrippers":0,"WaitingTimeOpenGrippers":0,"WaitingTimeClosingClamping":0,"WaitingTimeOpenClamping":0,"PartDropOffPosition":0,"GrabPositionGripper":0,"ChangeoverPositionPunching":0,"ChangeoverPositionCutting":0,"OffsetSideStop":0,"ZeroPointTool4":0,"ChangePositionTool4":0,"XAxisAcceleration":0,"XAxisUnblockY":0,"YAxisAcceleration":0,"YAxisUnblockXRight":0,"YAxisUnblockXLeft":0,"YAxisSideStop":0,"ZAxisAcceleration":0}
[2026-05-02 00:48:41] LoadFromSettings finished property assignment
[2026-05-02 00:48:41] LoadFromSettings completed
[2026-05-02 00:51:21] SettingsViewModel constructor start
[2026-05-02 00:51:21] Calling LoadFromSettings
[2026-05-02 00:51:21] LoadFromSettings called with: {"SpeedX":1000,"SpeedY":1000,"SpeedXHand":200,"SpeedYHand":200,"SpeedZ":1000,"SpeedZHand":200,"XMin":0,"XMax":1000,"YMin":0,"YMax":600,"ZMin":0,"ZMax":500,"ToolLength1":50,"ToolLength2":50,"ToolLength3":50,"ToolLength4":50,"T1OffsetPos":10,"T2OffsetPos":20,"T3OffsetPos":30,"T4OffsetPos":40,"HomeX":0,"HomeY":0,"SafetyHeight":50,"ClampForce":100,"SuperviseTimePunching":0,"RunningTimeBeltWorkpiece":0,"RunningTimeBeltRest":0,"WaitingTimeClosingGrippers":0,"WaitingTimeOpenGrippers":0,"WaitingTimeClosingClamping":0,"WaitingTimeOpenClamping":0,"PartDropOffPosition":0,"GrabPositionGripper":0,"ChangeoverPositionPunching":0,"ChangeoverPositionCutting":0,"OffsetSideStop":0,"ZeroPointTool4":0,"ChangePositionTool4":0,"XAxisAcceleration":0,"XAxisUnblockY":0,"YAxisAcceleration":0,"YAxisUnblockXRight":0,"YAxisUnblockXLeft":0,"YAxisSideStop":0,"ZAxisAcceleration":0}
[2026-05-02 00:51:21] LoadFromSettings finished property assignment
[2026-05-02 00:51:21] LoadFromSettings completed
[2026-05-02 00:54:19] SettingsViewModel constructor start
[2026-05-02 00:54:19] Calling LoadFromSettings
[2026-05-02 00:54:19] LoadFromSettings called with: {"SpeedX":1000,"SpeedY":1000,"SpeedXHand":200,"SpeedYHand":200,"SpeedZ":1000,"SpeedZHand":200,"XMin":0,"XMax":1000,"YMin":0,"YMax":600,"ZMin":0,"ZMax":500,"ToolLength1":50,"ToolLength2":50,"ToolLength3":50,"ToolLength4":50,"T1OffsetPos":10,"T2OffsetPos":20,"T3OffsetPos":30,"T4OffsetPos":40,"HomeX":0,"HomeY":0,"SafetyHeight":50,"ClampForce":100,"SuperviseTimePunching":0,"RunningTimeBeltWorkpiece":0,"RunningTimeBeltRest":0,"WaitingTimeClosingGrippers":0,"WaitingTimeOpenGrippers":0,"WaitingTimeClosingClamping":0,"WaitingTimeOpenClamping":0,"PartDropOffPosition":0,"GrabPositionGripper":0,"ChangeoverPositionPunching":0,"ChangeoverPositionCutting":0,"OffsetSideStop":0,"ZeroPointTool4":0,"ChangePositionTool4":0,"XAxisAcceleration":0,"XAxisUnblockY":0,"YAxisAcceleration":0,"YAxisUnblockXRight":0,"YAxisUnblockXLeft":0,"YAxisSideStop":0,"ZAxisAcceleration":0}
[2026-05-02 00:54:19] LoadFromSettings finished property assignment
[2026-05-02 00:54:19] LoadFromSettings completed
[2026-05-02 01:09:34] SettingsViewModel constructor start
[2026-05-02 01:09:34] Calling LoadFromSettings
[2026-05-02 01:09:34] LoadFromSettings called with: {"SpeedX":1000,"SpeedY":1000,"SpeedXHand":200,"SpeedYHand":200,"SpeedZ":1000,"SpeedZHand":200,"XMin":0,"XMax":1000,"YMin":0,"YMax":600,"ZMin":0,"ZMax":500,"ToolLength1":50,"ToolLength2":50,"ToolLength3":50,"ToolLength4":50,"T1OffsetPos":10,"T2OffsetPos":20,"T3OffsetPos":30,"T4OffsetPos":40,"HomeX":0,"HomeY":0,"SafetyHeight":50,"ClampForce":100,"SuperviseTimePunching":0,"RunningTimeBeltWorkpiece":0,"RunningTimeBeltRest":0,"WaitingTimeClosingGrippers":0,"WaitingTimeOpenGrippers":0,"WaitingTimeClosingClamping":0,"WaitingTimeOpenClamping":0,"PartDropOffPosition":0,"GrabPositionGripper":0,"ChangeoverPositionPunching":0,"ChangeoverPositionCutting":0,"OffsetSideStop":0,"ZeroPointTool4":0,"ChangePositionTool4":0,"XAxisAcceleration":0,"XAxisUnblockY":0,"YAxisAcceleration":0,"YAxisUnblockXRight":0,"YAxisUnblockXLeft":0,"YAxisSideStop":0,"ZAxisAcceleration":0}
[2026-05-02 01:09:34] LoadFromSettings finished property assignment
[2026-05-02 01:09:34] LoadFromSettings completed
[2026-05-02 01:17:12] SettingsViewModel constructor start
[2026-05-02 01:17:12] Calling LoadFromSettings
[2026-05-02 01:17:12] LoadFromSettings called with: {"SpeedX":1000,"SpeedY":1000,"SpeedXHand":200,"SpeedYHand":200,"SpeedZ":1000,"SpeedZHand":200,"XMin":0,"XMax":1000,"YMin":0,"YMax":600,"ZMin":0,"ZMax":500,"ToolLength1":50,"ToolLength2":50,"ToolLength3":50,"ToolLength4":50,"T1OffsetPos":10,"T2OffsetPos":20,"T3OffsetPos":30,"T4OffsetPos":40,"HomeX":0,"HomeY":0,"SafetyHeight":50,"ClampForce":100,"SuperviseTimePunching":0,"RunningTimeBeltWorkpiece":0,"RunningTimeBeltRest":0,"WaitingTimeClosingGrippers":0,"WaitingTimeOpenGrippers":0,"WaitingTimeClosingClamping":0,"WaitingTimeOpenClamping":0,"PartDropOffPosition":0,"GrabPositionGripper":0,"ChangeoverPositionPunching":0,"ChangeoverPositionCutting":0,"OffsetSideStop":0,"ZeroPointTool4":0,"ChangePositionTool4":0,"XAxisAcceleration":0,"XAxisUnblockY":0,"YAxisAcceleration":0,"YAxisUnblockXRight":0,"YAxisUnblockXLeft":0,"YAxisSideStop":0,"ZAxisAcceleration":0}
[2026-05-02 01:17:12] LoadFromSettings finished property assignment
[2026-05-02 01:17:12] LoadFromSettings completed
[2026-05-03 16:41:06] SettingsViewModel constructor start
[2026-05-03 16:41:06] Calling LoadFromSettings
[2026-05-03 16:41:06] LoadFromSettings called with: {"SpeedX":1000,"SpeedY":1000,"SpeedXHand":200,"SpeedYHand":200,"SpeedZ":1000,"SpeedZHand":200,"XMin":0,"XMax":1000,"YMin":0,"YMax":600,"ZMin":0,"ZMax":500,"ToolLength1":50,"ToolLength2":50,"ToolLength3":50,"ToolLength4":50,"T1OffsetPos":10,"T2OffsetPos":20,"T3OffsetPos":30,"T4OffsetPos":40,"HomeX":0,"HomeY":0,"SafetyHeight":50,"ClampForce":100,"SuperviseTimePunching":0,"RunningTimeBeltWorkpiece":0,"RunningTimeBeltRest":0,"WaitingTimeClosingGrippers":0,"WaitingTimeOpenGrippers":0,"WaitingTimeClosingClamping":0,"WaitingTimeOpenClamping":0,"PartDropOffPosition":0,"GrabPositionGripper":0,"ChangeoverPositionPunching":0,"ChangeoverPositionCutting":0,"OffsetSideStop":0,"ZeroPointTool4":0,"ChangePositionTool4":0,"XAxisAcceleration":0,"XAxisUnblockY":0,"YAxisAcceleration":0,"YAxisUnblockXRight":0,"YAxisUnblockXLeft":0,"YAxisSideStop":0,"ZAxisAcceleration":0}
[2026-05-03 16:41:06] LoadFromSettings finished property assignment
[2026-05-03 16:41:06] LoadFromSettings completed
[2026-05-03 17:12:58] SettingsViewModel constructor start
[2026-05-03 17:12:58] Calling LoadFromSettings
[2026-05-03 17:12:58] LoadFromSettings called with: {"SpeedX":1000,"SpeedY":1000,"SpeedXHand":200,"SpeedYHand":200,"SpeedZ":1000,"SpeedZHand":200,"XMin":0,"XMax":1000,"YMin":0,"YMax":600,"ZMin":0,"ZMax":500,"ToolLength1":50,"ToolLength2":50,"ToolLength3":50,"ToolLength4":50,"T1OffsetPos":10,"T2OffsetPos":20,"T3OffsetPos":30,"T4OffsetPos":40,"HomeX":0,"HomeY":0,"SafetyHeight":50,"ClampForce":100,"SuperviseTimePunching":0,"RunningTimeBeltWorkpiece":0,"RunningTimeBeltRest":0,"WaitingTimeClosingGrippers":0,"WaitingTimeOpenGrippers":0,"WaitingTimeClosingClamping":0,"WaitingTimeOpenClamping":0,"PartDropOffPosition":0,"GrabPositionGripper":0,"ChangeoverPositionPunching":0,"ChangeoverPositionCutting":0,"OffsetSideStop":0,"ZeroPointTool4":0,"ChangePositionTool4":0,"XAxisAcceleration":0,"XAxisUnblockY":0,"YAxisAcceleration":0,"YAxisUnblockXRight":0,"YAxisUnblockXLeft":0,"YAxisSideStop":0,"ZAxisAcceleration":0}
[2026-05-03 17:12:58] LoadFromSettings finished property assignment
[2026-05-03 17:12:58] LoadFromSettings completed
[2026-05-03 17:19:51] SettingsViewModel constructor start
[2026-05-03 17:19:51] Calling LoadFromSettings
[2026-05-03 17:19:51] LoadFromSettings called with: {"SpeedX":1000,"SpeedY":1000,"SpeedXHand":200,"SpeedYHand":200,"SpeedZ":1000,"SpeedZHand":200,"XMin":0,"XMax":1000,"YMin":0,"YMax":600,"ZMin":0,"ZMax":500,"ToolLength1":50,"ToolLength2":50,"ToolLength3":50,"ToolLength4":50,"T1OffsetPos":10,"T2OffsetPos":20,"T3OffsetPos":30,"T4OffsetPos":40,"HomeX":0,"HomeY":0,"SafetyHeight":50,"ClampForce":100,"SuperviseTimePunching":0,"RunningTimeBeltWorkpiece":0,"RunningTimeBeltRest":0,"WaitingTimeClosingGrippers":0,"WaitingTimeOpenGrippers":0,"WaitingTimeClosingClamping":0,"WaitingTimeOpenClamping":0,"PartDropOffPosition":0,"GrabPositionGripper":0,"ChangeoverPositionPunching":0,"ChangeoverPositionCutting":0,"OffsetSideStop":0,"ZeroPointTool4":0,"ChangePositionTool4":0,"XAxisAcceleration":0,"XAxisUnblockY":0,"YAxisAcceleration":0,"YAxisUnblockXRight":0,"YAxisUnblockXLeft":0,"YAxisSideStop":0,"ZAxisAcceleration":0}
[2026-05-03 17:19:51] LoadFromSettings finished property assignment
[2026-05-03 17:19:51] LoadFromSettings completed
[2026-05-03 19:10:57] SettingsViewModel constructor start
[2026-05-03 19:10:57] Calling LoadFromSettings
[2026-05-03 19:10:57] LoadFromSettings called with: {"SpeedX":1000,"SpeedY":1000,"SpeedXHand":200,"SpeedYHand":200,"SpeedZ":1000,"SpeedZHand":200,"XMin":0,"XMax":1000,"YMin":0,"YMax":600,"ZMin":0,"ZMax":500,"ToolLength1":50,"ToolLength2":50,"ToolLength3":50,"ToolLength4":50,"T1OffsetPos":10,"T2OffsetPos":20,"T3OffsetPos":30,"T4OffsetPos":40,"HomeX":0,"HomeY":0,"SafetyHeight":50,"ClampForce":100,"SuperviseTimePunching":0,"RunningTimeBeltWorkpiece":0,"RunningTimeBeltRest":0,"WaitingTimeClosingGrippers":0,"WaitingTimeOpenGrippers":0,"WaitingTimeClosingClamping":0,"WaitingTimeOpenClamping":0,"PartDropOffPosition":0,"GrabPositionGripper":0,"ChangeoverPositionPunching":0,"ChangeoverPositionCutting":0,"OffsetSideStop":0,"ZeroPointTool4":0,"ChangePositionTool4":0,"XAxisAcceleration":0,"XAxisUnblockY":0,"YAxisAcceleration":0,"YAxisUnblockXRight":0,"YAxisUnblockXLeft":0,"YAxisSideStop":0,"ZAxisAcceleration":0}
[2026-05-03 19:10:57] LoadFromSettings finished property assignment
[2026-05-03 19:10:57] LoadFromSettings completed
[2026-05-03 19:52:02] SettingsViewModel constructor start
[2026-05-03 19:52:02] Calling LoadFromSettings
[2026-05-03 19:52:02] LoadFromSettings called with: {"SpeedX":1000,"SpeedY":1000,"SpeedXHand":200,"SpeedYHand":200,"SpeedZ":1000,"SpeedZHand":200,"XMin":0,"XMax":1000,"YMin":0,"YMax":600,"ZMin":0,"ZMax":500,"ToolLength1":50,"ToolLength2":50,"ToolLength3":50,"ToolLength4":50,"T1OffsetPos":10,"T2OffsetPos":20,"T3OffsetPos":30,"T4OffsetPos":40,"HomeX":0,"HomeY":0,"SafetyHeight":50,"ClampForce":100,"SuperviseTimePunching":0,"RunningTimeBeltWorkpiece":0,"RunningTimeBeltRest":0,"WaitingTimeClosingGrippers":0,"WaitingTimeOpenGrippers":0,"WaitingTimeClosingClamping":0,"WaitingTimeOpenClamping":0,"PartDropOffPosition":0,"GrabPositionGripper":0,"ChangeoverPositionPunching":0,"ChangeoverPositionCutting":0,"OffsetSideStop":0,"ZeroPointTool4":0,"ChangePositionTool4":0,"XAxisAcceleration":0,"XAxisUnblockY":0,"YAxisAcceleration":0,"YAxisUnblockXRight":0,"YAxisUnblockXLeft":0,"YAxisSideStop":0,"ZAxisAcceleration":0}
[2026-05-03 19:52:02] LoadFromSettings finished property assignment
[2026-05-03 19:52:02] LoadFromSettings completed
[2026-05-03 19:52:44] SettingsViewModel constructor start
[2026-05-03 19:52:44] Calling LoadFromSettings
[2026-05-03 19:52:44] LoadFromSettings called with: {"SpeedX":1000,"SpeedY":1000,"SpeedXHand":200,"SpeedYHand":200,"SpeedZ":1000,"SpeedZHand":200,"XMin":0,"XMax":1000,"YMin":0,"YMax":600,"ZMin":0,"ZMax":500,"ToolLength1":50,"ToolLength2":50,"ToolLength3":50,"ToolLength4":50,"T1OffsetPos":10,"T2OffsetPos":20,"T3OffsetPos":30,"T4OffsetPos":40,"HomeX":0,"HomeY":0,"SafetyHeight":50,"ClampForce":100,"SuperviseTimePunching":0,"RunningTimeBeltWorkpiece":0,"RunningTimeBeltRest":0,"WaitingTimeClosingGrippers":0,"WaitingTimeOpenGrippers":0,"WaitingTimeClosingClamping":0,"WaitingTimeOpenClamping":0,"PartDropOffPosition":0,"GrabPositionGripper":0,"ChangeoverPositionPunching":0,"ChangeoverPositionCutting":0,"OffsetSideStop":0,"ZeroPointTool4":0,"ChangePositionTool4":0,"XAxisAcceleration":0,"XAxisUnblockY":0,"YAxisAcceleration":0,"YAxisUnblockXRight":0,"YAxisUnblockXLeft":0,"YAxisSideStop":0,"ZAxisAcceleration":0}
[2026-05-03 19:52:44] LoadFromSettings finished property assignment
[2026-05-03 19:52:44] LoadFromSettings completed
[2026-05-03 19:56:49] SettingsViewModel constructor start
[2026-05-03 19:56:49] Calling LoadFromSettings
[2026-05-03 19:56:49] LoadFromSettings called with: {"SpeedX":1000,"SpeedY":1000,"SpeedXHand":200,"SpeedYHand":200,"SpeedZ":1000,"SpeedZHand":200,"XMin":0,"XMax":1000,"YMin":0,"YMax":600,"ZMin":0,"ZMax":500,"ToolLength1":50,"ToolLength2":50,"ToolLength3":50,"ToolLength4":50,"T1OffsetPos":10,"T2OffsetPos":20,"T3OffsetPos":30,"T4OffsetPos":40,"HomeX":0,"HomeY":0,"SafetyHeight":50,"ClampForce":100,"SuperviseTimePunching":0,"RunningTimeBeltWorkpiece":0,"RunningTimeBeltRest":0,"WaitingTimeClosingGrippers":0,"WaitingTimeOpenGrippers":0,"WaitingTimeClosingClamping":0,"WaitingTimeOpenClamping":0,"PartDropOffPosition":0,"GrabPositionGripper":0,"ChangeoverPositionPunching":0,"ChangeoverPositionCutting":0,"OffsetSideStop":0,"ZeroPointTool4":0,"ChangePositionTool4":0,"XAxisAcceleration":0,"XAxisUnblockY":0,"YAxisAcceleration":0,"YAxisUnblockXRight":0,"YAxisUnblockXLeft":0,"YAxisSideStop":0,"ZAxisAcceleration":0}
[2026-05-03 19:56:49] LoadFromSettings finished property assignment
[2026-05-03 19:56:49] LoadFromSettings completed
[2026-05-03 20:00:51] SettingsViewModel constructor start
[2026-05-03 20:00:51] Calling LoadFromSettings
[2026-05-03 20:00:51] LoadFromSettings called with: {"SpeedX":1000,"SpeedY":1000,"SpeedXHand":200,"SpeedYHand":200,"SpeedZ":1000,"SpeedZHand":200,"XMin":0,"XMax":1000,"YMin":0,"YMax":600,"ZMin":0,"ZMax":500,"ToolLength1":50,"ToolLength2":50,"ToolLength3":50,"ToolLength4":50,"T1OffsetPos":10,"T2OffsetPos":20,"T3OffsetPos":30,"T4OffsetPos":40,"HomeX":0,"HomeY":0,"SafetyHeight":50,"ClampForce":100,"SuperviseTimePunching":0,"RunningTimeBeltWorkpiece":0,"RunningTimeBeltRest":0,"WaitingTimeClosingGrippers":0,"WaitingTimeOpenGrippers":0,"WaitingTimeClosingClamping":0,"WaitingTimeOpenClamping":0,"PartDropOffPosition":0,"GrabPositionGripper":0,"ChangeoverPositionPunching":0,"ChangeoverPositionCutting":0,"OffsetSideStop":0,"ZeroPointTool4":0,"ChangePositionTool4":0,"XAxisAcceleration":0,"XAxisUnblockY":0,"YAxisAcceleration":0,"YAxisUnblockXRight":0,"YAxisUnblockXLeft":0,"YAxisSideStop":0,"ZAxisAcceleration":0}
[2026-05-03 20:00:51] LoadFromSettings finished property assignment
[2026-05-03 20:00:51] LoadFromSettings completed
[2026-05-03 20:03:35] SettingsViewModel constructor start
[2026-05-03 20:03:35] Calling LoadFromSettings
[2026-05-03 20:03:35] LoadFromSettings called with: {"SpeedX":1000,"SpeedY":1000,"SpeedXHand":200,"SpeedYHand":200,"SpeedZ":1000,"SpeedZHand":200,"XMin":0,"XMax":1000,"YMin":0,"YMax":600,"ZMin":0,"ZMax":500,"ToolLength1":50,"ToolLength2":50,"ToolLength3":50,"ToolLength4":50,"T1OffsetPos":10,"T2OffsetPos":20,"T3OffsetPos":30,"T4OffsetPos":40,"HomeX":0,"HomeY":0,"SafetyHeight":50,"ClampForce":100,"SuperviseTimePunching":0,"RunningTimeBeltWorkpiece":0,"RunningTimeBeltRest":0,"WaitingTimeClosingGrippers":0,"WaitingTimeOpenGrippers":0,"WaitingTimeClosingClamping":0,"WaitingTimeOpenClamping":0,"PartDropOffPosition":0,"GrabPositionGripper":0,"ChangeoverPositionPunching":0,"ChangeoverPositionCutting":0,"OffsetSideStop":0,"ZeroPointTool4":0,"ChangePositionTool4":0,"XAxisAcceleration":0,"XAxisUnblockY":0,"YAxisAcceleration":0,"YAxisUnblockXRight":0,"YAxisUnblockXLeft":0,"YAxisSideStop":0,"ZAxisAcceleration":0}
[2026-05-03 20:03:35] LoadFromSettings finished property assignment
[2026-05-03 20:03:35] LoadFromSettings completed
[2026-05-03 20:05:29] SettingsViewModel constructor start
[2026-05-03 20:05:29] Calling LoadFromSettings
[2026-05-03 20:05:29] LoadFromSettings called with: {"SpeedX":1000,"SpeedY":1000,"SpeedXHand":200,"SpeedYHand":200,"SpeedZ":1000,"SpeedZHand":200,"XMin":0,"XMax":1000,"YMin":0,"YMax":600,"ZMin":0,"ZMax":500,"ToolLength1":50,"ToolLength2":50,"ToolLength3":50,"ToolLength4":50,"T1OffsetPos":10,"T2OffsetPos":20,"T3OffsetPos":30,"T4OffsetPos":40,"HomeX":0,"HomeY":0,"SafetyHeight":50,"ClampForce":100,"SuperviseTimePunching":0,"RunningTimeBeltWorkpiece":0,"RunningTimeBeltRest":0,"WaitingTimeClosingGrippers":0,"WaitingTimeOpenGrippers":0,"WaitingTimeClosingClamping":0,"WaitingTimeOpenClamping":0,"PartDropOffPosition":0,"GrabPositionGripper":0,"ChangeoverPositionPunching":0,"ChangeoverPositionCutting":0,"OffsetSideStop":0,"ZeroPointTool4":0,"ChangePositionTool4":0,"XAxisAcceleration":0,"XAxisUnblockY":0,"YAxisAcceleration":0,"YAxisUnblockXRight":0,"YAxisUnblockXLeft":0,"YAxisSideStop":0,"ZAxisAcceleration":0}
[2026-05-03 20:05:29] LoadFromSettings finished property assignment
[2026-05-03 20:05:29] LoadFromSettings completed
[2026-05-03 21:04:19] SettingsViewModel constructor start
[2026-05-03 21:04:19] Calling LoadFromSettings
[2026-05-03 21:04:20] LoadFromSettings called with: {"SpeedX":1000,"SpeedY":1000,"SpeedXHand":200,"SpeedYHand":200,"SpeedZ":1000,"SpeedZHand":200,"XMin":0,"XMax":1000,"YMin":0,"YMax":600,"ZMin":0,"ZMax":500,"ToolLength1":50,"ToolLength2":50,"ToolLength3":50,"ToolLength4":50,"T1OffsetPos":10,"T2OffsetPos":20,"T3OffsetPos":30,"T4OffsetPos":40,"HomeX":0,"HomeY":0,"SafetyHeight":50,"ClampForce":100,"SuperviseTimePunching":0,"RunningTimeBeltWorkpiece":0,"RunningTimeBeltRest":0,"WaitingTimeClosingGrippers":0,"WaitingTimeOpenGrippers":0,"WaitingTimeClosingClamping":0,"WaitingTimeOpenClamping":0,"PartDropOffPosition":0,"GrabPositionGripper":0,"ChangeoverPositionPunching":0,"ChangeoverPositionCutting":0,"OffsetSideStop":0,"ZeroPointTool4":0,"ChangePositionTool4":0,"XAxisAcceleration":0,"XAxisUnblockY":0,"YAxisAcceleration":0,"YAxisUnblockXRight":0,"YAxisUnblockXLeft":0,"YAxisSideStop":0,"ZAxisAcceleration":0}
[2026-05-03 21:04:20] LoadFromSettings finished property assignment
[2026-05-03 21:04:20] LoadFromSettings completed
[2026-05-03 21:15:52] SettingsViewModel constructor start
[2026-05-03 21:15:52] Calling LoadFromSettings
[2026-05-03 21:15:52] LoadFromSettings called with: {"SpeedX":1000,"SpeedY":1000,"SpeedXHand":200,"SpeedYHand":200,"SpeedZ":1000,"SpeedZHand":200,"XMin":0,"XMax":1000,"YMin":0,"YMax":600,"ZMin":0,"ZMax":500,"ToolLength1":50,"ToolLength2":50,"ToolLength3":50,"ToolLength4":50,"T1OffsetPos":10,"T2OffsetPos":20,"T3OffsetPos":30,"T4OffsetPos":40,"HomeX":0,"HomeY":0,"SafetyHeight":50,"ClampForce":100,"SuperviseTimePunching":0,"RunningTimeBeltWorkpiece":0,"RunningTimeBeltRest":0,"WaitingTimeClosingGrippers":0,"WaitingTimeOpenGrippers":0,"WaitingTimeClosingClamping":0,"WaitingTimeOpenClamping":0,"PartDropOffPosition":0,"GrabPositionGripper":0,"ChangeoverPositionPunching":0,"ChangeoverPositionCutting":0,"OffsetSideStop":0,"ZeroPointTool4":0,"ChangePositionTool4":0,"XAxisAcceleration":0,"XAxisUnblockY":0,"YAxisAcceleration":0,"YAxisUnblockXRight":0,"YAxisUnblockXLeft":0,"YAxisSideStop":0,"ZAxisAcceleration":0}
[2026-05-03 21:15:52] LoadFromSettings finished property assignment
[2026-05-03 21:15:52] LoadFromSettings completed
[2026-05-03 21:19:18] SettingsViewModel constructor start
[2026-05-03 21:19:18] Calling LoadFromSettings
[2026-05-03 21:19:18] LoadFromSettings called with: {"SpeedX":1000,"SpeedY":1000,"SpeedXHand":200,"SpeedYHand":200,"SpeedZ":1000,"SpeedZHand":200,"XMin":0,"XMax":1000,"YMin":0,"YMax":600,"ZMin":0,"ZMax":500,"ToolLength1":50,"ToolLength2":50,"ToolLength3":50,"ToolLength4":50,"T1OffsetPos":10,"T2OffsetPos":20,"T3OffsetPos":30,"T4OffsetPos":40,"HomeX":0,"HomeY":0,"SafetyHeight":50,"ClampForce":100,"SuperviseTimePunching":0,"RunningTimeBeltWorkpiece":0,"RunningTimeBeltRest":0,"WaitingTimeClosingGrippers":0,"WaitingTimeOpenGrippers":0,"WaitingTimeClosingClamping":0,"WaitingTimeOpenClamping":0,"PartDropOffPosition":0,"GrabPositionGripper":0,"ChangeoverPositionPunching":0,"ChangeoverPositionCutting":0,"OffsetSideStop":0,"ZeroPointTool4":0,"ChangePositionTool4":0,"XAxisAcceleration":0,"XAxisUnblockY":0,"YAxisAcceleration":0,"YAxisUnblockXRight":0,"YAxisUnblockXLeft":0,"YAxisSideStop":0,"ZAxisAcceleration":0}
[2026-05-03 21:19:18] LoadFromSettings finished property assignment
[2026-05-03 21:19:18] LoadFromSettings completed
[2026-05-03 21:25:48] SettingsViewModel constructor start
[2026-05-03 21:25:48] Calling LoadFromSettings
[2026-05-03 21:25:48] LoadFromSettings called with: {"SpeedX":1000,"SpeedY":1000,"SpeedXHand":200,"SpeedYHand":200,"SpeedZ":1000,"SpeedZHand":200,"XMin":0,"XMax":1000,"YMin":0,"YMax":600,"ZMin":0,"ZMax":500,"ToolLength1":50,"ToolLength2":50,"ToolLength3":50,"ToolLength4":50,"T1OffsetPos":10,"T2OffsetPos":20,"T3OffsetPos":30,"T4OffsetPos":40,"HomeX":0,"HomeY":0,"SafetyHeight":50,"ClampForce":100,"SuperviseTimePunching":0,"RunningTimeBeltWorkpiece":0,"RunningTimeBeltRest":0,"WaitingTimeClosingGrippers":0,"WaitingTimeOpenGrippers":0,"WaitingTimeClosingClamping":0,"WaitingTimeOpenClamping":0,"PartDropOffPosition":0,"GrabPositionGripper":0,"ChangeoverPositionPunching":0,"ChangeoverPositionCutting":0,"OffsetSideStop":0,"ZeroPointTool4":0,"ChangePositionTool4":0,"XAxisAcceleration":0,"XAxisUnblockY":0,"YAxisAcceleration":0,"YAxisUnblockXRight":0,"YAxisUnblockXLeft":0,"YAxisSideStop":0,"ZAxisAcceleration":0}
[2026-05-03 21:25:48] LoadFromSettings finished property assignment
[2026-05-03 21:25:48] LoadFromSettings completed
[2026-05-06 23:16:10] SettingsViewModel constructor start
[2026-05-06 23:16:10] Calling LoadFromSettings
[2026-05-06 23:16:10] LoadFromSettings called with: {"SpeedX":1000,"SpeedY":1000,"SpeedXHand":200,"SpeedYHand":200,"SpeedZ":1000,"SpeedZHand":200,"XMin":0,"XMax":1000,"YMin":0,"YMax":600,"ZMin":0,"ZMax":500,"ToolLength1":50,"ToolLength2":50,"ToolLength3":50,"ToolLength4":50,"T1OffsetPos":10,"T2OffsetPos":20,"T3OffsetPos":30,"T4OffsetPos":40,"HomeX":0,"HomeY":0,"SafetyHeight":50,"ClampForce":100,"SuperviseTimePunching":0,"RunningTimeBeltWorkpiece":0,"RunningTimeBeltRest":0,"WaitingTimeClosingGrippers":0,"WaitingTimeOpenGrippers":0,"WaitingTimeClosingClamping":0,"WaitingTimeOpenClamping":0,"PartDropOffPosition":0,"GrabPositionGripper":0,"ChangeoverPositionPunching":0,"ChangeoverPositionCutting":0,"OffsetSideStop":0,"ZeroPointTool4":0,"ChangePositionTool4":0,"XAxisAcceleration":0,"XAxisUnblockY":0,"YAxisAcceleration":0,"YAxisUnblockXRight":0,"YAxisUnblockXLeft":0,"YAxisSideStop":0,"ZAxisAcceleration":0}
[2026-05-06 23:16:10] LoadFromSettings finished property assignment
[2026-05-06 23:16:10] LoadFromSettings completed
[2026-05-06 23:29:03] SettingsViewModel constructor start
[2026-05-06 23:29:03] Calling LoadFromSettings
[2026-05-06 23:29:03] LoadFromSettings called with: {"SpeedX":1000,"SpeedY":1000,"SpeedXHand":200,"SpeedYHand":200,"SpeedZ":1000,"SpeedZHand":200,"XMin":0,"XMax":1000,"YMin":0,"YMax":600,"ZMin":0,"ZMax":500,"ToolLength1":50,"ToolLength2":50,"ToolLength3":50,"ToolLength4":50,"T1OffsetPos":10,"T2OffsetPos":20,"T3OffsetPos":30,"T4OffsetPos":40,"HomeX":0,"HomeY":0,"SafetyHeight":50,"ClampForce":100,"SuperviseTimePunching":0,"RunningTimeBeltWorkpiece":0,"RunningTimeBeltRest":0,"WaitingTimeClosingGrippers":0,"WaitingTimeOpenGrippers":0,"WaitingTimeClosingClamping":0,"WaitingTimeOpenClamping":0,"PartDropOffPosition":0,"GrabPositionGripper":0,"ChangeoverPositionPunching":0,"ChangeoverPositionCutting":0,"OffsetSideStop":0,"ZeroPointTool4":0,"ChangePositionTool4":0,"XAxisAcceleration":0,"XAxisUnblockY":0,"YAxisAcceleration":0,"YAxisUnblockXRight":0,"YAxisUnblockXLeft":0,"YAxisSideStop":0,"ZAxisAcceleration":0}
[2026-05-06 23:29:03] LoadFromSettings finished property assignment
[2026-05-06 23:29:03] LoadFromSettings completed
[2026-05-06 23:34:09] SettingsViewModel constructor start
[2026-05-06 23:34:09] Calling LoadFromSettings
[2026-05-06 23:34:09] LoadFromSettings called with: {"SpeedX":1000,"SpeedY":1000,"SpeedXHand":200,"SpeedYHand":200,"SpeedZ":1000,"SpeedZHand":200,"XMin":0,"XMax":1000,"YMin":0,"YMax":600,"ZMin":0,"ZMax":500,"ToolLength1":50,"ToolLength2":50,"ToolLength3":50,"ToolLength4":50,"T1OffsetPos":10,"T2OffsetPos":20,"T3OffsetPos":30,"T4OffsetPos":40,"HomeX":0,"HomeY":0,"SafetyHeight":50,"ClampForce":100,"SuperviseTimePunching":0,"RunningTimeBeltWorkpiece":0,"RunningTimeBeltRest":0,"WaitingTimeClosingGrippers":0,"WaitingTimeOpenGrippers":0,"WaitingTimeClosingClamping":0,"WaitingTimeOpenClamping":0,"PartDropOffPosition":0,"GrabPositionGripper":0,"ChangeoverPositionPunching":0,"ChangeoverPositionCutting":0,"OffsetSideStop":0,"ZeroPointTool4":0,"ChangePositionTool4":0,"XAxisAcceleration":0,"XAxisUnblockY":0,"YAxisAcceleration":0,"YAxisUnblockXRight":0,"YAxisUnblockXLeft":0,"YAxisSideStop":0,"ZAxisAcceleration":0}
[2026-05-06 23:34:09] LoadFromSettings finished property assignment
[2026-05-06 23:34:09] LoadFromSettings completed
[2026-05-06 23:39:10] SettingsViewModel constructor start
[2026-05-06 23:39:10] Calling LoadFromSettings
[2026-05-06 23:39:10] LoadFromSettings called with: {"SpeedX":1000,"SpeedY":1000,"SpeedXHand":200,"SpeedYHand":200,"SpeedZ":1000,"SpeedZHand":200,"XMin":0,"XMax":1000,"YMin":0,"YMax":600,"ZMin":0,"ZMax":500,"ToolLength1":50,"ToolLength2":50,"ToolLength3":50,"ToolLength4":50,"T1OffsetPos":10,"T2OffsetPos":20,"T3OffsetPos":30,"T4OffsetPos":40,"HomeX":0,"HomeY":0,"SafetyHeight":50,"ClampForce":100,"SuperviseTimePunching":0,"RunningTimeBeltWorkpiece":0,"RunningTimeBeltRest":0,"WaitingTimeClosingGrippers":0,"WaitingTimeOpenGrippers":0,"WaitingTimeClosingClamping":0,"WaitingTimeOpenClamping":0,"PartDropOffPosition":0,"GrabPositionGripper":0,"ChangeoverPositionPunching":0,"ChangeoverPositionCutting":0,"OffsetSideStop":0,"ZeroPointTool4":0,"ChangePositionTool4":0,"XAxisAcceleration":0,"XAxisUnblockY":0,"YAxisAcceleration":0,"YAxisUnblockXRight":0,"YAxisUnblockXLeft":0,"YAxisSideStop":0,"ZAxisAcceleration":0}
[2026-05-06 23:39:10] LoadFromSettings finished property assignment
[2026-05-06 23:39:10] LoadFromSettings completed
[2026-05-07 00:07:53] SettingsViewModel constructor start
[2026-05-07 00:07:53] Calling LoadFromSettings
[2026-05-07 00:07:53] LoadFromSettings called with: {"SpeedX":1000,"SpeedY":1000,"SpeedXHand":200,"SpeedYHand":200,"SpeedZ":1000,"SpeedZHand":200,"XMin":0,"XMax":1000,"YMin":0,"YMax":600,"ZMin":0,"ZMax":500,"ToolLength1":50,"ToolLength2":50,"ToolLength3":50,"ToolLength4":50,"T1OffsetPos":10,"T2OffsetPos":20,"T3OffsetPos":30,"T4OffsetPos":40,"HomeX":0,"HomeY":0,"SafetyHeight":50,"ClampForce":100,"SuperviseTimePunching":0,"RunningTimeBeltWorkpiece":0,"RunningTimeBeltRest":0,"WaitingTimeClosingGrippers":0,"WaitingTimeOpenGrippers":0,"WaitingTimeClosingClamping":0,"WaitingTimeOpenClamping":0,"PartDropOffPosition":0,"GrabPositionGripper":0,"ChangeoverPositionPunching":0,"ChangeoverPositionCutting":0,"OffsetSideStop":0,"ZeroPointTool4":0,"ChangePositionTool4":0,"XAxisAcceleration":0,"XAxisUnblockY":0,"YAxisAcceleration":0,"YAxisUnblockXRight":0,"YAxisUnblockXLeft":0,"YAxisSideStop":0,"ZAxisAcceleration":0}
[2026-05-07 00:07:53] LoadFromSettings finished property assignment
[2026-05-07 00:07:53] LoadFromSettings completed
[2026-05-07 00:28:30] SettingsViewModel constructor start
[2026-05-07 00:28:30] Calling LoadFromSettings
[2026-05-07 00:28:30] LoadFromSettings called with: {"SpeedX":1000,"SpeedY":1000,"SpeedXHand":200,"SpeedYHand":200,"SpeedZ":1000,"SpeedZHand":200,"XMin":0,"XMax":1000,"YMin":0,"YMax":600,"ZMin":0,"ZMax":500,"ToolLength1":50,"ToolLength2":50,"ToolLength3":50,"ToolLength4":50,"T1OffsetPos":10,"T2OffsetPos":20,"T3OffsetPos":30,"T4OffsetPos":40,"HomeX":0,"HomeY":0,"SafetyHeight":50,"ClampForce":100,"SuperviseTimePunching":0,"RunningTimeBeltWorkpiece":0,"RunningTimeBeltRest":0,"WaitingTimeClosingGrippers":0,"WaitingTimeOpenGrippers":0,"WaitingTimeClosingClamping":0,"WaitingTimeOpenClamping":0,"PartDropOffPosition":0,"GrabPositionGripper":0,"ChangeoverPositionPunching":0,"ChangeoverPositionCutting":0,"OffsetSideStop":0,"ZeroPointTool4":0,"ChangePositionTool4":0,"XAxisAcceleration":0,"XAxisUnblockY":0,"YAxisAcceleration":0,"YAxisUnblockXRight":0,"YAxisUnblockXLeft":0,"YAxisSideStop":0,"ZAxisAcceleration":0}
[2026-05-07 00:28:30] LoadFromSettings finished property assignment
[2026-05-07 00:28:30] LoadFromSettings completed
[2026-05-07 00:37:38] SettingsViewModel constructor start
[2026-05-07 00:37:38] Calling LoadFromSettings
[2026-05-07 00:37:38] LoadFromSettings called with: {"SpeedX":1000,"SpeedY":1000,"SpeedXHand":200,"SpeedYHand":200,"SpeedZ":1000,"SpeedZHand":200,"XMin":0,"XMax":1000,"YMin":0,"YMax":600,"ZMin":0,"ZMax":500,"ToolLength1":50,"ToolLength2":50,"ToolLength3":50,"ToolLength4":50,"T1OffsetPos":10,"T2OffsetPos":20,"T3OffsetPos":30,"T4OffsetPos":40,"HomeX":0,"HomeY":0,"SafetyHeight":50,"ClampForce":100,"SuperviseTimePunching":0,"RunningTimeBeltWorkpiece":0,"RunningTimeBeltRest":0,"WaitingTimeClosingGrippers":0,"WaitingTimeOpenGrippers":0,"WaitingTimeClosingClamping":0,"WaitingTimeOpenClamping":0,"PartDropOffPosition":0,"GrabPositionGripper":0,"ChangeoverPositionPunching":0,"ChangeoverPositionCutting":0,"OffsetSideStop":0,"ZeroPointTool4":0,"ChangePositionTool4":0,"XAxisAcceleration":0,"XAxisUnblockY":0,"YAxisAcceleration":0,"YAxisUnblockXRight":0,"YAxisUnblockXLeft":0,"YAxisSideStop":0,"ZAxisAcceleration":0}
[2026-05-07 00:37:38] LoadFromSettings finished property assignment
[2026-05-07 00:37:38] LoadFromSettings completed
[2026-05-07 00:44:46] SettingsViewModel constructor start
[2026-05-07 00:44:46] Calling LoadFromSettings
[2026-05-07 00:44:46] LoadFromSettings called with: {"SpeedX":1000,"SpeedY":1000,"SpeedXHand":200,"SpeedYHand":200,"SpeedZ":1000,"SpeedZHand":200,"XMin":0,"XMax":1000,"YMin":0,"YMax":600,"ZMin":0,"ZMax":500,"ToolLength1":50,"ToolLength2":50,"ToolLength3":50,"ToolLength4":50,"T1OffsetPos":10,"T2OffsetPos":20,"T3OffsetPos":30,"T4OffsetPos":40,"HomeX":0,"HomeY":0,"SafetyHeight":50,"ClampForce":100,"SuperviseTimePunching":0,"RunningTimeBeltWorkpiece":0,"RunningTimeBeltRest":0,"WaitingTimeClosingGrippers":0,"WaitingTimeOpenGrippers":0,"WaitingTimeClosingClamping":0,"WaitingTimeOpenClamping":0,"PartDropOffPosition":0,"GrabPositionGripper":0,"ChangeoverPositionPunching":0,"ChangeoverPositionCutting":0,"OffsetSideStop":0,"ZeroPointTool4":0,"ChangePositionTool4":0,"XAxisAcceleration":0,"XAxisUnblockY":0,"YAxisAcceleration":0,"YAxisUnblockXRight":0,"YAxisUnblockXLeft":0,"YAxisSideStop":0,"ZAxisAcceleration":0}
[2026-05-07 00:44:46] LoadFromSettings finished property assignment
[2026-05-07 00:44:46] LoadFromSettings completed
[2026-05-07 00:56:01] SettingsViewModel constructor start
[2026-05-07 00:56:01] Calling LoadFromSettings
[2026-05-07 00:56:01] LoadFromSettings called with: {"SpeedX":1000,"SpeedY":1000,"SpeedXHand":200,"SpeedYHand":200,"SpeedZ":1000,"SpeedZHand":200,"XMin":0,"XMax":1000,"YMin":0,"YMax":600,"ZMin":0,"ZMax":500,"ToolLength1":50,"ToolLength2":50,"ToolLength3":50,"ToolLength4":50,"T1OffsetPos":10,"T2OffsetPos":20,"T3OffsetPos":30,"T4OffsetPos":40,"HomeX":0,"HomeY":0,"SafetyHeight":50,"ClampForce":100,"SuperviseTimePunching":0,"RunningTimeBeltWorkpiece":0,"RunningTimeBeltRest":0,"WaitingTimeClosingGrippers":0,"WaitingTimeOpenGrippers":0,"WaitingTimeClosingClamping":0,"WaitingTimeOpenClamping":0,"PartDropOffPosition":0,"GrabPositionGripper":0,"ChangeoverPositionPunching":0,"ChangeoverPositionCutting":0,"OffsetSideStop":0,"ZeroPointTool4":0,"ChangePositionTool4":0,"XAxisAcceleration":0,"XAxisUnblockY":0,"YAxisAcceleration":0,"YAxisUnblockXRight":0,"YAxisUnblockXLeft":0,"YAxisSideStop":0,"ZAxisAcceleration":0}
[2026-05-07 00:56:01] LoadFromSettings finished property assignment
[2026-05-07 00:56:01] LoadFromSettings completed
[2026-05-07 00:59:55] SettingsViewModel constructor start
[2026-05-07 00:59:55] Calling LoadFromSettings
[2026-05-07 00:59:55] LoadFromSettings called with: {"SpeedX":1000,"SpeedY":1000,"SpeedXHand":200,"SpeedYHand":200,"SpeedZ":1000,"SpeedZHand":200,"XMin":0,"XMax":1000,"YMin":0,"YMax":600,"ZMin":0,"ZMax":500,"ToolLength1":50,"ToolLength2":50,"ToolLength3":50,"ToolLength4":50,"T1OffsetPos":10,"T2OffsetPos":20,"T3OffsetPos":30,"T4OffsetPos":40,"HomeX":0,"HomeY":0,"SafetyHeight":50,"ClampForce":100,"SuperviseTimePunching":0,"RunningTimeBeltWorkpiece":0,"RunningTimeBeltRest":0,"WaitingTimeClosingGrippers":0,"WaitingTimeOpenGrippers":0,"WaitingTimeClosingClamping":0,"WaitingTimeOpenClamping":0,"PartDropOffPosition":0,"GrabPositionGripper":0,"ChangeoverPositionPunching":0,"ChangeoverPositionCutting":0,"OffsetSideStop":0,"ZeroPointTool4":0,"ChangePositionTool4":0,"XAxisAcceleration":0,"XAxisUnblockY":0,"YAxisAcceleration":0,"YAxisUnblockXRight":0,"YAxisUnblockXLeft":0,"YAxisSideStop":0,"ZAxisAcceleration":0}
[2026-05-07 00:59:55] LoadFromSettings finished property assignment
[2026-05-07 00:59:55] LoadFromSettings completed
[2026-05-07 12:10:30] SettingsViewModel constructor start
[2026-05-07 12:10:30] Calling LoadFromSettings
[2026-05-07 12:10:30] LoadFromSettings called with: {"SpeedX":1000,"SpeedY":1000,"SpeedXHand":200,"SpeedYHand":200,"SpeedZ":1000,"SpeedZHand":200,"XMin":0,"XMax":1000,"YMin":0,"YMax":600,"ZMin":0,"ZMax":500,"ToolLength1":50,"ToolLength2":50,"ToolLength3":50,"ToolLength4":50,"T1OffsetPos":10,"T2OffsetPos":20,"T3OffsetPos":30,"T4OffsetPos":40,"HomeX":0,"HomeY":0,"SafetyHeight":50,"ClampForce":100,"SuperviseTimePunching":0,"RunningTimeBeltWorkpiece":0,"RunningTimeBeltRest":0,"WaitingTimeClosingGrippers":0,"WaitingTimeOpenGrippers":0,"WaitingTimeClosingClamping":0,"WaitingTimeOpenClamping":0,"PartDropOffPosition":0,"GrabPositionGripper":0,"ChangeoverPositionPunching":0,"ChangeoverPositionCutting":0,"OffsetSideStop":0,"ZeroPointTool4":0,"ChangePositionTool4":0,"XAxisAcceleration":0,"XAxisUnblockY":0,"YAxisAcceleration":0,"YAxisUnblockXRight":0,"YAxisUnblockXLeft":0,"YAxisSideStop":0,"ZAxisAcceleration":0}
[2026-05-07 12:10:30] LoadFromSettings finished property assignment
[2026-05-07 12:10:30] LoadFromSettings completed
[2026-05-07 12:21:51] SettingsViewModel constructor start
[2026-05-07 12:21:51] Calling LoadFromSettings
[2026-05-07 12:21:51] LoadFromSettings called with: {"SpeedX":1000,"SpeedY":1000,"SpeedXHand":200,"SpeedYHand":200,"SpeedZ":1000,"SpeedZHand":200,"XMin":0,"XMax":1000,"YMin":0,"YMax":600,"ZMin":0,"ZMax":500,"ToolLength1":50,"ToolLength2":50,"ToolLength3":50,"ToolLength4":50,"T1OffsetPos":10,"T2OffsetPos":20,"T3OffsetPos":30,"T4OffsetPos":40,"HomeX":0,"HomeY":0,"SafetyHeight":50,"ClampForce":100,"SuperviseTimePunching":0,"RunningTimeBeltWorkpiece":0,"RunningTimeBeltRest":0,"WaitingTimeClosingGrippers":0,"WaitingTimeOpenGrippers":0,"WaitingTimeClosingClamping":0,"WaitingTimeOpenClamping":0,"PartDropOffPosition":0,"GrabPositionGripper":0,"ChangeoverPositionPunching":0,"ChangeoverPositionCutting":0,"OffsetSideStop":0,"ZeroPointTool4":0,"ChangePositionTool4":0,"XAxisAcceleration":0,"XAxisUnblockY":0,"YAxisAcceleration":0,"YAxisUnblockXRight":0,"YAxisUnblockXLeft":0,"YAxisSideStop":0,"ZAxisAcceleration":0}
[2026-05-07 12:21:51] LoadFromSettings finished property assignment
[2026-05-07 12:21:51] LoadFromSettings completed
[2026-06-14 16:37:53] SettingsViewModel constructor start
[2026-06-14 16:37:53] Calling LoadFromSettings
[2026-06-14 16:37:53] LoadFromSettings called with: {"SpeedX":1000,"SpeedY":1000,"SpeedXHand":200,"SpeedYHand":200,"SpeedZ":1000,"SpeedZHand":200,"XMin":0,"XMax":1000,"YMin":0,"YMax":600,"ZMin":0,"ZMax":500,"ToolLength1":50,"ToolLength2":50,"ToolLength3":50,"ToolLength4":50,"T1OffsetPos":10,"T2OffsetPos":20,"T3OffsetPos":30,"T4OffsetPos":40,"HomeX":0,"HomeY":0,"SafetyHeight":50,"ClampForce":100,"SuperviseTimePunching":0,"RunningTimeBeltWorkpiece":0,"RunningTimeBeltRest":0,"WaitingTimeClosingGrippers":0,"WaitingTimeOpenGrippers":0,"WaitingTimeClosingClamping":0,"WaitingTimeOpenClamping":0,"PartDropOffPosition":0,"GrabPositionGripper":0,"ChangeoverPositionPunching":0,"ChangeoverPositionCutting":0,"OffsetSideStop":0,"ZeroPointTool4":0,"ChangePositionTool4":0,"XAxisAcceleration":0,"XAxisUnblockY":0,"YAxisAcceleration":0,"YAxisUnblockXRight":0,"YAxisUnblockXLeft":0,"YAxisSideStop":0,"ZAxisAcceleration":0}
[2026-06-14 16:37:53] LoadFromSettings finished property assignment
[2026-06-14 16:37:53] LoadFromSettings completed
[2026-06-14 16:41:50] SettingsViewModel constructor start
[2026-06-14 16:41:50] Calling LoadFromSettings
[2026-06-14 16:41:50] LoadFromSettings called with: {"SpeedX":1000,"SpeedY":1000,"SpeedXHand":200,"SpeedYHand":200,"SpeedZ":1000,"SpeedZHand":200,"XMin":0,"XMax":1000,"YMin":0,"YMax":600,"ZMin":0,"ZMax":500,"ToolLength1":50,"ToolLength2":50,"ToolLength3":50,"ToolLength4":50,"T1OffsetPos":10,"T2OffsetPos":20,"T3OffsetPos":30,"T4OffsetPos":40,"HomeX":0,"HomeY":0,"SafetyHeight":50,"ClampForce":100,"SuperviseTimePunching":0,"RunningTimeBeltWorkpiece":0,"RunningTimeBeltRest":0,"WaitingTimeClosingGrippers":0,"WaitingTimeOpenGrippers":0,"WaitingTimeClosingClamping":0,"WaitingTimeOpenClamping":0,"PartDropOffPosition":0,"GrabPositionGripper":0,"ChangeoverPositionPunching":0,"ChangeoverPositionCutting":0,"OffsetSideStop":0,"ZeroPointTool4":0,"ChangePositionTool4":0,"XAxisAcceleration":0,"XAxisUnblockY":0,"YAxisAcceleration":0,"YAxisUnblockXRight":0,"YAxisUnblockXLeft":0,"YAxisSideStop":0,"ZAxisAcceleration":0}
[2026-06-14 16:41:50] LoadFromSettings finished property assignment
[2026-06-14 16:41:50] LoadFromSettings completed
[2026-06-14 16:43:42] SettingsViewModel constructor start
[2026-06-14 16:43:42] Calling LoadFromSettings
[2026-06-14 16:43:42] LoadFromSettings called with: {"SpeedX":1000,"SpeedY":1000,"SpeedXHand":200,"SpeedYHand":200,"SpeedZ":1000,"SpeedZHand":200,"XMin":0,"XMax":1000,"YMin":0,"YMax":600,"ZMin":0,"ZMax":500,"ToolLength1":50,"ToolLength2":50,"ToolLength3":50,"ToolLength4":50,"T1OffsetPos":10,"T2OffsetPos":20,"T3OffsetPos":30,"T4OffsetPos":40,"HomeX":0,"HomeY":0,"SafetyHeight":50,"ClampForce":100,"SuperviseTimePunching":0,"RunningTimeBeltWorkpiece":0,"RunningTimeBeltRest":0,"WaitingTimeClosingGrippers":0,"WaitingTimeOpenGrippers":0,"WaitingTimeClosingClamping":0,"WaitingTimeOpenClamping":0,"PartDropOffPosition":0,"GrabPositionGripper":0,"ChangeoverPositionPunching":0,"ChangeoverPositionCutting":0,"OffsetSideStop":0,"ZeroPointTool4":0,"ChangePositionTool4":0,"XAxisAcceleration":0,"XAxisUnblockY":0,"YAxisAcceleration":0,"YAxisUnblockXRight":0,"YAxisUnblockXLeft":0,"YAxisSideStop":0,"ZAxisAcceleration":0}
[2026-06-14 16:43:42] LoadFromSettings finished property assignment
[2026-06-14 16:43:42] LoadFromSettings completed
[2026-06-14 16:49:47] SettingsViewModel constructor start
[2026-06-14 16:49:47] Calling LoadFromSettings
[2026-06-14 16:49:47] LoadFromSettings called with: {"SpeedX":1000,"SpeedY":1000,"SpeedXHand":200,"SpeedYHand":200,"SpeedZ":1000,"SpeedZHand":200,"XMin":0,"XMax":1000,"YMin":0,"YMax":600,"ZMin":0,"ZMax":500,"ToolLength1":50,"ToolLength2":50,"ToolLength3":50,"ToolLength4":50,"T1OffsetPos":10,"T2OffsetPos":20,"T3OffsetPos":30,"T4OffsetPos":40,"HomeX":0,"HomeY":0,"SafetyHeight":50,"ClampForce":100,"SuperviseTimePunching":0,"RunningTimeBeltWorkpiece":0,"RunningTimeBeltRest":0,"WaitingTimeClosingGrippers":0,"WaitingTimeOpenGrippers":0,"WaitingTimeClosingClamping":0,"WaitingTimeOpenClamping":0,"PartDropOffPosition":0,"GrabPositionGripper":0,"ChangeoverPositionPunching":0,"ChangeoverPositionCutting":0,"OffsetSideStop":0,"ZeroPointTool4":0,"ChangePositionTool4":0,"XAxisAcceleration":0,"XAxisUnblockY":0,"YAxisAcceleration":0,"YAxisUnblockXRight":0,"YAxisUnblockXLeft":0,"YAxisSideStop":0,"ZAxisAcceleration":0}
[2026-06-14 16:49:47] LoadFromSettings finished property assignment
[2026-06-14 16:49:47] LoadFromSettings completed
[2026-06-14 17:13:03] SettingsViewModel constructor start
[2026-06-14 17:13:03] Calling LoadFromSettings
[2026-06-14 17:13:03] LoadFromSettings called with: {"SpeedX":1000,"SpeedY":1000,"SpeedXHand":200,"SpeedYHand":200,"SpeedZ":1000,"SpeedZHand":200,"XMin":0,"XMax":1000,"YMin":0,"YMax":600,"ZMin":0,"ZMax":500,"ToolLength1":50,"ToolLength2":50,"ToolLength3":50,"ToolLength4":50,"T1OffsetPos":10,"T2OffsetPos":20,"T3OffsetPos":30,"T4OffsetPos":40,"HomeX":0,"HomeY":0,"SafetyHeight":50,"ClampForce":100,"SuperviseTimePunching":0,"RunningTimeBeltWorkpiece":0,"RunningTimeBeltRest":0,"WaitingTimeClosingGrippers":0,"WaitingTimeOpenGrippers":0,"WaitingTimeClosingClamping":0,"WaitingTimeOpenClamping":0,"PartDropOffPosition":0,"GrabPositionGripper":0,"ChangeoverPositionPunching":0,"ChangeoverPositionCutting":0,"OffsetSideStop":0,"ZeroPointTool4":0,"ChangePositionTool4":0,"XAxisAcceleration":0,"XAxisUnblockY":0,"YAxisAcceleration":0,"YAxisUnblockXRight":0,"YAxisUnblockXLeft":0,"YAxisSideStop":0,"ZAxisAcceleration":0}
[2026-06-14 17:13:03] LoadFromSettings finished property assignment
[2026-06-14 17:13:03] LoadFromSettings completed
[2026-06-14 17:15:08] SettingsViewModel constructor start
[2026-06-14 17:15:08] Calling LoadFromSettings
[2026-06-14 17:15:08] LoadFromSettings called with: {"SpeedX":1000,"SpeedY":1000,"SpeedXHand":200,"SpeedYHand":200,"SpeedZ":1000,"SpeedZHand":200,"XMin":0,"XMax":1000,"YMin":0,"YMax":600,"ZMin":0,"ZMax":500,"ToolLength1":50,"ToolLength2":50,"ToolLength3":50,"ToolLength4":50,"T1OffsetPos":10,"T2OffsetPos":20,"T3OffsetPos":30,"T4OffsetPos":40,"HomeX":0,"HomeY":0,"SafetyHeight":50,"ClampForce":100,"SuperviseTimePunching":0,"RunningTimeBeltWorkpiece":0,"RunningTimeBeltRest":0,"WaitingTimeClosingGrippers":0,"WaitingTimeOpenGrippers":0,"WaitingTimeClosingClamping":0,"WaitingTimeOpenClamping":0,"PartDropOffPosition":0,"GrabPositionGripper":0,"ChangeoverPositionPunching":0,"ChangeoverPositionCutting":0,"OffsetSideStop":0,"ZeroPointTool4":0,"ChangePositionTool4":0,"XAxisAcceleration":0,"XAxisUnblockY":0,"YAxisAcceleration":0,"YAxisUnblockXRight":0,"YAxisUnblockXLeft":0,"YAxisSideStop":0,"ZAxisAcceleration":0}
[2026-06-14 17:15:08] LoadFromSettings finished property assignment
[2026-06-14 17:15:08] LoadFromSettings completed
[2026-06-14 17:19:04] SettingsViewModel constructor start
[2026-06-14 17:19:04] Calling LoadFromSettings
[2026-06-14 17:19:05] LoadFromSettings called with: {"SpeedX":1000,"SpeedY":1000,"SpeedXHand":200,"SpeedYHand":200,"SpeedZ":1000,"SpeedZHand":200,"XMin":0,"XMax":1000,"YMin":0,"YMax":600,"ZMin":0,"ZMax":500,"ToolLength1":50,"ToolLength2":50,"ToolLength3":50,"ToolLength4":50,"T1OffsetPos":10,"T2OffsetPos":20,"T3OffsetPos":30,"T4OffsetPos":40,"HomeX":0,"HomeY":0,"SafetyHeight":50,"ClampForce":100,"SuperviseTimePunching":0,"RunningTimeBeltWorkpiece":0,"RunningTimeBeltRest":0,"WaitingTimeClosingGrippers":0,"WaitingTimeOpenGrippers":0,"WaitingTimeClosingClamping":0,"WaitingTimeOpenClamping":0,"PartDropOffPosition":0,"GrabPositionGripper":0,"ChangeoverPositionPunching":0,"ChangeoverPositionCutting":0,"OffsetSideStop":0,"ZeroPointTool4":0,"ChangePositionTool4":0,"XAxisAcceleration":0,"XAxisUnblockY":0,"YAxisAcceleration":0,"YAxisUnblockXRight":0,"YAxisUnblockXLeft":0,"YAxisSideStop":0,"ZAxisAcceleration":0}
[2026-06-14 17:19:05] LoadFromSettings finished property assignment
[2026-06-14 17:19:05] LoadFromSettings completed
[2026-06-14 17:21:53] SettingsViewModel constructor start
[2026-06-14 17:21:53] Calling LoadFromSettings
[2026-06-14 17:21:53] LoadFromSettings called with: {"SpeedX":1000,"SpeedY":1000,"SpeedXHand":200,"SpeedYHand":200,"SpeedZ":1000,"SpeedZHand":200,"XMin":0,"XMax":1000,"YMin":0,"YMax":600,"ZMin":0,"ZMax":500,"ToolLength1":50,"ToolLength2":50,"ToolLength3":50,"ToolLength4":50,"T1OffsetPos":10,"T2OffsetPos":20,"T3OffsetPos":30,"T4OffsetPos":40,"HomeX":0,"HomeY":0,"SafetyHeight":50,"ClampForce":100,"SuperviseTimePunching":0,"RunningTimeBeltWorkpiece":0,"RunningTimeBeltRest":0,"WaitingTimeClosingGrippers":0,"WaitingTimeOpenGrippers":0,"WaitingTimeClosingClamping":0,"WaitingTimeOpenClamping":0,"PartDropOffPosition":0,"GrabPositionGripper":0,"ChangeoverPositionPunching":0,"ChangeoverPositionCutting":0,"OffsetSideStop":0,"ZeroPointTool4":0,"ChangePositionTool4":0,"XAxisAcceleration":0,"XAxisUnblockY":0,"YAxisAcceleration":0,"YAxisUnblockXRight":0,"YAxisUnblockXLeft":0,"YAxisSideStop":0,"ZAxisAcceleration":0}
[2026-06-14 17:21:53] LoadFromSettings finished property assignment
[2026-06-14 17:21:53] LoadFromSettings completed
[2026-06-14 17:25:09] SettingsViewModel constructor start
[2026-06-14 17:25:09] Calling LoadFromSettings
[2026-06-14 17:25:09] LoadFromSettings called with: {"SpeedX":1000,"SpeedY":1000,"SpeedXHand":200,"SpeedYHand":200,"SpeedZ":1000,"SpeedZHand":200,"XMin":0,"XMax":1000,"YMin":0,"YMax":600,"ZMin":0,"ZMax":500,"ToolLength1":50,"ToolLength2":50,"ToolLength3":50,"ToolLength4":50,"T1OffsetPos":10,"T2OffsetPos":20,"T3OffsetPos":30,"T4OffsetPos":40,"HomeX":0,"HomeY":0,"SafetyHeight":50,"ClampForce":100,"SuperviseTimePunching":0,"RunningTimeBeltWorkpiece":0,"RunningTimeBeltRest":0,"WaitingTimeClosingGrippers":0,"WaitingTimeOpenGrippers":0,"WaitingTimeClosingClamping":0,"WaitingTimeOpenClamping":0,"PartDropOffPosition":0,"GrabPositionGripper":0,"ChangeoverPositionPunching":0,"ChangeoverPositionCutting":0,"OffsetSideStop":0,"ZeroPointTool4":0,"ChangePositionTool4":0,"XAxisAcceleration":0,"XAxisUnblockY":0,"YAxisAcceleration":0,"YAxisUnblockXRight":0,"YAxisUnblockXLeft":0,"YAxisSideStop":0,"ZAxisAcceleration":0}
[2026-06-14 17:25:09] LoadFromSettings finished property assignment
[2026-06-14 17:25:09] LoadFromSettings completed
[2026-06-14 17:27:45] SettingsViewModel constructor start
[2026-06-14 17:27:45] Calling LoadFromSettings
[2026-06-14 17:27:45] LoadFromSettings called with: {"SpeedX":1000,"SpeedY":1000,"SpeedXHand":200,"SpeedYHand":200,"SpeedZ":1000,"SpeedZHand":200,"XMin":0,"XMax":1000,"YMin":0,"YMax":600,"ZMin":0,"ZMax":500,"ToolLength1":50,"ToolLength2":50,"ToolLength3":50,"ToolLength4":50,"T1OffsetPos":10,"T2OffsetPos":20,"T3OffsetPos":30,"T4OffsetPos":40,"HomeX":0,"HomeY":0,"SafetyHeight":50,"ClampForce":100,"SuperviseTimePunching":0,"RunningTimeBeltWorkpiece":0,"RunningTimeBeltRest":0,"WaitingTimeClosingGrippers":0,"WaitingTimeOpenGrippers":0,"WaitingTimeClosingClamping":0,"WaitingTimeOpenClamping":0,"PartDropOffPosition":0,"GrabPositionGripper":0,"ChangeoverPositionPunching":0,"ChangeoverPositionCutting":0,"OffsetSideStop":0,"ZeroPointTool4":0,"ChangePositionTool4":0,"XAxisAcceleration":0,"XAxisUnblockY":0,"YAxisAcceleration":0,"YAxisUnblockXRight":0,"YAxisUnblockXLeft":0,"YAxisSideStop":0,"ZAxisAcceleration":0}
[2026-06-14 17:27:45] LoadFromSettings finished property assignment
[2026-06-14 17:27:45] LoadFromSettings completed
[2026-06-14 17:30:09] SettingsViewModel constructor start
[2026-06-14 17:30:09] Calling LoadFromSettings
[2026-06-14 17:30:09] LoadFromSettings called with: {"SpeedX":1000,"SpeedY":1000,"SpeedXHand":200,"SpeedYHand":200,"SpeedZ":1000,"SpeedZHand":200,"XMin":0,"XMax":1000,"YMin":0,"YMax":600,"ZMin":0,"ZMax":500,"ToolLength1":50,"ToolLength2":50,"ToolLength3":50,"ToolLength4":50,"T1OffsetPos":10,"T2OffsetPos":20,"T3OffsetPos":30,"T4OffsetPos":40,"HomeX":0,"HomeY":0,"SafetyHeight":50,"ClampForce":100,"SuperviseTimePunching":0,"RunningTimeBeltWorkpiece":0,"RunningTimeBeltRest":0,"WaitingTimeClosingGrippers":0,"WaitingTimeOpenGrippers":0,"WaitingTimeClosingClamping":0,"WaitingTimeOpenClamping":0,"PartDropOffPosition":0,"GrabPositionGripper":0,"ChangeoverPositionPunching":0,"ChangeoverPositionCutting":0,"OffsetSideStop":0,"ZeroPointTool4":0,"ChangePositionTool4":0,"XAxisAcceleration":0,"XAxisUnblockY":0,"YAxisAcceleration":0,"YAxisUnblockXRight":0,"YAxisUnblockXLeft":0,"YAxisSideStop":0,"ZAxisAcceleration":0}
[2026-06-14 17:30:09] LoadFromSettings finished property assignment
[2026-06-14 17:30:09] LoadFromSettings completed
[2026-06-14 17:33:14] SettingsViewModel constructor start
[2026-06-14 17:33:14] Calling LoadFromSettings
[2026-06-14 17:33:14] LoadFromSettings called with: {"SpeedX":1000,"SpeedY":1000,"SpeedXHand":200,"SpeedYHand":200,"SpeedZ":1000,"SpeedZHand":200,"XMin":0,"XMax":1000,"YMin":0,"YMax":600,"ZMin":0,"ZMax":500,"ToolLength1":50,"ToolLength2":50,"ToolLength3":50,"ToolLength4":50,"T1OffsetPos":10,"T2OffsetPos":20,"T3OffsetPos":30,"T4OffsetPos":40,"HomeX":0,"HomeY":0,"SafetyHeight":50,"ClampForce":100,"SuperviseTimePunching":0,"RunningTimeBeltWorkpiece":0,"RunningTimeBeltRest":0,"WaitingTimeClosingGrippers":0,"WaitingTimeOpenGrippers":0,"WaitingTimeClosingClamping":0,"WaitingTimeOpenClamping":0,"PartDropOffPosition":0,"GrabPositionGripper":0,"ChangeoverPositionPunching":0,"ChangeoverPositionCutting":0,"OffsetSideStop":0,"ZeroPointTool4":0,"ChangePositionTool4":0,"XAxisAcceleration":0,"XAxisUnblockY":0,"YAxisAcceleration":0,"YAxisUnblockXRight":0,"YAxisUnblockXLeft":0,"YAxisSideStop":0,"ZAxisAcceleration":0}
[2026-06-14 17:33:14] LoadFromSettings finished property assignment
[2026-06-14 17:33:14] LoadFromSettings completed
[2026-06-14 17:44:02] SettingsViewModel constructor start
[2026-06-14 17:44:02] Calling LoadFromSettings
[2026-06-14 17:44:02] LoadFromSettings called with: {"SpeedX":1000,"SpeedY":1000,"SpeedXHand":200,"SpeedYHand":200,"SpeedZ":1000,"SpeedZHand":200,"XMin":0,"XMax":1000,"YMin":0,"YMax":600,"ZMin":0,"ZMax":500,"ToolLength1":50,"ToolLength2":50,"ToolLength3":50,"ToolLength4":50,"T1OffsetPos":10,"T2OffsetPos":20,"T3OffsetPos":30,"T4OffsetPos":40,"T1OffsetPosX":0,"T2OffsetPosX":0,"T3OffsetPosX":0,"T4OffsetPosX":0,"HomeX":0,"HomeY":0,"SafetyHeight":50,"ClampForce":100,"SuperviseTimePunching":0,"RunningTimeBeltWorkpiece":0,"RunningTimeBeltRest":0,"WaitingTimeClosingGrippers":0,"WaitingTimeOpenGrippers":0,"WaitingTimeClosingClamping":0,"WaitingTimeOpenClamping":0,"PartDropOffPosition":0,"GrabPositionGripper":0,"ChangeoverPositionPunching":0,"ChangeoverPositionCutting":0,"OffsetSideStop":0,"ZeroPointTool4":0,"ChangePositionTool4":0,"XAxisAcceleration":0,"XAxisUnblockY":0,"YAxisAcceleration":0,"YAxisUnblockXRight":0,"YAxisUnblockXLeft":0,"YAxisSideStop":0,"ZAxisAcceleration":0}
[2026-06-14 17:44:02] LoadFromSettings finished property assignment
[2026-06-14 17:44:02] LoadFromSettings completed
[2026-06-14 17:46:44] SettingsViewModel constructor start
[2026-06-14 17:46:44] Calling LoadFromSettings
[2026-06-14 17:46:45] LoadFromSettings called with: {"SpeedX":1000,"SpeedY":1000,"SpeedXHand":200,"SpeedYHand":200,"SpeedZ":1000,"SpeedZHand":200,"XMin":0,"XMax":1000,"YMin":0,"YMax":600,"ZMin":0,"ZMax":500,"ToolLength1":50,"ToolLength2":50,"ToolLength3":50,"ToolLength4":50,"T1OffsetPos":10,"T2OffsetPos":20,"T3OffsetPos":30,"T4OffsetPos":40,"T1OffsetPosX":0,"T2OffsetPosX":0,"T3OffsetPosX":0,"T4OffsetPosX":0,"HomeX":0,"HomeY":0,"SafetyHeight":50,"ClampForce":100,"SuperviseTimePunching":0,"RunningTimeBeltWorkpiece":0,"RunningTimeBeltRest":0,"WaitingTimeClosingGrippers":0,"WaitingTimeOpenGrippers":0,"WaitingTimeClosingClamping":0,"WaitingTimeOpenClamping":0,"PartDropOffPosition":0,"GrabPositionGripper":0,"ChangeoverPositionPunching":0,"ChangeoverPositionCutting":0,"OffsetSideStop":0,"ZeroPointTool4":0,"ChangePositionTool4":0,"XAxisAcceleration":0,"XAxisUnblockY":0,"YAxisAcceleration":0,"YAxisUnblockXRight":0,"YAxisUnblockXLeft":0,"YAxisSideStop":0,"ZAxisAcceleration":0}
[2026-06-14 17:46:45] LoadFromSettings finished property assignment
[2026-06-14 17:46:45] LoadFromSettings completed
[2026-06-14 18:05:09] SettingsViewModel constructor start
[2026-06-14 18:05:09] Calling LoadFromSettings
[2026-06-14 18:05:10] LoadFromSettings called with: {"SpeedX":1000,"SpeedY":1000,"SpeedXHand":200,"SpeedYHand":200,"SpeedZ":1000,"SpeedZHand":200,"XMin":0,"XMax":1000,"YMin":0,"YMax":600,"ZMin":0,"ZMax":500,"ToolLength1":50,"ToolLength2":50,"ToolLength3":50,"ToolLength4":50,"T1OffsetPos":10,"T2OffsetPos":20,"T3OffsetPos":30,"T4OffsetPos":40,"T1OffsetPosX":0,"T2OffsetPosX":0,"T3OffsetPosX":0,"T4OffsetPosX":0,"HomeX":0,"HomeY":0,"SafetyHeight":50,"ClampForce":100,"SuperviseTimePunching":0,"RunningTimeBeltWorkpiece":0,"RunningTimeBeltRest":0,"WaitingTimeClosingGrippers":0,"WaitingTimeOpenGrippers":0,"WaitingTimeClosingClamping":0,"WaitingTimeOpenClamping":0,"PartDropOffPosition":0,"GrabPositionGripper":0,"ChangeoverPositionPunching":0,"ChangeoverPositionCutting":0,"OffsetSideStop":0,"ZeroPointTool4":0,"ChangePositionTool4":0,"XAxisAcceleration":0,"XAxisUnblockY":0,"YAxisAcceleration":0,"YAxisUnblockXRight":0,"YAxisUnblockXLeft":0,"YAxisSideStop":0,"ZAxisAcceleration":0,"HOMEX_POS":0,"HOMEY_POS":0}
[2026-06-14 18:05:10] LoadFromSettings finished property assignment
[2026-06-14 18:05:10] LoadFromSettings completed
[2026-06-14 18:08:01] SettingsViewModel constructor start
[2026-06-14 18:08:01] Calling LoadFromSettings
[2026-06-14 18:08:01] LoadFromSettings called with: {"SpeedX":1000,"SpeedY":1000,"SpeedXHand":200,"SpeedYHand":200,"SpeedZ":1000,"SpeedZHand":200,"XMin":0,"XMax":1000,"YMin":0,"YMax":600,"ZMin":0,"ZMax":500,"ToolLength1":50,"ToolLength2":50,"ToolLength3":50,"ToolLength4":50,"T1OffsetPos":10,"T2OffsetPos":20,"T3OffsetPos":30,"T4OffsetPos":40,"T1OffsetPosX":0,"T2OffsetPosX":0,"T3OffsetPosX":0,"T4OffsetPosX":0,"HomeX":0,"HomeY":0,"SafetyHeight":50,"ClampForce":100,"SuperviseTimePunching":0,"RunningTimeBeltWorkpiece":0,"RunningTimeBeltRest":0,"WaitingTimeClosingGrippers":0,"WaitingTimeOpenGrippers":0,"WaitingTimeClosingClamping":0,"WaitingTimeOpenClamping":0,"PartDropOffPosition":0,"GrabPositionGripper":0,"ChangeoverPositionPunching":0,"ChangeoverPositionCutting":0,"OffsetSideStop":0,"ZeroPointTool4":0,"ChangePositionTool4":0,"XAxisAcceleration":0,"XAxisUnblockY":0,"YAxisAcceleration":0,"YAxisUnblockXRight":0,"YAxisUnblockXLeft":0,"YAxisSideStop":0,"ZAxisAcceleration":0,"HOMEX_POS":0,"HOMEY_POS":0}
[2026-06-14 18:08:01] LoadFromSettings finished property assignment
[2026-06-14 18:08:01] LoadFromSettings completed
[2026-06-14 18:12:27] SettingsViewModel constructor start
[2026-06-14 18:12:27] Calling LoadFromSettings
[2026-06-14 18:12:27] LoadFromSettings called with: {"SpeedX":1000,"SpeedY":1000,"SpeedXHand":200,"SpeedYHand":200,"SpeedZ":1000,"SpeedZHand":200,"XMin":0,"XMax":1000,"YMin":0,"YMax":600,"ZMin":0,"ZMax":500,"ToolLength1":50,"ToolLength2":50,"ToolLength3":50,"ToolLength4":50,"T1OffsetPos":10,"T2OffsetPos":20,"T3OffsetPos":30,"T4OffsetPos":40,"T1OffsetPosX":0,"T2OffsetPosX":0,"T3OffsetPosX":0,"T4OffsetPosX":0,"HomeX":0,"HomeY":0,"SafetyHeight":50,"ClampForce":100,"SuperviseTimePunching":0,"RunningTimeBeltWorkpiece":0,"RunningTimeBeltRest":0,"WaitingTimeClosingGrippers":0,"WaitingTimeOpenGrippers":0,"WaitingTimeClosingClamping":0,"WaitingTimeOpenClamping":0,"PartDropOffPosition":0,"GrabPositionGripper":0,"ChangeoverPositionPunching":0,"ChangeoverPositionCutting":0,"OffsetSideStop":0,"ZeroPointTool4":0,"ChangePositionTool4":0,"XAxisAcceleration":0,"XAxisUnblockY":0,"YAxisAcceleration":0,"YAxisUnblockXRight":0,"YAxisUnblockXLeft":0,"YAxisSideStop":0,"ZAxisAcceleration":0,"HOMEX_POS":0,"HOMEY_POS":0}
[2026-06-14 18:12:27] LoadFromSettings finished property assignment
[2026-06-14 18:12:27] LoadFromSettings completed
[2026-06-14 18:15:12] SettingsViewModel constructor start
[2026-06-14 18:15:12] Calling LoadFromSettings
[2026-06-14 18:15:12] LoadFromSettings called with: {"SpeedX":1000,"SpeedY":1000,"SpeedXHand":200,"SpeedYHand":200,"SpeedZ":1000,"SpeedZHand":200,"XMin":0,"XMax":1000,"YMin":0,"YMax":600,"ZMin":0,"ZMax":500,"ToolLength1":50,"ToolLength2":50,"ToolLength3":50,"ToolLength4":50,"T1OffsetPos":10,"T2OffsetPos":20,"T3OffsetPos":30,"T4OffsetPos":40,"T1OffsetPosX":0,"T2OffsetPosX":0,"T3OffsetPosX":0,"T4OffsetPosX":0,"HomeX":0,"HomeY":0,"SafetyHeight":50,"ClampForce":100,"SuperviseTimePunching":0,"RunningTimeBeltWorkpiece":0,"RunningTimeBeltRest":0,"WaitingTimeClosingGrippers":0,"WaitingTimeOpenGrippers":0,"WaitingTimeClosingClamping":0,"WaitingTimeOpenClamping":0,"PartDropOffPosition":0,"GrabPositionGripper":0,"ChangeoverPositionPunching":0,"ChangeoverPositionCutting":0,"OffsetSideStop":0,"ZeroPointTool4":0,"ChangePositionTool4":0,"XAxisAcceleration":0,"XAxisUnblockY":0,"YAxisAcceleration":0,"YAxisUnblockXRight":0,"YAxisUnblockXLeft":0,"YAxisSideStop":0,"ZAxisAcceleration":0,"HOMEX_POS":0,"HOMEY_POS":0}
[2026-06-14 18:15:12] LoadFromSettings finished property assignment
[2026-06-14 18:15:12] LoadFromSettings completed
[2026-06-14 18:18:17] SettingsViewModel constructor start
[2026-06-14 18:18:17] Calling LoadFromSettings
[2026-06-14 18:18:17] LoadFromSettings called with: {"SpeedX":1000,"SpeedY":1000,"SpeedXHand":200,"SpeedYHand":200,"SpeedZ":1000,"SpeedZHand":200,"XMin":0,"XMax":1000,"YMin":0,"YMax":600,"ZMin":0,"ZMax":500,"ToolLength1":50,"ToolLength2":50,"ToolLength3":50,"ToolLength4":50,"T1OffsetPos":10,"T2OffsetPos":20,"T3OffsetPos":30,"T4OffsetPos":40,"T1OffsetPosX":0,"T2OffsetPosX":0,"T3OffsetPosX":0,"T4OffsetPosX":0,"HomeX":0,"HomeY":0,"SafetyHeight":50,"ClampForce":100,"SuperviseTimePunching":0,"RunningTimeBeltWorkpiece":0,"RunningTimeBeltRest":0,"WaitingTimeClosingGrippers":0,"WaitingTimeOpenGrippers":0,"WaitingTimeClosingClamping":0,"WaitingTimeOpenClamping":0,"PartDropOffPosition":0,"GrabPositionGripper":0,"ChangeoverPositionPunching":0,"ChangeoverPositionCutting":0,"OffsetSideStop":0,"ZeroPointTool4":0,"ChangePositionTool4":0,"XAxisAcceleration":0,"XAxisUnblockY":0,"YAxisAcceleration":0,"YAxisUnblockXRight":0,"YAxisUnblockXLeft":0,"YAxisSideStop":0,"ZAxisAcceleration":0,"HOMEX_POS":0,"HOMEY_POS":0}
[2026-06-14 18:18:17] LoadFromSettings finished property assignment
[2026-06-14 18:18:17] LoadFromSettings completed
[2026-06-14 18:22:27] SettingsViewModel constructor start
[2026-06-14 18:22:27] Calling LoadFromSettings
[2026-06-14 18:22:27] LoadFromSettings called with: {"SpeedX":1000,"SpeedY":1000,"SpeedXHand":200,"SpeedYHand":200,"SpeedZ":1000,"SpeedZHand":200,"XMin":0,"XMax":1000,"YMin":0,"YMax":600,"ZMin":0,"ZMax":500,"ToolLength1":50,"ToolLength2":50,"ToolLength3":50,"ToolLength4":50,"T1OffsetPos":10,"T2OffsetPos":20,"T3OffsetPos":30,"T4OffsetPos":40,"T1OffsetPosX":0,"T2OffsetPosX":0,"T3OffsetPosX":0,"T4OffsetPosX":0,"HomeX":0,"HomeY":0,"SafetyHeight":50,"ClampForce":100,"SuperviseTimePunching":0,"RunningTimeBeltWorkpiece":0,"RunningTimeBeltRest":0,"WaitingTimeClosingGrippers":0,"WaitingTimeOpenGrippers":0,"WaitingTimeClosingClamping":0,"WaitingTimeOpenClamping":0,"PartDropOffPosition":0,"GrabPositionGripper":0,"ChangeoverPositionPunching":0,"ChangeoverPositionCutting":0,"OffsetSideStop":0,"ZeroPointTool4":0,"ChangePositionTool4":0,"XAxisAcceleration":0,"XAxisUnblockY":0,"YAxisAcceleration":0,"YAxisUnblockXRight":0,"YAxisUnblockXLeft":0,"YAxisSideStop":0,"ZAxisAcceleration":0,"HOMEX_POS":0,"HOMEY_POS":0}
[2026-06-14 18:22:27] LoadFromSettings finished property assignment
[2026-06-14 18:22:27] LoadFromSettings completed
[2026-06-14 18:24:43] SettingsViewModel constructor start
[2026-06-14 18:24:43] Calling LoadFromSettings
[2026-06-14 18:24:43] LoadFromSettings called with: {"SpeedX":1000,"SpeedY":1000,"SpeedXHand":200,"SpeedYHand":200,"SpeedZ":1000,"SpeedZHand":200,"XMin":0,"XMax":1000,"YMin":0,"YMax":600,"ZMin":0,"ZMax":500,"ToolLength1":50,"ToolLength2":50,"ToolLength3":50,"ToolLength4":50,"T1OffsetPos":10,"T2OffsetPos":20,"T3OffsetPos":30,"T4OffsetPos":40,"T1OffsetPosX":0,"T2OffsetPosX":0,"T3OffsetPosX":0,"T4OffsetPosX":0,"HomeX":0,"HomeY":0,"SafetyHeight":50,"ClampForce":100,"SuperviseTimePunching":0,"RunningTimeBeltWorkpiece":0,"RunningTimeBeltRest":0,"WaitingTimeClosingGrippers":0,"WaitingTimeOpenGrippers":0,"WaitingTimeClosingClamping":0,"WaitingTimeOpenClamping":0,"PartDropOffPosition":0,"GrabPositionGripper":0,"ChangeoverPositionPunching":0,"ChangeoverPositionCutting":0,"OffsetSideStop":0,"ZeroPointTool4":0,"ChangePositionTool4":0,"XAxisAcceleration":0,"XAxisUnblockY":0,"YAxisAcceleration":0,"YAxisUnblockXRight":0,"YAxisUnblockXLeft":0,"YAxisSideStop":0,"ZAxisAcceleration":0,"HOMEX_POS":0,"HOMEY_POS":0}
[2026-06-14 18:24:43] LoadFromSettings finished property assignment
[2026-06-14 18:24:43] LoadFromSettings completed
[2026-06-14 18:29:51] SettingsViewModel constructor start
[2026-06-14 18:29:51] Calling LoadFromSettings
[2026-06-14 18:29:52] LoadFromSettings called with: {"SpeedX":1000,"SpeedY":1000,"SpeedXHand":200,"SpeedYHand":200,"SpeedZ":1000,"SpeedZHand":200,"XMin":0,"XMax":1000,"YMin":0,"YMax":600,"ZMin":0,"ZMax":500,"ToolLength1":50,"ToolLength2":50,"ToolLength3":50,"ToolLength4":50,"T1OffsetPos":10,"T2OffsetPos":20,"T3OffsetPos":30,"T4OffsetPos":40,"T1OffsetPosX":0,"T2OffsetPosX":0,"T3OffsetPosX":0,"T4OffsetPosX":0,"HomeX":0,"HomeY":0,"SafetyHeight":50,"ClampForce":100,"SuperviseTimePunching":0,"RunningTimeBeltWorkpiece":0,"RunningTimeBeltRest":0,"WaitingTimeClosingGrippers":0,"WaitingTimeOpenGrippers":0,"WaitingTimeClosingClamping":0,"WaitingTimeOpenClamping":0,"PartDropOffPosition":0,"GrabPositionGripper":0,"ChangeoverPositionPunching":0,"ChangeoverPositionCutting":0,"OffsetSideStop":0,"ZeroPointTool4":0,"ChangePositionTool4":0,"XAxisAcceleration":0,"XAxisUnblockY":0,"YAxisAcceleration":0,"YAxisUnblockXRight":0,"YAxisUnblockXLeft":0,"YAxisSideStop":0,"ZAxisAcceleration":0,"HOMEX_POS":0,"HOMEY_POS":0}
[2026-06-14 18:29:52] LoadFromSettings finished property assignment
[2026-06-14 18:29:52] LoadFromSettings completed
[2026-06-14 18:34:33] SettingsViewModel constructor start
[2026-06-14 18:34:33] Calling LoadFromSettings
[2026-06-14 18:34:33] LoadFromSettings called with: {"SpeedX":1000,"SpeedY":1000,"SpeedXHand":200,"SpeedYHand":200,"SpeedZ":1000,"SpeedZHand":200,"XMin":0,"XMax":1000,"YMin":0,"YMax":600,"ZMin":0,"ZMax":500,"ToolLength1":50,"ToolLength2":50,"ToolLength3":50,"ToolLength4":50,"T1OffsetPos":10,"T2OffsetPos":20,"T3OffsetPos":30,"T4OffsetPos":40,"T1OffsetPosX":0,"T2OffsetPosX":0,"T3OffsetPosX":0,"T4OffsetPosX":0,"HomeX":0,"HomeY":0,"SafetyHeight":50,"ClampForce":100,"SuperviseTimePunching":0,"RunningTimeBeltWorkpiece":0,"RunningTimeBeltRest":0,"WaitingTimeClosingGrippers":0,"WaitingTimeOpenGrippers":0,"WaitingTimeClosingClamping":0,"WaitingTimeOpenClamping":0,"PartDropOffPosition":0,"GrabPositionGripper":0,"ChangeoverPositionPunching":0,"ChangeoverPositionCutting":0,"OffsetSideStop":0,"ZeroPointTool4":0,"ChangePositionTool4":0,"XAxisAcceleration":0,"XAxisUnblockY":0,"YAxisAcceleration":0,"YAxisUnblockXRight":0,"YAxisUnblockXLeft":0,"YAxisSideStop":0,"ZAxisAcceleration":0,"HOMEX_POS":0,"HOMEY_POS":0}
[2026-06-14 18:34:33] LoadFromSettings finished property assignment
[2026-06-14 18:34:33] LoadFromSettings completed
[2026-06-14 18:38:00] SettingsViewModel constructor start
[2026-06-14 18:38:00] Calling LoadFromSettings
[2026-06-14 18:38:00] LoadFromSettings called with: {"SpeedX":1000,"SpeedY":1000,"SpeedXHand":200,"SpeedYHand":200,"SpeedZ":1000,"SpeedZHand":200,"XMin":0,"XMax":1000,"YMin":0,"YMax":600,"ZMin":0,"ZMax":500,"ToolLength1":50,"ToolLength2":50,"ToolLength3":50,"ToolLength4":50,"T1OffsetPos":10,"T2OffsetPos":20,"T3OffsetPos":30,"T4OffsetPos":40,"T1OffsetPosX":0,"T2OffsetPosX":0,"T3OffsetPosX":0,"T4OffsetPosX":0,"HomeX":0,"HomeY":0,"SafetyHeight":50,"ClampForce":100,"SuperviseTimePunching":0,"RunningTimeBeltWorkpiece":0,"RunningTimeBeltRest":0,"WaitingTimeClosingGrippers":0,"WaitingTimeOpenGrippers":0,"WaitingTimeClosingClamping":0,"WaitingTimeOpenClamping":0,"PartDropOffPosition":0,"GrabPositionGripper":0,"ChangeoverPositionPunching":0,"ChangeoverPositionCutting":0,"OffsetSideStop":0,"ZeroPointTool4":0,"ChangePositionTool4":0,"XAxisAcceleration":0,"XAxisUnblockY":0,"YAxisAcceleration":0,"YAxisUnblockXRight":0,"YAxisUnblockXLeft":0,"YAxisSideStop":0,"ZAxisAcceleration":0,"HOMEX_POS":0,"HOMEY_POS":0}
[2026-06-14 18:38:00] LoadFromSettings finished property assignment
[2026-06-14 18:38:00] LoadFromSettings completed
[2026-06-14 18:42:08] SettingsViewModel constructor start
[2026-06-14 18:42:08] Calling LoadFromSettings
[2026-06-14 18:42:08] LoadFromSettings called with: {"SpeedX":1000,"SpeedY":1000,"SpeedXHand":200,"SpeedYHand":200,"SpeedZ":1000,"SpeedZHand":200,"XMin":0,"XMax":1000,"YMin":0,"YMax":600,"ZMin":0,"ZMax":500,"ToolLength1":50,"ToolLength2":50,"ToolLength3":50,"ToolLength4":50,"T1OffsetPos":10,"T2OffsetPos":20,"T3OffsetPos":30,"T4OffsetPos":40,"T1OffsetPosX":0,"T2OffsetPosX":0,"T3OffsetPosX":0,"T4OffsetPosX":0,"HomeX":0,"HomeY":0,"SafetyHeight":50,"ClampForce":100,"SuperviseTimePunching":0,"RunningTimeBeltWorkpiece":0,"RunningTimeBeltRest":0,"WaitingTimeClosingGrippers":0,"WaitingTimeOpenGrippers":0,"WaitingTimeClosingClamping":0,"WaitingTimeOpenClamping":0,"PartDropOffPosition":0,"GrabPositionGripper":0,"ChangeoverPositionPunching":0,"ChangeoverPositionCutting":0,"OffsetSideStop":0,"ZeroPointTool4":0,"ChangePositionTool4":0,"XAxisAcceleration":0,"XAxisUnblockY":0,"YAxisAcceleration":0,"YAxisUnblockXRight":0,"YAxisUnblockXLeft":0,"YAxisSideStop":0,"ZAxisAcceleration":0,"HOMEX_POS":0,"HOMEY_POS":0}
[2026-06-14 18:42:08] LoadFromSettings finished property assignment
[2026-06-14 18:42:08] LoadFromSettings completed
[2026-06-14 18:44:22] SettingsViewModel constructor start
[2026-06-14 18:44:22] Calling LoadFromSettings
[2026-06-14 18:44:22] LoadFromSettings called with: {"SpeedX":1000,"SpeedY":1000,"SpeedXHand":200,"SpeedYHand":200,"SpeedZ":1000,"SpeedZHand":200,"XMin":0,"XMax":1000,"YMin":0,"YMax":600,"ZMin":0,"ZMax":500,"ToolLength1":50,"ToolLength2":50,"ToolLength3":50,"ToolLength4":50,"T1OffsetPos":10,"T2OffsetPos":20,"T3OffsetPos":30,"T4OffsetPos":40,"T1OffsetPosX":0,"T2OffsetPosX":0,"T3OffsetPosX":0,"T4OffsetPosX":0,"HomeX":0,"HomeY":0,"SafetyHeight":50,"ClampForce":100,"SuperviseTimePunching":0,"RunningTimeBeltWorkpiece":0,"RunningTimeBeltRest":0,"WaitingTimeClosingGrippers":0,"WaitingTimeOpenGrippers":0,"WaitingTimeClosingClamping":0,"WaitingTimeOpenClamping":0,"PartDropOffPosition":0,"GrabPositionGripper":0,"ChangeoverPositionPunching":0,"ChangeoverPositionCutting":0,"OffsetSideStop":0,"ZeroPointTool4":0,"ChangePositionTool4":0,"XAxisAcceleration":0,"XAxisUnblockY":0,"YAxisAcceleration":0,"YAxisUnblockXRight":0,"YAxisUnblockXLeft":0,"YAxisSideStop":0,"ZAxisAcceleration":0,"HOMEX_POS":0,"HOMEY_POS":0}
[2026-06-14 18:44:22] LoadFromSettings finished property assignment
[2026-06-14 18:44:22] LoadFromSettings completed
[2026-06-14 18:58:14] SettingsViewModel constructor start
[2026-06-14 18:58:14] Calling LoadFromSettings
[2026-06-14 18:58:14] LoadFromSettings called with: {"SpeedX":1000,"SpeedY":1000,"SpeedXHand":200,"SpeedYHand":200,"SpeedZ":1000,"SpeedZHand":200,"XMin":0,"XMax":1000,"YMin":0,"YMax":600,"ZMin":0,"ZMax":500,"ToolLength1":50,"ToolLength2":50,"ToolLength3":50,"ToolLength4":50,"T1OffsetPos":10,"T2OffsetPos":20,"T3OffsetPos":30,"T4OffsetPos":40,"T1OffsetPosX":0,"T2OffsetPosX":0,"T3OffsetPosX":0,"T4OffsetPosX":0,"HomeX":0,"HomeY":0,"SafetyHeight":50,"ClampForce":100,"SuperviseTimePunching":0,"RunningTimeBeltWorkpiece":0,"RunningTimeBeltRest":0,"WaitingTimeClosingGrippers":0,"WaitingTimeOpenGrippers":0,"WaitingTimeClosingClamping":0,"WaitingTimeOpenClamping":0,"PartDropOffPosition":0,"GrabPositionGripper":0,"ChangeoverPositionPunching":0,"ChangeoverPositionCutting":0,"OffsetSideStop":0,"ZeroPointTool4":0,"ChangePositionTool4":0,"XAxisAcceleration":0,"XAxisUnblockY":0,"YAxisAcceleration":0,"YAxisUnblockXRight":0,"YAxisUnblockXLeft":0,"YAxisSideStop":0,"ZAxisAcceleration":0,"HOMEX_POS":0,"HOMEY_POS":0}
[2026-06-14 18:58:14] LoadFromSettings finished property assignment
[2026-06-14 18:58:14] LoadFromSettings completed
[2026-06-14 21:04:41] SettingsViewModel constructor start
[2026-06-14 21:04:41] Calling LoadFromSettings
[2026-06-14 21:04:41] LoadFromSettings called with: {"SpeedX":1000,"SpeedY":1000,"SpeedXHand":200,"SpeedYHand":200,"SpeedZ":1000,"SpeedZHand":200,"XMin":0,"XMax":1000,"YMin":0,"YMax":600,"ZMin":0,"ZMax":500,"ToolLength1":50,"ToolLength2":50,"ToolLength3":50,"ToolLength4":50,"T1OffsetPos":10,"T2OffsetPos":20,"T3OffsetPos":30,"T4OffsetPos":40,"T1OffsetPosX":0,"T2OffsetPosX":0,"T3OffsetPosX":0,"T4OffsetPosX":0,"HomeX":0,"HomeY":0,"SafetyHeight":50,"ClampForce":100,"SuperviseTimePunching":0,"RunningTimeBeltWorkpiece":0,"RunningTimeBeltRest":0,"WaitingTimeClosingGrippers":0,"WaitingTimeOpenGrippers":0,"WaitingTimeClosingClamping":0,"WaitingTimeOpenClamping":0,"PartDropOffPosition":0,"GrabPositionGripper":0,"ChangeoverPositionPunching":0,"ChangeoverPositionCutting":0,"OffsetSideStop":0,"ZeroPointTool4":0,"ChangePositionTool4":0,"XAxisAcceleration":0,"XAxisUnblockY":0,"YAxisAcceleration":0,"YAxisUnblockXRight":0,"YAxisUnblockXLeft":0,"YAxisSideStop":0,"ZAxisAcceleration":0,"HOMEX_POS":0,"HOMEY_POS":0}
[2026-06-14 21:04:41] LoadFromSettings finished property assignment
[2026-06-14 21:04:41] LoadFromSettings completed
[2026-06-14 21:09:56] SettingsViewModel constructor start
[2026-06-14 21:09:56] Calling LoadFromSettings
[2026-06-14 21:09:56] LoadFromSettings called with: {"SpeedX":1000,"SpeedY":1000,"SpeedXHand":200,"SpeedYHand":200,"SpeedZ":1000,"SpeedZHand":200,"XMin":0,"XMax":1000,"YMin":0,"YMax":600,"ZMin":0,"ZMax":500,"ToolLength1":50,"ToolLength2":50,"ToolLength3":50,"ToolLength4":50,"T1OffsetPos":10,"T2OffsetPos":20,"T3OffsetPos":30,"T4OffsetPos":40,"T1OffsetPosX":0,"T2OffsetPosX":0,"T3OffsetPosX":0,"T4OffsetPosX":0,"HomeX":0,"HomeY":0,"SafetyHeight":50,"ClampForce":100,"SuperviseTimePunching":0,"RunningTimeBeltWorkpiece":0,"RunningTimeBeltRest":0,"WaitingTimeClosingGrippers":0,"WaitingTimeOpenGrippers":0,"WaitingTimeClosingClamping":0,"WaitingTimeOpenClamping":0,"PartDropOffPosition":0,"GrabPositionGripper":0,"ChangeoverPositionPunching":0,"ChangeoverPositionCutting":0,"OffsetSideStop":0,"ZeroPointTool4":0,"ChangePositionTool4":0,"XAxisAcceleration":0,"XAxisUnblockY":0,"YAxisAcceleration":0,"YAxisUnblockXRight":0,"YAxisUnblockXLeft":0,"YAxisSideStop":0,"ZAxisAcceleration":0,"HOMEX_POS":0,"HOMEY_POS":0}
[2026-06-14 21:09:56] LoadFromSettings finished property assignment
[2026-06-14 21:09:56] LoadFromSettings completed
[2026-06-14 21:15:39] SettingsViewModel constructor start
[2026-06-14 21:15:39] Calling LoadFromSettings
[2026-06-14 21:15:39] LoadFromSettings called with: {"SpeedX":1000,"SpeedY":1000,"SpeedXHand":200,"SpeedYHand":200,"SpeedZ":1000,"SpeedZHand":200,"XMin":0,"XMax":1000,"YMin":0,"YMax":600,"ZMin":0,"ZMax":500,"ToolLength1":50,"ToolLength2":50,"ToolLength3":50,"ToolLength4":50,"T1OffsetPos":10,"T2OffsetPos":20,"T3OffsetPos":30,"T4OffsetPos":40,"T1OffsetPosX":0,"T2OffsetPosX":0,"T3OffsetPosX":0,"T4OffsetPosX":0,"HomeX":0,"HomeY":0,"SafetyHeight":50,"ClampForce":100,"SuperviseTimePunching":0,"RunningTimeBeltWorkpiece":0,"RunningTimeBeltRest":0,"WaitingTimeClosingGrippers":0,"WaitingTimeOpenGrippers":0,"WaitingTimeClosingClamping":0,"WaitingTimeOpenClamping":0,"PartDropOffPosition":0,"GrabPositionGripper":0,"ChangeoverPositionPunching":0,"ChangeoverPositionCutting":0,"OffsetSideStop":0,"ZeroPointTool4":0,"ChangePositionTool4":0,"XAxisAcceleration":0,"XAxisUnblockY":0,"YAxisAcceleration":0,"YAxisUnblockXRight":0,"YAxisUnblockXLeft":0,"YAxisSideStop":0,"ZAxisAcceleration":0,"HOMEX_POS":0,"HOMEY_POS":0}
[2026-06-14 21:15:39] LoadFromSettings finished property assignment
[2026-06-14 21:15:39] LoadFromSettings completed
[2026-06-14 21:19:15] SettingsViewModel constructor start
[2026-06-14 21:19:15] Calling LoadFromSettings
[2026-06-14 21:19:15] LoadFromSettings called with: {"SpeedX":1000,"SpeedY":1000,"SpeedXHand":200,"SpeedYHand":200,"SpeedZ":1000,"SpeedZHand":200,"XMin":0,"XMax":1000,"YMin":0,"YMax":600,"ZMin":0,"ZMax":500,"ToolLength1":50,"ToolLength2":50,"ToolLength3":50,"ToolLength4":50,"T1OffsetPos":10,"T2OffsetPos":20,"T3OffsetPos":30,"T4OffsetPos":40,"T1OffsetPosX":0,"T2OffsetPosX":0,"T3OffsetPosX":0,"T4OffsetPosX":0,"HomeX":0,"HomeY":0,"SafetyHeight":50,"ClampForce":100,"SuperviseTimePunching":0,"RunningTimeBeltWorkpiece":0,"RunningTimeBeltRest":0,"WaitingTimeClosingGrippers":0,"WaitingTimeOpenGrippers":0,"WaitingTimeClosingClamping":0,"WaitingTimeOpenClamping":0,"PartDropOffPosition":0,"GrabPositionGripper":0,"ChangeoverPositionPunching":0,"ChangeoverPositionCutting":0,"OffsetSideStop":0,"ZeroPointTool4":0,"ChangePositionTool4":0,"XAxisAcceleration":0,"XAxisUnblockY":0,"YAxisAcceleration":0,"YAxisUnblockXRight":0,"YAxisUnblockXLeft":0,"YAxisSideStop":0,"ZAxisAcceleration":0,"HOMEX_POS":0,"HOMEY_POS":0}
[2026-06-14 21:19:15] LoadFromSettings finished property assignment
[2026-06-14 21:19:15] LoadFromSettings completed
[2026-06-14 21:21:44] SettingsViewModel constructor start
[2026-06-14 21:21:44] Calling LoadFromSettings
[2026-06-14 21:21:44] LoadFromSettings called with: {"SpeedX":1000,"SpeedY":1000,"SpeedXHand":200,"SpeedYHand":200,"SpeedZ":1000,"SpeedZHand":200,"XMin":0,"XMax":1000,"YMin":0,"YMax":600,"ZMin":0,"ZMax":500,"ToolLength1":50,"ToolLength2":50,"ToolLength3":50,"ToolLength4":50,"T1OffsetPos":10,"T2OffsetPos":20,"T3OffsetPos":30,"T4OffsetPos":40,"T1OffsetPosX":0,"T2OffsetPosX":0,"T3OffsetPosX":0,"T4OffsetPosX":0,"HomeX":0,"HomeY":0,"SafetyHeight":50,"ClampForce":100,"SuperviseTimePunching":0,"RunningTimeBeltWorkpiece":0,"RunningTimeBeltRest":0,"WaitingTimeClosingGrippers":0,"WaitingTimeOpenGrippers":0,"WaitingTimeClosingClamping":0,"WaitingTimeOpenClamping":0,"PartDropOffPosition":0,"GrabPositionGripper":0,"ChangeoverPositionPunching":0,"ChangeoverPositionCutting":0,"OffsetSideStop":0,"ZeroPointTool4":0,"ChangePositionTool4":0,"XAxisAcceleration":0,"XAxisUnblockY":0,"YAxisAcceleration":0,"YAxisUnblockXRight":0,"YAxisUnblockXLeft":0,"YAxisSideStop":0,"ZAxisAcceleration":0,"HOMEX_POS":0,"HOMEY_POS":0}
[2026-06-14 21:21:44] LoadFromSettings finished property assignment
[2026-06-14 21:21:44] LoadFromSettings completed
[2026-06-14 21:27:22] SettingsViewModel constructor start
[2026-06-14 21:27:22] Calling LoadFromSettings
[2026-06-14 21:27:22] LoadFromSettings called with: {"SpeedX":1000,"SpeedY":1000,"SpeedXHand":200,"SpeedYHand":200,"SpeedZ":1000,"SpeedZHand":200,"XMin":0,"XMax":1000,"YMin":0,"YMax":600,"ZMin":0,"ZMax":500,"ToolLength1":50,"ToolLength2":50,"ToolLength3":50,"ToolLength4":50,"T1OffsetPos":10,"T2OffsetPos":20,"T3OffsetPos":30,"T4OffsetPos":40,"T1OffsetPosX":0,"T2OffsetPosX":0,"T3OffsetPosX":0,"T4OffsetPosX":0,"HomeX":0,"HomeY":0,"SafetyHeight":50,"ClampForce":100,"SuperviseTimePunching":0,"RunningTimeBeltWorkpiece":0,"RunningTimeBeltRest":0,"WaitingTimeClosingGrippers":0,"WaitingTimeOpenGrippers":0,"WaitingTimeClosingClamping":0,"WaitingTimeOpenClamping":0,"PartDropOffPosition":0,"GrabPositionGripper":0,"ChangeoverPositionPunching":0,"ChangeoverPositionCutting":0,"OffsetSideStop":0,"ZeroPointTool4":0,"ChangePositionTool4":0,"XAxisAcceleration":0,"XAxisUnblockY":0,"YAxisAcceleration":0,"YAxisUnblockXRight":0,"YAxisUnblockXLeft":0,"YAxisSideStop":0,"ZAxisAcceleration":0,"HOMEX_POS":0,"HOMEY_POS":0}
[2026-06-14 21:27:22] LoadFromSettings finished property assignment
[2026-06-14 21:27:22] LoadFromSettings completed
[2026-06-14 21:29:31] SettingsViewModel constructor start
[2026-06-14 21:29:31] Calling LoadFromSettings
[2026-06-14 21:29:31] LoadFromSettings called with: {"SpeedX":1000,"SpeedY":1000,"SpeedXHand":200,"SpeedYHand":200,"SpeedZ":1000,"SpeedZHand":200,"XMin":0,"XMax":1000,"YMin":0,"YMax":600,"ZMin":0,"ZMax":500,"ToolLength1":50,"ToolLength2":50,"ToolLength3":50,"ToolLength4":50,"T1OffsetPos":10,"T2OffsetPos":20,"T3OffsetPos":30,"T4OffsetPos":40,"T1OffsetPosX":0,"T2OffsetPosX":0,"T3OffsetPosX":0,"T4OffsetPosX":0,"HomeX":0,"HomeY":0,"SafetyHeight":50,"ClampForce":100,"SuperviseTimePunching":0,"RunningTimeBeltWorkpiece":0,"RunningTimeBeltRest":0,"WaitingTimeClosingGrippers":0,"WaitingTimeOpenGrippers":0,"WaitingTimeClosingClamping":0,"WaitingTimeOpenClamping":0,"PartDropOffPosition":0,"GrabPositionGripper":0,"ChangeoverPositionPunching":0,"ChangeoverPositionCutting":0,"OffsetSideStop":0,"ZeroPointTool4":0,"ChangePositionTool4":0,"XAxisAcceleration":0,"XAxisUnblockY":0,"YAxisAcceleration":0,"YAxisUnblockXRight":0,"YAxisUnblockXLeft":0,"YAxisSideStop":0,"ZAxisAcceleration":0,"HOMEX_POS":0,"HOMEY_POS":0}
[2026-06-14 21:29:31] LoadFromSettings finished property assignment
[2026-06-14 21:29:31] LoadFromSettings completed
[2026-06-14 21:36:05] SettingsViewModel constructor start
[2026-06-14 21:36:05] Calling LoadFromSettings
[2026-06-14 21:36:05] LoadFromSettings called with: {"SpeedX":1000,"SpeedY":1000,"SpeedXHand":200,"SpeedYHand":200,"SpeedZ":1000,"SpeedZHand":200,"XMin":0,"XMax":1000,"YMin":0,"YMax":600,"ZMin":0,"ZMax":500,"ToolLength1":50,"ToolLength2":50,"ToolLength3":50,"ToolLength4":50,"T1OffsetPos":10,"T2OffsetPos":20,"T3OffsetPos":30,"T4OffsetPos":40,"T1OffsetPosX":0,"T2OffsetPosX":0,"T3OffsetPosX":0,"T4OffsetPosX":0,"HomeX":0,"HomeY":0,"SafetyHeight":50,"ClampForce":100,"SuperviseTimePunching":0,"RunningTimeBeltWorkpiece":0,"RunningTimeBeltRest":0,"WaitingTimeClosingGrippers":0,"WaitingTimeOpenGrippers":0,"WaitingTimeClosingClamping":0,"WaitingTimeOpenClamping":0,"PartDropOffPosition":0,"GrabPositionGripper":0,"ChangeoverPositionPunching":0,"ChangeoverPositionCutting":0,"OffsetSideStop":0,"ZeroPointTool4":0,"ChangePositionTool4":0,"XAxisAcceleration":0,"XAxisUnblockY":0,"YAxisAcceleration":0,"YAxisUnblockXRight":0,"YAxisUnblockXLeft":0,"YAxisSideStop":0,"ZAxisAcceleration":0,"HOMEX_POS":0,"HOMEY_POS":0}
[2026-06-14 21:36:05] LoadFromSettings finished property assignment
[2026-06-14 21:36:05] LoadFromSettings completed
[2026-06-14 21:38:23] SettingsViewModel constructor start
[2026-06-14 21:38:23] Calling LoadFromSettings
[2026-06-14 21:38:23] LoadFromSettings called with: {"SpeedX":1000,"SpeedY":1000,"SpeedXHand":200,"SpeedYHand":200,"SpeedZ":1000,"SpeedZHand":200,"XMin":0,"XMax":1000,"YMin":0,"YMax":600,"ZMin":0,"ZMax":500,"ToolLength1":50,"ToolLength2":50,"ToolLength3":50,"ToolLength4":50,"T1OffsetPos":10,"T2OffsetPos":20,"T3OffsetPos":30,"T4OffsetPos":40,"T1OffsetPosX":0,"T2OffsetPosX":0,"T3OffsetPosX":0,"T4OffsetPosX":0,"HomeX":0,"HomeY":0,"SafetyHeight":50,"ClampForce":100,"SuperviseTimePunching":0,"RunningTimeBeltWorkpiece":0,"RunningTimeBeltRest":0,"WaitingTimeClosingGrippers":0,"WaitingTimeOpenGrippers":0,"WaitingTimeClosingClamping":0,"WaitingTimeOpenClamping":0,"PartDropOffPosition":0,"GrabPositionGripper":0,"ChangeoverPositionPunching":0,"ChangeoverPositionCutting":0,"OffsetSideStop":0,"ZeroPointTool4":0,"ChangePositionTool4":0,"XAxisAcceleration":0,"XAxisUnblockY":0,"YAxisAcceleration":0,"YAxisUnblockXRight":0,"YAxisUnblockXLeft":0,"YAxisSideStop":0,"ZAxisAcceleration":0,"HOMEX_POS":0,"HOMEY_POS":0}
[2026-06-14 21:38:23] LoadFromSettings finished property assignment
[2026-06-14 21:38:23] LoadFromSettings completed
[2026-06-14 21:40:41] SettingsViewModel constructor start
[2026-06-14 21:40:41] Calling LoadFromSettings
[2026-06-14 21:40:42] LoadFromSettings called with: {"SpeedX":1000,"SpeedY":1000,"SpeedXHand":200,"SpeedYHand":200,"SpeedZ":1000,"SpeedZHand":200,"XMin":0,"XMax":1000,"YMin":0,"YMax":600,"ZMin":0,"ZMax":500,"ToolLength1":50,"ToolLength2":50,"ToolLength3":50,"ToolLength4":50,"T1OffsetPos":10,"T2OffsetPos":20,"T3OffsetPos":30,"T4OffsetPos":40,"T1OffsetPosX":0,"T2OffsetPosX":0,"T3OffsetPosX":0,"T4OffsetPosX":0,"HomeX":0,"HomeY":0,"SafetyHeight":50,"ClampForce":100,"SuperviseTimePunching":0,"RunningTimeBeltWorkpiece":0,"RunningTimeBeltRest":0,"WaitingTimeClosingGrippers":0,"WaitingTimeOpenGrippers":0,"WaitingTimeClosingClamping":0,"WaitingTimeOpenClamping":0,"PartDropOffPosition":0,"GrabPositionGripper":0,"ChangeoverPositionPunching":0,"ChangeoverPositionCutting":0,"OffsetSideStop":0,"ZeroPointTool4":0,"ChangePositionTool4":0,"XAxisAcceleration":0,"XAxisUnblockY":0,"YAxisAcceleration":0,"YAxisUnblockXRight":0,"YAxisUnblockXLeft":0,"YAxisSideStop":0,"ZAxisAcceleration":0,"HOMEX_POS":0,"HOMEY_POS":0}
[2026-06-14 21:40:42] LoadFromSettings finished property assignment
[2026-06-14 21:40:42] LoadFromSettings completed
[2026-06-14 21:43:32] SettingsViewModel constructor start
[2026-06-14 21:43:32] Calling LoadFromSettings
[2026-06-14 21:43:32] LoadFromSettings called with: {"SpeedX":1000,"SpeedY":1000,"SpeedXHand":200,"SpeedYHand":200,"SpeedZ":1000,"SpeedZHand":200,"XMin":0,"XMax":1000,"YMin":0,"YMax":600,"ZMin":0,"ZMax":500,"ToolLength1":50,"ToolLength2":50,"ToolLength3":50,"ToolLength4":50,"T1OffsetPos":10,"T2OffsetPos":20,"T3OffsetPos":30,"T4OffsetPos":40,"T1OffsetPosX":0,"T2OffsetPosX":0,"T3OffsetPosX":0,"T4OffsetPosX":0,"HomeX":0,"HomeY":0,"SafetyHeight":50,"ClampForce":100,"SuperviseTimePunching":0,"RunningTimeBeltWorkpiece":0,"RunningTimeBeltRest":0,"WaitingTimeClosingGrippers":0,"WaitingTimeOpenGrippers":0,"WaitingTimeClosingClamping":0,"WaitingTimeOpenClamping":0,"PartDropOffPosition":0,"GrabPositionGripper":0,"ChangeoverPositionPunching":0,"ChangeoverPositionCutting":0,"OffsetSideStop":0,"ZeroPointTool4":0,"ChangePositionTool4":0,"XAxisAcceleration":0,"XAxisUnblockY":0,"YAxisAcceleration":0,"YAxisUnblockXRight":0,"YAxisUnblockXLeft":0,"YAxisSideStop":0,"ZAxisAcceleration":0,"HOMEX_POS":0,"HOMEY_POS":0}
[2026-06-14 21:43:32] LoadFromSettings finished property assignment
[2026-06-14 21:43:33] LoadFromSettings completed
[2026-06-15 00:09:06] SettingsViewModel constructor start
[2026-06-15 00:09:06] Calling LoadFromSettings
[2026-06-15 00:09:06] LoadFromSettings called with: {"SpeedX":1000,"SpeedY":1000,"SpeedXHand":200,"SpeedYHand":200,"SpeedZ":1000,"SpeedZHand":200,"XMin":0,"XMax":1000,"YMin":0,"YMax":600,"ZMin":0,"ZMax":500,"ToolLength1":50,"ToolLength2":50,"ToolLength3":50,"ToolLength4":50,"T1OffsetPos":10,"T2OffsetPos":20,"T3OffsetPos":30,"T4OffsetPos":40,"T1OffsetPosX":0,"T2OffsetPosX":0,"T3OffsetPosX":0,"T4OffsetPosX":0,"HomeX":0,"HomeY":0,"SafetyHeight":50,"ClampForce":100,"SuperviseTimePunching":0,"RunningTimeBeltWorkpiece":0,"RunningTimeBeltRest":0,"WaitingTimeClosingGrippers":0,"WaitingTimeOpenGrippers":0,"WaitingTimeClosingClamping":0,"WaitingTimeOpenClamping":0,"PartDropOffPosition":0,"GrabPositionGripper":0,"ChangeoverPositionPunching":0,"ChangeoverPositionCutting":0,"OffsetSideStop":0,"ZeroPointTool4":0,"ChangePositionTool4":0,"XAxisAcceleration":0,"XAxisUnblockY":0,"YAxisAcceleration":0,"YAxisUnblockXRight":0,"YAxisUnblockXLeft":0,"YAxisSideStop":0,"ZAxisAcceleration":0,"HOMEX_POS":0,"HOMEY_POS":0}
[2026-06-15 00:09:06] LoadFromSettings finished property assignment
[2026-06-15 00:09:06] LoadFromSettings completed
[2026-06-15 00:13:17] SettingsViewModel constructor start
[2026-06-15 00:13:17] Calling LoadFromSettings
[2026-06-15 00:13:17] LoadFromSettings called with: {"SpeedX":1000,"SpeedY":1000,"SpeedXHand":200,"SpeedYHand":200,"SpeedZ":1000,"SpeedZHand":200,"XMin":0,"XMax":1000,"YMin":0,"YMax":600,"ZMin":0,"ZMax":500,"ToolLength1":50,"ToolLength2":50,"ToolLength3":50,"ToolLength4":50,"T1OffsetPos":10,"T2OffsetPos":20,"T3OffsetPos":30,"T4OffsetPos":40,"T1OffsetPosX":0,"T2OffsetPosX":0,"T3OffsetPosX":0,"T4OffsetPosX":0,"HomeX":0,"HomeY":0,"SafetyHeight":50,"ClampForce":100,"SuperviseTimePunching":0,"RunningTimeBeltWorkpiece":0,"RunningTimeBeltRest":0,"WaitingTimeClosingGrippers":0,"WaitingTimeOpenGrippers":0,"WaitingTimeClosingClamping":0,"WaitingTimeOpenClamping":0,"PartDropOffPosition":0,"GrabPositionGripper":0,"ChangeoverPositionPunching":0,"ChangeoverPositionCutting":0,"OffsetSideStop":0,"ZeroPointTool4":0,"ChangePositionTool4":0,"XAxisAcceleration":0,"XAxisUnblockY":0,"YAxisAcceleration":0,"YAxisUnblockXRight":0,"YAxisUnblockXLeft":0,"YAxisSideStop":0,"ZAxisAcceleration":0,"HOMEX_POS":0,"HOMEY_POS":0}
[2026-06-15 00:13:17] LoadFromSettings finished property assignment
[2026-06-15 00:13:17] LoadFromSettings completed
[2026-06-15 00:14:56] SettingsViewModel constructor start
[2026-06-15 00:14:56] Calling LoadFromSettings
[2026-06-15 00:14:56] LoadFromSettings called with: {"SpeedX":1000,"SpeedY":1000,"SpeedXHand":200,"SpeedYHand":200,"SpeedZ":1000,"SpeedZHand":200,"XMin":0,"XMax":1000,"YMin":0,"YMax":600,"ZMin":0,"ZMax":500,"ToolLength1":50,"ToolLength2":50,"ToolLength3":50,"ToolLength4":50,"T1OffsetPos":10,"T2OffsetPos":20,"T3OffsetPos":30,"T4OffsetPos":40,"T1OffsetPosX":0,"T2OffsetPosX":0,"T3OffsetPosX":0,"T4OffsetPosX":0,"HomeX":0,"HomeY":0,"SafetyHeight":50,"ClampForce":100,"SuperviseTimePunching":0,"RunningTimeBeltWorkpiece":0,"RunningTimeBeltRest":0,"WaitingTimeClosingGrippers":0,"WaitingTimeOpenGrippers":0,"WaitingTimeClosingClamping":0,"WaitingTimeOpenClamping":0,"PartDropOffPosition":0,"GrabPositionGripper":0,"ChangeoverPositionPunching":0,"ChangeoverPositionCutting":0,"OffsetSideStop":0,"ZeroPointTool4":0,"ChangePositionTool4":0,"XAxisAcceleration":0,"XAxisUnblockY":0,"YAxisAcceleration":0,"YAxisUnblockXRight":0,"YAxisUnblockXLeft":0,"YAxisSideStop":0,"ZAxisAcceleration":0,"HOMEX_POS":0,"HOMEY_POS":0}
[2026-06-15 00:14:56] LoadFromSettings finished property assignment
[2026-06-15 00:14:56] LoadFromSettings completed
[2026-06-15 00:17:02] SettingsViewModel constructor start
[2026-06-15 00:17:02] Calling LoadFromSettings
[2026-06-15 00:17:02] LoadFromSettings called with: {"SpeedX":1000,"SpeedY":1000,"SpeedXHand":200,"SpeedYHand":200,"SpeedZ":1000,"SpeedZHand":200,"XMin":0,"XMax":1000,"YMin":0,"YMax":600,"ZMin":0,"ZMax":500,"ToolLength1":50,"ToolLength2":50,"ToolLength3":50,"ToolLength4":50,"T1OffsetPos":10,"T2OffsetPos":20,"T3OffsetPos":30,"T4OffsetPos":40,"T1OffsetPosX":0,"T2OffsetPosX":0,"T3OffsetPosX":0,"T4OffsetPosX":0,"HomeX":0,"HomeY":0,"SafetyHeight":50,"ClampForce":100,"SuperviseTimePunching":0,"RunningTimeBeltWorkpiece":0,"RunningTimeBeltRest":0,"WaitingTimeClosingGrippers":0,"WaitingTimeOpenGrippers":0,"WaitingTimeClosingClamping":0,"WaitingTimeOpenClamping":0,"PartDropOffPosition":0,"GrabPositionGripper":0,"ChangeoverPositionPunching":0,"ChangeoverPositionCutting":0,"OffsetSideStop":0,"ZeroPointTool4":0,"ChangePositionTool4":0,"XAxisAcceleration":0,"XAxisUnblockY":0,"YAxisAcceleration":0,"YAxisUnblockXRight":0,"YAxisUnblockXLeft":0,"YAxisSideStop":0,"ZAxisAcceleration":0,"HOMEX_POS":0,"HOMEY_POS":0}
[2026-06-15 00:17:02] LoadFromSettings finished property assignment
[2026-06-15 00:17:02] LoadFromSettings completed
[2026-06-15 00:20:32] SettingsViewModel constructor start
[2026-06-15 00:20:32] Calling LoadFromSettings
[2026-06-15 00:20:32] LoadFromSettings called with: {"SpeedX":1000,"SpeedY":1000,"SpeedXHand":200,"SpeedYHand":200,"SpeedZ":1000,"SpeedZHand":200,"XMin":0,"XMax":1000,"YMin":0,"YMax":600,"ZMin":0,"ZMax":500,"ToolLength1":50,"ToolLength2":50,"ToolLength3":50,"ToolLength4":50,"T1OffsetPos":10,"T2OffsetPos":20,"T3OffsetPos":30,"T4OffsetPos":40,"T1OffsetPosX":0,"T2OffsetPosX":0,"T3OffsetPosX":0,"T4OffsetPosX":0,"HomeX":0,"HomeY":0,"SafetyHeight":50,"ClampForce":100,"SuperviseTimePunching":0,"RunningTimeBeltWorkpiece":0,"RunningTimeBeltRest":0,"WaitingTimeClosingGrippers":0,"WaitingTimeOpenGrippers":0,"WaitingTimeClosingClamping":0,"WaitingTimeOpenClamping":0,"PartDropOffPosition":0,"GrabPositionGripper":0,"ChangeoverPositionPunching":0,"ChangeoverPositionCutting":0,"OffsetSideStop":0,"ZeroPointTool4":0,"ChangePositionTool4":0,"XAxisAcceleration":0,"XAxisUnblockY":0,"YAxisAcceleration":0,"YAxisUnblockXRight":0,"YAxisUnblockXLeft":0,"YAxisSideStop":0,"ZAxisAcceleration":0,"HOMEX_POS":0,"HOMEY_POS":0}
[2026-06-15 00:20:32] LoadFromSettings finished property assignment
[2026-06-15 00:20:32] LoadFromSettings completed
[2026-06-15 00:21:31] SettingsViewModel constructor start
[2026-06-15 00:21:31] Calling LoadFromSettings
[2026-06-15 00:21:31] LoadFromSettings called with: {"SpeedX":1000,"SpeedY":1000,"SpeedXHand":200,"SpeedYHand":200,"SpeedZ":1000,"SpeedZHand":200,"XMin":0,"XMax":1000,"YMin":0,"YMax":600,"ZMin":0,"ZMax":500,"ToolLength1":50,"ToolLength2":50,"ToolLength3":50,"ToolLength4":50,"T1OffsetPos":10,"T2OffsetPos":20,"T3OffsetPos":30,"T4OffsetPos":40,"T1OffsetPosX":0,"T2OffsetPosX":0,"T3OffsetPosX":0,"T4OffsetPosX":0,"HomeX":0,"HomeY":0,"SafetyHeight":50,"ClampForce":100,"SuperviseTimePunching":0,"RunningTimeBeltWorkpiece":0,"RunningTimeBeltRest":0,"WaitingTimeClosingGrippers":0,"WaitingTimeOpenGrippers":0,"WaitingTimeClosingClamping":0,"WaitingTimeOpenClamping":0,"PartDropOffPosition":0,"GrabPositionGripper":0,"ChangeoverPositionPunching":0,"ChangeoverPositionCutting":0,"OffsetSideStop":0,"ZeroPointTool4":0,"ChangePositionTool4":0,"XAxisAcceleration":0,"XAxisUnblockY":0,"YAxisAcceleration":0,"YAxisUnblockXRight":0,"YAxisUnblockXLeft":0,"YAxisSideStop":0,"ZAxisAcceleration":0,"HOMEX_POS":0,"HOMEY_POS":0}
[2026-06-15 00:21:31] LoadFromSettings finished property assignment
[2026-06-15 00:21:31] LoadFromSettings completed
[2026-06-15 00:22:54] SettingsViewModel constructor start
[2026-06-15 00:22:54] Calling LoadFromSettings
[2026-06-15 00:22:54] LoadFromSettings called with: {"SpeedX":1000,"SpeedY":1000,"SpeedXHand":200,"SpeedYHand":200,"SpeedZ":1000,"SpeedZHand":200,"XMin":0,"XMax":1000,"YMin":0,"YMax":600,"ZMin":0,"ZMax":500,"ToolLength1":50,"ToolLength2":50,"ToolLength3":50,"ToolLength4":50,"T1OffsetPos":10,"T2OffsetPos":20,"T3OffsetPos":30,"T4OffsetPos":40,"T1OffsetPosX":0,"T2OffsetPosX":0,"T3OffsetPosX":0,"T4OffsetPosX":0,"HomeX":0,"HomeY":0,"SafetyHeight":50,"ClampForce":100,"SuperviseTimePunching":0,"RunningTimeBeltWorkpiece":0,"RunningTimeBeltRest":0,"WaitingTimeClosingGrippers":0,"WaitingTimeOpenGrippers":0,"WaitingTimeClosingClamping":0,"WaitingTimeOpenClamping":0,"PartDropOffPosition":0,"GrabPositionGripper":0,"ChangeoverPositionPunching":0,"ChangeoverPositionCutting":0,"OffsetSideStop":0,"ZeroPointTool4":0,"ChangePositionTool4":0,"XAxisAcceleration":0,"XAxisUnblockY":0,"YAxisAcceleration":0,"YAxisUnblockXRight":0,"YAxisUnblockXLeft":0,"YAxisSideStop":0,"ZAxisAcceleration":0,"HOMEX_POS":0,"HOMEY_POS":0}
[2026-06-15 00:22:54] LoadFromSettings finished property assignment
[2026-06-15 00:22:54] LoadFromSettings completed
[2026-06-15 00:25:23] SettingsViewModel constructor start
[2026-06-15 00:25:23] Calling LoadFromSettings
[2026-06-15 00:25:23] LoadFromSettings called with: {"SpeedX":1000,"SpeedY":1000,"SpeedXHand":200,"SpeedYHand":200,"SpeedZ":1000,"SpeedZHand":200,"XMin":0,"XMax":1000,"YMin":0,"YMax":600,"ZMin":0,"ZMax":500,"ToolLength1":50,"ToolLength2":50,"ToolLength3":50,"ToolLength4":50,"T1OffsetPos":10,"T2OffsetPos":20,"T3OffsetPos":30,"T4OffsetPos":40,"T1OffsetPosX":0,"T2OffsetPosX":0,"T3OffsetPosX":0,"T4OffsetPosX":0,"HomeX":0,"HomeY":0,"SafetyHeight":50,"ClampForce":100,"SuperviseTimePunching":0,"RunningTimeBeltWorkpiece":0,"RunningTimeBeltRest":0,"WaitingTimeClosingGrippers":0,"WaitingTimeOpenGrippers":0,"WaitingTimeClosingClamping":0,"WaitingTimeOpenClamping":0,"PartDropOffPosition":0,"GrabPositionGripper":0,"ChangeoverPositionPunching":0,"ChangeoverPositionCutting":0,"OffsetSideStop":0,"ZeroPointTool4":0,"ChangePositionTool4":0,"XAxisAcceleration":0,"XAxisUnblockY":0,"YAxisAcceleration":0,"YAxisUnblockXRight":0,"YAxisUnblockXLeft":0,"YAxisSideStop":0,"ZAxisAcceleration":0,"HOMEX_POS":0,"HOMEY_POS":0}
[2026-06-15 00:25:23] LoadFromSettings finished property assignment
[2026-06-15 00:25:23] LoadFromSettings completed
[2026-06-15 00:27:39] SettingsViewModel constructor start
[2026-06-15 00:27:39] Calling LoadFromSettings
[2026-06-15 00:27:39] LoadFromSettings called with: {"SpeedX":1000,"SpeedY":1000,"SpeedXHand":200,"SpeedYHand":200,"SpeedZ":1000,"SpeedZHand":200,"XMin":0,"XMax":1000,"YMin":0,"YMax":600,"ZMin":0,"ZMax":500,"ToolLength1":50,"ToolLength2":50,"ToolLength3":50,"ToolLength4":50,"T1OffsetPos":10,"T2OffsetPos":20,"T3OffsetPos":30,"T4OffsetPos":40,"T1OffsetPosX":0,"T2OffsetPosX":0,"T3OffsetPosX":0,"T4OffsetPosX":0,"HomeX":0,"HomeY":0,"SafetyHeight":50,"ClampForce":100,"SuperviseTimePunching":0,"RunningTimeBeltWorkpiece":0,"RunningTimeBeltRest":0,"WaitingTimeClosingGrippers":0,"WaitingTimeOpenGrippers":0,"WaitingTimeClosingClamping":0,"WaitingTimeOpenClamping":0,"PartDropOffPosition":0,"GrabPositionGripper":0,"ChangeoverPositionPunching":0,"ChangeoverPositionCutting":0,"OffsetSideStop":0,"ZeroPointTool4":0,"ChangePositionTool4":0,"XAxisAcceleration":0,"XAxisUnblockY":0,"YAxisAcceleration":0,"YAxisUnblockXRight":0,"YAxisUnblockXLeft":0,"YAxisSideStop":0,"ZAxisAcceleration":0,"HOMEX_POS":0,"HOMEY_POS":0}
[2026-06-15 00:27:39] LoadFromSettings finished property assignment
[2026-06-15 00:27:39] LoadFromSettings completed
[2026-06-15 00:33:37] SettingsViewModel constructor start
[2026-06-15 00:33:37] Calling LoadFromSettings
[2026-06-15 00:33:37] LoadFromSettings called with: {"SpeedX":1000,"SpeedY":1000,"SpeedXHand":200,"SpeedYHand":200,"SpeedZ":1000,"SpeedZHand":200,"XMin":0,"XMax":1000,"YMin":0,"YMax":600,"ZMin":0,"ZMax":500,"ToolLength1":50,"ToolLength2":50,"ToolLength3":50,"ToolLength4":50,"T1OffsetPos":10,"T2OffsetPos":20,"T3OffsetPos":30,"T4OffsetPos":40,"T1OffsetPosX":0,"T2OffsetPosX":0,"T3OffsetPosX":0,"T4OffsetPosX":0,"HomeX":0,"HomeY":0,"SafetyHeight":50,"ClampForce":100,"SuperviseTimePunching":0,"RunningTimeBeltWorkpiece":0,"RunningTimeBeltRest":0,"WaitingTimeClosingGrippers":0,"WaitingTimeOpenGrippers":0,"WaitingTimeClosingClamping":0,"WaitingTimeOpenClamping":0,"PartDropOffPosition":0,"GrabPositionGripper":0,"ChangeoverPositionPunching":0,"ChangeoverPositionCutting":0,"OffsetSideStop":0,"ZeroPointTool4":0,"ChangePositionTool4":0,"XAxisAcceleration":0,"XAxisUnblockY":0,"YAxisAcceleration":0,"YAxisUnblockXRight":0,"YAxisUnblockXLeft":0,"YAxisSideStop":0,"ZAxisAcceleration":0,"HOMEX_POS":0,"HOMEY_POS":0}
[2026-06-15 00:33:37] LoadFromSettings finished property assignment
[2026-06-15 00:33:37] LoadFromSettings completed
[2026-06-15 00:37:00] SettingsViewModel constructor start
[2026-06-15 00:37:00] Calling LoadFromSettings
[2026-06-15 00:37:00] LoadFromSettings called with: {"SpeedX":1000,"SpeedY":1000,"SpeedXHand":200,"SpeedYHand":200,"SpeedZ":1000,"SpeedZHand":200,"XMin":0,"XMax":1000,"YMin":0,"YMax":600,"ZMin":0,"ZMax":500,"ToolLength1":50,"ToolLength2":50,"ToolLength3":50,"ToolLength4":50,"T1OffsetPos":10,"T2OffsetPos":20,"T3OffsetPos":30,"T4OffsetPos":40,"T1OffsetPosX":0,"T2OffsetPosX":0,"T3OffsetPosX":0,"T4OffsetPosX":0,"HomeX":0,"HomeY":0,"SafetyHeight":50,"ClampForce":100,"SuperviseTimePunching":0,"RunningTimeBeltWorkpiece":0,"RunningTimeBeltRest":0,"WaitingTimeClosingGrippers":0,"WaitingTimeOpenGrippers":0,"WaitingTimeClosingClamping":0,"WaitingTimeOpenClamping":0,"PartDropOffPosition":0,"GrabPositionGripper":0,"ChangeoverPositionPunching":0,"ChangeoverPositionCutting":0,"OffsetSideStop":0,"ZeroPointTool4":0,"ChangePositionTool4":0,"XAxisAcceleration":0,"XAxisUnblockY":0,"YAxisAcceleration":0,"YAxisUnblockXRight":0,"YAxisUnblockXLeft":0,"YAxisSideStop":0,"ZAxisAcceleration":0,"HOMEX_POS":0,"HOMEY_POS":0}
[2026-06-15 00:37:00] LoadFromSettings finished property assignment
[2026-06-15 00:37:00] LoadFromSettings completed
[2026-06-15 00:41:31] SettingsViewModel constructor start
[2026-06-15 00:41:31] Calling LoadFromSettings
[2026-06-15 00:41:31] LoadFromSettings called with: {"SpeedX":1000,"SpeedY":1000,"SpeedXHand":200,"SpeedYHand":200,"SpeedZ":1000,"SpeedZHand":200,"XMin":0,"XMax":1000,"YMin":0,"YMax":600,"ZMin":0,"ZMax":500,"ToolLength1":50,"ToolLength2":50,"ToolLength3":50,"ToolLength4":50,"T1OffsetPos":10,"T2OffsetPos":20,"T3OffsetPos":30,"T4OffsetPos":40,"T1OffsetPosX":0,"T2OffsetPosX":0,"T3OffsetPosX":0,"T4OffsetPosX":0,"HomeX":0,"HomeY":0,"SafetyHeight":50,"ClampForce":100,"SuperviseTimePunching":0,"RunningTimeBeltWorkpiece":0,"RunningTimeBeltRest":0,"WaitingTimeClosingGrippers":0,"WaitingTimeOpenGrippers":0,"WaitingTimeClosingClamping":0,"WaitingTimeOpenClamping":0,"PartDropOffPosition":0,"GrabPositionGripper":0,"ChangeoverPositionPunching":0,"ChangeoverPositionCutting":0,"OffsetSideStop":0,"ZeroPointTool4":0,"ChangePositionTool4":0,"XAxisAcceleration":0,"XAxisUnblockY":0,"YAxisAcceleration":0,"YAxisUnblockXRight":0,"YAxisUnblockXLeft":0,"YAxisSideStop":0,"ZAxisAcceleration":0,"HOMEX_POS":0,"HOMEY_POS":0}
[2026-06-15 00:41:31] LoadFromSettings finished property assignment
[2026-06-15 00:41:31] LoadFromSettings completed
[2026-06-15 00:43:38] SettingsViewModel constructor start
[2026-06-15 00:43:38] Calling LoadFromSettings
[2026-06-15 00:43:38] LoadFromSettings called with: {"SpeedX":1000,"SpeedY":1000,"SpeedXHand":200,"SpeedYHand":200,"SpeedZ":1000,"SpeedZHand":200,"XMin":0,"XMax":1000,"YMin":0,"YMax":600,"ZMin":0,"ZMax":500,"ToolLength1":50,"ToolLength2":50,"ToolLength3":50,"ToolLength4":50,"T1OffsetPos":10,"T2OffsetPos":20,"T3OffsetPos":30,"T4OffsetPos":40,"T1OffsetPosX":0,"T2OffsetPosX":0,"T3OffsetPosX":0,"T4OffsetPosX":0,"HomeX":0,"HomeY":0,"SafetyHeight":50,"ClampForce":100,"SuperviseTimePunching":0,"RunningTimeBeltWorkpiece":0,"RunningTimeBeltRest":0,"WaitingTimeClosingGrippers":0,"WaitingTimeOpenGrippers":0,"WaitingTimeClosingClamping":0,"WaitingTimeOpenClamping":0,"PartDropOffPosition":0,"GrabPositionGripper":0,"ChangeoverPositionPunching":0,"ChangeoverPositionCutting":0,"OffsetSideStop":0,"ZeroPointTool4":0,"ChangePositionTool4":0,"XAxisAcceleration":0,"XAxisUnblockY":0,"YAxisAcceleration":0,"YAxisUnblockXRight":0,"YAxisUnblockXLeft":0,"YAxisSideStop":0,"ZAxisAcceleration":0,"HOMEX_POS":0,"HOMEY_POS":0}
[2026-06-15 00:43:38] LoadFromSettings finished property assignment
[2026-06-15 00:43:38] LoadFromSettings completed
[2026-06-15 00:44:00] SettingsViewModel constructor start
[2026-06-15 00:44:00] Calling LoadFromSettings
[2026-06-15 00:44:00] LoadFromSettings called with: {"SpeedX":1000,"SpeedY":1000,"SpeedXHand":200,"SpeedYHand":200,"SpeedZ":1000,"SpeedZHand":200,"XMin":0,"XMax":1000,"YMin":0,"YMax":600,"ZMin":0,"ZMax":500,"ToolLength1":50,"ToolLength2":50,"ToolLength3":50,"ToolLength4":50,"T1OffsetPos":10,"T2OffsetPos":20,"T3OffsetPos":30,"T4OffsetPos":40,"T1OffsetPosX":0,"T2OffsetPosX":0,"T3OffsetPosX":0,"T4OffsetPosX":0,"HomeX":0,"HomeY":0,"SafetyHeight":50,"ClampForce":100,"SuperviseTimePunching":0,"RunningTimeBeltWorkpiece":0,"RunningTimeBeltRest":0,"WaitingTimeClosingGrippers":0,"WaitingTimeOpenGrippers":0,"WaitingTimeClosingClamping":0,"WaitingTimeOpenClamping":0,"PartDropOffPosition":0,"GrabPositionGripper":0,"ChangeoverPositionPunching":0,"ChangeoverPositionCutting":0,"OffsetSideStop":0,"ZeroPointTool4":0,"ChangePositionTool4":0,"XAxisAcceleration":0,"XAxisUnblockY":0,"YAxisAcceleration":0,"YAxisUnblockXRight":0,"YAxisUnblockXLeft":0,"YAxisSideStop":0,"ZAxisAcceleration":0,"HOMEX_POS":0,"HOMEY_POS":0}
[2026-06-15 00:44:00] LoadFromSettings finished property assignment
[2026-06-15 00:44:00] LoadFromSettings completed
[2026-06-15 00:45:00] SettingsViewModel constructor start
[2026-06-15 00:45:00] Calling LoadFromSettings
[2026-06-15 00:45:00] LoadFromSettings called with: {"SpeedX":1000,"SpeedY":1000,"SpeedXHand":200,"SpeedYHand":200,"SpeedZ":1000,"SpeedZHand":200,"XMin":0,"XMax":1000,"YMin":0,"YMax":600,"ZMin":0,"ZMax":500,"ToolLength1":50,"ToolLength2":50,"ToolLength3":50,"ToolLength4":50,"T1OffsetPos":10,"T2OffsetPos":20,"T3OffsetPos":30,"T4OffsetPos":40,"T1OffsetPosX":0,"T2OffsetPosX":0,"T3OffsetPosX":0,"T4OffsetPosX":0,"HomeX":0,"HomeY":0,"SafetyHeight":50,"ClampForce":100,"SuperviseTimePunching":0,"RunningTimeBeltWorkpiece":0,"RunningTimeBeltRest":0,"WaitingTimeClosingGrippers":0,"WaitingTimeOpenGrippers":0,"WaitingTimeClosingClamping":0,"WaitingTimeOpenClamping":0,"PartDropOffPosition":0,"GrabPositionGripper":0,"ChangeoverPositionPunching":0,"ChangeoverPositionCutting":0,"OffsetSideStop":0,"ZeroPointTool4":0,"ChangePositionTool4":0,"XAxisAcceleration":0,"XAxisUnblockY":0,"YAxisAcceleration":0,"YAxisUnblockXRight":0,"YAxisUnblockXLeft":0,"YAxisSideStop":0,"ZAxisAcceleration":0,"HOMEX_POS":0,"HOMEY_POS":0}
[2026-06-15 00:45:00] LoadFromSettings finished property assignment
[2026-06-15 00:45:00] LoadFromSettings completed
[2026-06-15 00:45:33] SettingsViewModel constructor start
[2026-06-15 00:45:33] Calling LoadFromSettings
[2026-06-15 00:45:33] LoadFromSettings called with: {"SpeedX":1000,"SpeedY":1000,"SpeedXHand":200,"SpeedYHand":200,"SpeedZ":1000,"SpeedZHand":200,"XMin":0,"XMax":1000,"YMin":0,"YMax":600,"ZMin":0,"ZMax":500,"ToolLength1":50,"ToolLength2":50,"ToolLength3":50,"ToolLength4":50,"T1OffsetPos":10,"T2OffsetPos":20,"T3OffsetPos":30,"T4OffsetPos":40,"T1OffsetPosX":0,"T2OffsetPosX":0,"T3OffsetPosX":0,"T4OffsetPosX":0,"HomeX":0,"HomeY":0,"SafetyHeight":50,"ClampForce":100,"SuperviseTimePunching":0,"RunningTimeBeltWorkpiece":0,"RunningTimeBeltRest":0,"WaitingTimeClosingGrippers":0,"WaitingTimeOpenGrippers":0,"WaitingTimeClosingClamping":0,"WaitingTimeOpenClamping":0,"PartDropOffPosition":0,"GrabPositionGripper":0,"ChangeoverPositionPunching":0,"ChangeoverPositionCutting":0,"OffsetSideStop":0,"ZeroPointTool4":0,"ChangePositionTool4":0,"XAxisAcceleration":0,"XAxisUnblockY":0,"YAxisAcceleration":0,"YAxisUnblockXRight":0,"YAxisUnblockXLeft":0,"YAxisSideStop":0,"ZAxisAcceleration":0,"HOMEX_POS":0,"HOMEY_POS":0}
[2026-06-15 00:45:33] LoadFromSettings finished property assignment
[2026-06-15 00:45:33] LoadFromSettings completed
[2026-06-15 01:03:47] SettingsViewModel constructor start
[2026-06-15 01:03:47] Calling LoadFromSettings
[2026-06-15 01:03:47] LoadFromSettings called with: {"SpeedX":1000,"SpeedY":1000,"SpeedXHand":200,"SpeedYHand":200,"SpeedZ":1000,"SpeedZHand":200,"XMin":0,"XMax":1000,"YMin":0,"YMax":600,"ZMin":0,"ZMax":500,"ToolLength1":50,"ToolLength2":50,"ToolLength3":50,"ToolLength4":50,"T1OffsetPos":10,"T2OffsetPos":20,"T3OffsetPos":30,"T4OffsetPos":40,"T1OffsetPosX":0,"T2OffsetPosX":0,"T3OffsetPosX":0,"T4OffsetPosX":0,"HomeX":0,"HomeY":0,"SafetyHeight":50,"ClampForce":100,"SuperviseTimePunching":0,"RunningTimeBeltWorkpiece":0,"RunningTimeBeltRest":0,"WaitingTimeClosingGrippers":0,"WaitingTimeOpenGrippers":0,"WaitingTimeClosingClamping":0,"WaitingTimeOpenClamping":0,"PartDropOffPosition":0,"GrabPositionGripper":0,"ChangeoverPositionPunching":0,"ChangeoverPositionCutting":0,"OffsetSideStop":0,"ZeroPointTool4":0,"ChangePositionTool4":0,"XAxisAcceleration":0,"XAxisUnblockY":0,"YAxisAcceleration":0,"YAxisUnblockXRight":0,"YAxisUnblockXLeft":0,"YAxisSideStop":0,"ZAxisAcceleration":0,"HOMEX_POS":0,"HOMEY_POS":0}
[2026-06-15 01:03:47] LoadFromSettings finished property assignment
[2026-06-15 01:03:47] LoadFromSettings completed
[2026-06-15 01:08:02] SettingsViewModel constructor start
[2026-06-15 01:08:02] Calling LoadFromSettings
[2026-06-15 01:08:02] LoadFromSettings called with: {"SpeedX":1000,"SpeedY":1000,"SpeedXHand":200,"SpeedYHand":200,"SpeedZ":1000,"SpeedZHand":200,"XMin":0,"XMax":1000,"YMin":0,"YMax":600,"ZMin":0,"ZMax":500,"ToolLength1":50,"ToolLength2":50,"ToolLength3":50,"ToolLength4":50,"T1OffsetPos":10,"T2OffsetPos":20,"T3OffsetPos":30,"T4OffsetPos":40,"T1OffsetPosX":0,"T2OffsetPosX":0,"T3OffsetPosX":0,"T4OffsetPosX":0,"HomeX":0,"HomeY":0,"SafetyHeight":50,"ClampForce":100,"SuperviseTimePunching":0,"RunningTimeBeltWorkpiece":0,"RunningTimeBeltRest":0,"WaitingTimeClosingGrippers":0,"WaitingTimeOpenGrippers":0,"WaitingTimeClosingClamping":0,"WaitingTimeOpenClamping":0,"PartDropOffPosition":0,"GrabPositionGripper":0,"ChangeoverPositionPunching":0,"ChangeoverPositionCutting":0,"OffsetSideStop":0,"ZeroPointTool4":0,"ChangePositionTool4":0,"XAxisAcceleration":0,"XAxisUnblockY":0,"YAxisAcceleration":0,"YAxisUnblockXRight":0,"YAxisUnblockXLeft":0,"YAxisSideStop":0,"ZAxisAcceleration":0,"HOMEX_POS":0,"HOMEY_POS":0}
[2026-06-15 01:08:02] LoadFromSettings finished property assignment
[2026-06-15 01:08:02] LoadFromSettings completed
[2026-06-15 01:09:00] SettingsViewModel constructor start
[2026-06-15 01:09:00] Calling LoadFromSettings
[2026-06-15 01:09:00] LoadFromSettings called with: {"SpeedX":1000,"SpeedY":1000,"SpeedXHand":200,"SpeedYHand":200,"SpeedZ":1000,"SpeedZHand":200,"XMin":0,"XMax":1000,"YMin":0,"YMax":600,"ZMin":0,"ZMax":500,"ToolLength1":50,"ToolLength2":50,"ToolLength3":50,"ToolLength4":50,"T1OffsetPos":10,"T2OffsetPos":20,"T3OffsetPos":30,"T4OffsetPos":40,"T1OffsetPosX":0,"T2OffsetPosX":0,"T3OffsetPosX":0,"T4OffsetPosX":0,"HomeX":0,"HomeY":0,"SafetyHeight":50,"ClampForce":100,"SuperviseTimePunching":0,"RunningTimeBeltWorkpiece":0,"RunningTimeBeltRest":0,"WaitingTimeClosingGrippers":0,"WaitingTimeOpenGrippers":0,"WaitingTimeClosingClamping":0,"WaitingTimeOpenClamping":0,"PartDropOffPosition":0,"GrabPositionGripper":0,"ChangeoverPositionPunching":0,"ChangeoverPositionCutting":0,"OffsetSideStop":0,"ZeroPointTool4":0,"ChangePositionTool4":0,"XAxisAcceleration":0,"XAxisUnblockY":0,"YAxisAcceleration":0,"YAxisUnblockXRight":0,"YAxisUnblockXLeft":0,"YAxisSideStop":0,"ZAxisAcceleration":0,"HOMEX_POS":0,"HOMEY_POS":0}
[2026-06-15 01:09:00] LoadFromSettings finished property assignment
[2026-06-15 01:09:00] LoadFromSettings completed
[2026-06-15 01:10:25] SettingsViewModel constructor start
[2026-06-15 01:10:25] Calling LoadFromSettings
[2026-06-15 01:10:25] LoadFromSettings called with: {"SpeedX":1000,"SpeedY":1000,"SpeedXHand":200,"SpeedYHand":200,"SpeedZ":1000,"SpeedZHand":200,"XMin":0,"XMax":1000,"YMin":0,"YMax":600,"ZMin":0,"ZMax":500,"ToolLength1":50,"ToolLength2":50,"ToolLength3":50,"ToolLength4":50,"T1OffsetPos":10,"T2OffsetPos":20,"T3OffsetPos":30,"T4OffsetPos":40,"T1OffsetPosX":0,"T2OffsetPosX":0,"T3OffsetPosX":0,"T4OffsetPosX":0,"HomeX":0,"HomeY":0,"SafetyHeight":50,"ClampForce":100,"SuperviseTimePunching":0,"RunningTimeBeltWorkpiece":0,"RunningTimeBeltRest":0,"WaitingTimeClosingGrippers":0,"WaitingTimeOpenGrippers":0,"WaitingTimeClosingClamping":0,"WaitingTimeOpenClamping":0,"PartDropOffPosition":0,"GrabPositionGripper":0,"ChangeoverPositionPunching":0,"ChangeoverPositionCutting":0,"OffsetSideStop":0,"ZeroPointTool4":0,"ChangePositionTool4":0,"XAxisAcceleration":0,"XAxisUnblockY":0,"YAxisAcceleration":0,"YAxisUnblockXRight":0,"YAxisUnblockXLeft":0,"YAxisSideStop":0,"ZAxisAcceleration":0,"HOMEX_POS":0,"HOMEY_POS":0}
[2026-06-15 01:10:25] LoadFromSettings finished property assignment
[2026-06-15 01:10:25] LoadFromSettings completed
[2026-06-15 01:12:09] SettingsViewModel constructor start
[2026-06-15 01:12:09] Calling LoadFromSettings
[2026-06-15 01:12:09] LoadFromSettings called with: {"SpeedX":1000,"SpeedY":1000,"SpeedXHand":200,"SpeedYHand":200,"SpeedZ":1000,"SpeedZHand":200,"XMin":0,"XMax":1000,"YMin":0,"YMax":600,"ZMin":0,"ZMax":500,"ToolLength1":50,"ToolLength2":50,"ToolLength3":50,"ToolLength4":50,"T1OffsetPos":10,"T2OffsetPos":20,"T3OffsetPos":30,"T4OffsetPos":40,"T1OffsetPosX":0,"T2OffsetPosX":0,"T3OffsetPosX":0,"T4OffsetPosX":0,"HomeX":0,"HomeY":0,"SafetyHeight":50,"ClampForce":100,"SuperviseTimePunching":0,"RunningTimeBeltWorkpiece":0,"RunningTimeBeltRest":0,"WaitingTimeClosingGrippers":0,"WaitingTimeOpenGrippers":0,"WaitingTimeClosingClamping":0,"WaitingTimeOpenClamping":0,"PartDropOffPosition":0,"GrabPositionGripper":0,"ChangeoverPositionPunching":0,"ChangeoverPositionCutting":0,"OffsetSideStop":0,"ZeroPointTool4":0,"ChangePositionTool4":0,"XAxisAcceleration":0,"XAxisUnblockY":0,"YAxisAcceleration":0,"YAxisUnblockXRight":0,"YAxisUnblockXLeft":0,"YAxisSideStop":0,"ZAxisAcceleration":0,"HOMEX_POS":0,"HOMEY_POS":0}
[2026-06-15 01:12:09] LoadFromSettings finished property assignment
[2026-06-15 01:12:09] LoadFromSettings completed
[2026-06-15 01:13:20] SettingsViewModel constructor start
[2026-06-15 01:13:20] Calling LoadFromSettings
[2026-06-15 01:13:20] LoadFromSettings called with: {"SpeedX":1000,"SpeedY":1000,"SpeedXHand":200,"SpeedYHand":200,"SpeedZ":1000,"SpeedZHand":200,"XMin":0,"XMax":1000,"YMin":0,"YMax":600,"ZMin":0,"ZMax":500,"ToolLength1":50,"ToolLength2":50,"ToolLength3":50,"ToolLength4":50,"T1OffsetPos":10,"T2OffsetPos":20,"T3OffsetPos":30,"T4OffsetPos":40,"T1OffsetPosX":0,"T2OffsetPosX":0,"T3OffsetPosX":0,"T4OffsetPosX":0,"HomeX":0,"HomeY":0,"SafetyHeight":50,"ClampForce":100,"SuperviseTimePunching":0,"RunningTimeBeltWorkpiece":0,"RunningTimeBeltRest":0,"WaitingTimeClosingGrippers":0,"WaitingTimeOpenGrippers":0,"WaitingTimeClosingClamping":0,"WaitingTimeOpenClamping":0,"PartDropOffPosition":0,"GrabPositionGripper":0,"ChangeoverPositionPunching":0,"ChangeoverPositionCutting":0,"OffsetSideStop":0,"ZeroPointTool4":0,"ChangePositionTool4":0,"XAxisAcceleration":0,"XAxisUnblockY":0,"YAxisAcceleration":0,"YAxisUnblockXRight":0,"YAxisUnblockXLeft":0,"YAxisSideStop":0,"ZAxisAcceleration":0,"HOMEX_POS":0,"HOMEY_POS":0}
[2026-06-15 01:13:20] LoadFromSettings finished property assignment
[2026-06-15 01:13:20] LoadFromSettings completed
[2026-06-15 01:17:02] SettingsViewModel constructor start
[2026-06-15 01:17:02] Calling LoadFromSettings
[2026-06-15 01:17:02] LoadFromSettings called with: {"SpeedX":1000,"SpeedY":1000,"SpeedXHand":200,"SpeedYHand":200,"SpeedZ":1000,"SpeedZHand":200,"XMin":0,"XMax":1000,"YMin":0,"YMax":600,"ZMin":0,"ZMax":500,"ToolLength1":50,"ToolLength2":50,"ToolLength3":50,"ToolLength4":50,"T1OffsetPos":10,"T2OffsetPos":20,"T3OffsetPos":30,"T4OffsetPos":40,"T1OffsetPosX":0,"T2OffsetPosX":0,"T3OffsetPosX":0,"T4OffsetPosX":0,"HomeX":0,"HomeY":0,"SafetyHeight":50,"ClampForce":100,"SuperviseTimePunching":0,"RunningTimeBeltWorkpiece":0,"RunningTimeBeltRest":0,"WaitingTimeClosingGrippers":0,"WaitingTimeOpenGrippers":0,"WaitingTimeClosingClamping":0,"WaitingTimeOpenClamping":0,"PartDropOffPosition":0,"GrabPositionGripper":0,"ChangeoverPositionPunching":0,"ChangeoverPositionCutting":0,"OffsetSideStop":0,"ZeroPointTool4":0,"ChangePositionTool4":0,"XAxisAcceleration":0,"XAxisUnblockY":0,"YAxisAcceleration":0,"YAxisUnblockXRight":0,"YAxisUnblockXLeft":0,"YAxisSideStop":0,"ZAxisAcceleration":0,"HOMEX_POS":0,"HOMEY_POS":0}
[2026-06-15 01:17:02] LoadFromSettings finished property assignment
[2026-06-15 01:17:02] LoadFromSettings completed
[2026-06-15 01:18:50] SettingsViewModel constructor start
[2026-06-15 01:18:50] Calling LoadFromSettings
[2026-06-15 01:18:50] LoadFromSettings called with: {"SpeedX":1000,"SpeedY":1000,"SpeedXHand":200,"SpeedYHand":200,"SpeedZ":1000,"SpeedZHand":200,"XMin":0,"XMax":1000,"YMin":0,"YMax":600,"ZMin":0,"ZMax":500,"ToolLength1":50,"ToolLength2":50,"ToolLength3":50,"ToolLength4":50,"T1OffsetPos":10,"T2OffsetPos":20,"T3OffsetPos":30,"T4OffsetPos":40,"T1OffsetPosX":0,"T2OffsetPosX":0,"T3OffsetPosX":0,"T4OffsetPosX":0,"HomeX":0,"HomeY":0,"SafetyHeight":50,"ClampForce":100,"SuperviseTimePunching":0,"RunningTimeBeltWorkpiece":0,"RunningTimeBeltRest":0,"WaitingTimeClosingGrippers":0,"WaitingTimeOpenGrippers":0,"WaitingTimeClosingClamping":0,"WaitingTimeOpenClamping":0,"PartDropOffPosition":0,"GrabPositionGripper":0,"ChangeoverPositionPunching":0,"ChangeoverPositionCutting":0,"OffsetSideStop":0,"ZeroPointTool4":0,"ChangePositionTool4":0,"XAxisAcceleration":0,"XAxisUnblockY":0,"YAxisAcceleration":0,"YAxisUnblockXRight":0,"YAxisUnblockXLeft":0,"YAxisSideStop":0,"ZAxisAcceleration":0,"HOMEX_POS":0,"HOMEY_POS":0}
[2026-06-15 01:18:50] LoadFromSettings finished property assignment
[2026-06-15 01:18:50] LoadFromSettings completed
[2026-06-15 01:21:00] SettingsViewModel constructor start
[2026-06-15 01:21:00] Calling LoadFromSettings
[2026-06-15 01:21:00] LoadFromSettings called with: {"SpeedX":1000,"SpeedY":1000,"SpeedXHand":200,"SpeedYHand":200,"SpeedZ":1000,"SpeedZHand":200,"XMin":0,"XMax":1000,"YMin":0,"YMax":600,"ZMin":0,"ZMax":500,"ToolLength1":50,"ToolLength2":50,"ToolLength3":50,"ToolLength4":50,"T1OffsetPos":10,"T2OffsetPos":20,"T3OffsetPos":30,"T4OffsetPos":40,"T1OffsetPosX":0,"T2OffsetPosX":0,"T3OffsetPosX":0,"T4OffsetPosX":0,"HomeX":0,"HomeY":0,"SafetyHeight":50,"ClampForce":100,"SuperviseTimePunching":0,"RunningTimeBeltWorkpiece":0,"RunningTimeBeltRest":0,"WaitingTimeClosingGrippers":0,"WaitingTimeOpenGrippers":0,"WaitingTimeClosingClamping":0,"WaitingTimeOpenClamping":0,"PartDropOffPosition":0,"GrabPositionGripper":0,"ChangeoverPositionPunching":0,"ChangeoverPositionCutting":0,"OffsetSideStop":0,"ZeroPointTool4":0,"ChangePositionTool4":0,"XAxisAcceleration":0,"XAxisUnblockY":0,"YAxisAcceleration":0,"YAxisUnblockXRight":0,"YAxisUnblockXLeft":0,"YAxisSideStop":0,"ZAxisAcceleration":0,"HOMEX_POS":0,"HOMEY_POS":0}
[2026-06-15 01:21:00] LoadFromSettings finished property assignment
[2026-06-15 01:21:00] LoadFromSettings completed
[2026-06-15 01:26:40] SettingsViewModel constructor start
[2026-06-15 01:26:40] Calling LoadFromSettings
[2026-06-15 01:26:40] LoadFromSettings called with: {"SpeedX":1000,"SpeedY":1000,"SpeedXHand":200,"SpeedYHand":200,"SpeedZ":1000,"SpeedZHand":200,"XMin":0,"XMax":1000,"YMin":0,"YMax":600,"ZMin":0,"ZMax":500,"ToolLength1":50,"ToolLength2":50,"ToolLength3":50,"ToolLength4":50,"T1OffsetPos":10,"T2OffsetPos":20,"T3OffsetPos":30,"T4OffsetPos":40,"T1OffsetPosX":0,"T2OffsetPosX":0,"T3OffsetPosX":0,"T4OffsetPosX":0,"HomeX":0,"HomeY":0,"SafetyHeight":50,"ClampForce":100,"SuperviseTimePunching":0,"RunningTimeBeltWorkpiece":0,"RunningTimeBeltRest":0,"WaitingTimeClosingGrippers":0,"WaitingTimeOpenGrippers":0,"WaitingTimeClosingClamping":0,"WaitingTimeOpenClamping":0,"PartDropOffPosition":0,"GrabPositionGripper":0,"ChangeoverPositionPunching":0,"ChangeoverPositionCutting":0,"OffsetSideStop":0,"ZeroPointTool4":0,"ChangePositionTool4":0,"XAxisAcceleration":0,"XAxisUnblockY":0,"YAxisAcceleration":0,"YAxisUnblockXRight":0,"YAxisUnblockXLeft":0,"YAxisSideStop":0,"ZAxisAcceleration":0,"HOMEX_POS":0,"HOMEY_POS":0}
[2026-06-15 01:26:40] LoadFromSettings finished property assignment
[2026-06-15 01:26:40] LoadFromSettings completed
[2026-06-15 01:28:32] SettingsViewModel constructor start
[2026-06-15 01:28:32] Calling LoadFromSettings
[2026-06-15 01:28:32] LoadFromSettings called with: {"SpeedX":1000,"SpeedY":1000,"SpeedXHand":200,"SpeedYHand":200,"SpeedZ":1000,"SpeedZHand":200,"XMin":0,"XMax":1000,"YMin":0,"YMax":600,"ZMin":0,"ZMax":500,"ToolLength1":50,"ToolLength2":50,"ToolLength3":50,"ToolLength4":50,"T1OffsetPos":10,"T2OffsetPos":20,"T3OffsetPos":30,"T4OffsetPos":40,"T1OffsetPosX":0,"T2OffsetPosX":0,"T3OffsetPosX":0,"T4OffsetPosX":0,"HomeX":0,"HomeY":0,"SafetyHeight":50,"ClampForce":100,"SuperviseTimePunching":0,"RunningTimeBeltWorkpiece":0,"RunningTimeBeltRest":0,"WaitingTimeClosingGrippers":0,"WaitingTimeOpenGrippers":0,"WaitingTimeClosingClamping":0,"WaitingTimeOpenClamping":0,"PartDropOffPosition":0,"GrabPositionGripper":0,"ChangeoverPositionPunching":0,"ChangeoverPositionCutting":0,"OffsetSideStop":0,"ZeroPointTool4":0,"ChangePositionTool4":0,"XAxisAcceleration":0,"XAxisUnblockY":0,"YAxisAcceleration":0,"YAxisUnblockXRight":0,"YAxisUnblockXLeft":0,"YAxisSideStop":0,"ZAxisAcceleration":0,"HOMEX_POS":0,"HOMEY_POS":0}
[2026-06-15 01:28:32] LoadFromSettings finished property assignment
[2026-06-15 01:28:32] LoadFromSettings completed
[2026-06-15 01:31:52] SettingsViewModel constructor start
[2026-06-15 01:31:52] Calling LoadFromSettings
[2026-06-15 01:31:52] LoadFromSettings called with: {"SpeedX":1000,"SpeedY":1000,"SpeedXHand":200,"SpeedYHand":200,"SpeedZ":1000,"SpeedZHand":200,"XMin":0,"XMax":1000,"YMin":0,"YMax":600,"ZMin":0,"ZMax":500,"ToolLength1":50,"ToolLength2":50,"ToolLength3":50,"ToolLength4":50,"T1OffsetPos":10,"T2OffsetPos":20,"T3OffsetPos":30,"T4OffsetPos":40,"T1OffsetPosX":0,"T2OffsetPosX":0,"T3OffsetPosX":0,"T4OffsetPosX":0,"HomeX":0,"HomeY":0,"SafetyHeight":50,"ClampForce":100,"SuperviseTimePunching":0,"RunningTimeBeltWorkpiece":0,"RunningTimeBeltRest":0,"WaitingTimeClosingGrippers":0,"WaitingTimeOpenGrippers":0,"WaitingTimeClosingClamping":0,"WaitingTimeOpenClamping":0,"PartDropOffPosition":0,"GrabPositionGripper":0,"ChangeoverPositionPunching":0,"ChangeoverPositionCutting":0,"OffsetSideStop":0,"ZeroPointTool4":0,"ChangePositionTool4":0,"XAxisAcceleration":0,"XAxisUnblockY":0,"YAxisAcceleration":0,"YAxisUnblockXRight":0,"YAxisUnblockXLeft":0,"YAxisSideStop":0,"ZAxisAcceleration":0,"HOMEX_POS":0,"HOMEY_POS":0}
[2026-06-15 01:31:52] LoadFromSettings finished property assignment
[2026-06-15 01:31:52] LoadFromSettings completed
[2026-06-15 01:33:54] SettingsViewModel constructor start
[2026-06-15 01:33:54] Calling LoadFromSettings
[2026-06-15 01:33:54] LoadFromSettings called with: {"SpeedX":1000,"SpeedY":1000,"SpeedXHand":200,"SpeedYHand":200,"SpeedZ":1000,"SpeedZHand":200,"XMin":0,"XMax":1000,"YMin":0,"YMax":600,"ZMin":0,"ZMax":500,"ToolLength1":50,"ToolLength2":50,"ToolLength3":50,"ToolLength4":50,"T1OffsetPos":10,"T2OffsetPos":20,"T3OffsetPos":30,"T4OffsetPos":40,"T1OffsetPosX":0,"T2OffsetPosX":0,"T3OffsetPosX":0,"T4OffsetPosX":0,"HomeX":0,"HomeY":0,"SafetyHeight":50,"ClampForce":100,"SuperviseTimePunching":0,"RunningTimeBeltWorkpiece":0,"RunningTimeBeltRest":0,"WaitingTimeClosingGrippers":0,"WaitingTimeOpenGrippers":0,"WaitingTimeClosingClamping":0,"WaitingTimeOpenClamping":0,"PartDropOffPosition":0,"GrabPositionGripper":0,"ChangeoverPositionPunching":0,"ChangeoverPositionCutting":0,"OffsetSideStop":0,"ZeroPointTool4":0,"ChangePositionTool4":0,"XAxisAcceleration":0,"XAxisUnblockY":0,"YAxisAcceleration":0,"YAxisUnblockXRight":0,"YAxisUnblockXLeft":0,"YAxisSideStop":0,"ZAxisAcceleration":0,"HOMEX_POS":0,"HOMEY_POS":0}
[2026-06-15 01:33:54] LoadFromSettings finished property assignment
[2026-06-15 01:33:54] LoadFromSettings completed
[2026-06-15 01:35:54] SettingsViewModel constructor start
[2026-06-15 01:35:54] Calling LoadFromSettings
[2026-06-15 01:35:54] LoadFromSettings called with: {"SpeedX":1000,"SpeedY":1000,"SpeedXHand":200,"SpeedYHand":200,"SpeedZ":1000,"SpeedZHand":200,"XMin":0,"XMax":1000,"YMin":0,"YMax":600,"ZMin":0,"ZMax":500,"ToolLength1":50,"ToolLength2":50,"ToolLength3":50,"ToolLength4":50,"T1OffsetPos":10,"T2OffsetPos":20,"T3OffsetPos":30,"T4OffsetPos":40,"T1OffsetPosX":0,"T2OffsetPosX":0,"T3OffsetPosX":0,"T4OffsetPosX":0,"HomeX":0,"HomeY":0,"SafetyHeight":50,"ClampForce":100,"SuperviseTimePunching":0,"RunningTimeBeltWorkpiece":0,"RunningTimeBeltRest":0,"WaitingTimeClosingGrippers":0,"WaitingTimeOpenGrippers":0,"WaitingTimeClosingClamping":0,"WaitingTimeOpenClamping":0,"PartDropOffPosition":0,"GrabPositionGripper":0,"ChangeoverPositionPunching":0,"ChangeoverPositionCutting":0,"OffsetSideStop":0,"ZeroPointTool4":0,"ChangePositionTool4":0,"XAxisAcceleration":0,"XAxisUnblockY":0,"YAxisAcceleration":0,"YAxisUnblockXRight":0,"YAxisUnblockXLeft":0,"YAxisSideStop":0,"ZAxisAcceleration":0,"HOMEX_POS":0,"HOMEY_POS":0}
[2026-06-15 01:35:54] LoadFromSettings finished property assignment
[2026-06-15 01:35:54] LoadFromSettings completed
[2026-06-15 01:38:28] SettingsViewModel constructor start
[2026-06-15 01:38:28] Calling LoadFromSettings
[2026-06-15 01:38:28] LoadFromSettings called with: {"SpeedX":1000,"SpeedY":1000,"SpeedXHand":200,"SpeedYHand":200,"SpeedZ":1000,"SpeedZHand":200,"XMin":0,"XMax":1000,"YMin":0,"YMax":600,"ZMin":0,"ZMax":500,"ToolLength1":50,"ToolLength2":50,"ToolLength3":50,"ToolLength4":50,"T1OffsetPos":10,"T2OffsetPos":20,"T3OffsetPos":30,"T4OffsetPos":40,"T1OffsetPosX":0,"T2OffsetPosX":0,"T3OffsetPosX":0,"T4OffsetPosX":0,"HomeX":0,"HomeY":0,"SafetyHeight":50,"ClampForce":100,"SuperviseTimePunching":0,"RunningTimeBeltWorkpiece":0,"RunningTimeBeltRest":0,"WaitingTimeClosingGrippers":0,"WaitingTimeOpenGrippers":0,"WaitingTimeClosingClamping":0,"WaitingTimeOpenClamping":0,"PartDropOffPosition":0,"GrabPositionGripper":0,"ChangeoverPositionPunching":0,"ChangeoverPositionCutting":0,"OffsetSideStop":0,"ZeroPointTool4":0,"ChangePositionTool4":0,"XAxisAcceleration":0,"XAxisUnblockY":0,"YAxisAcceleration":0,"YAxisUnblockXRight":0,"YAxisUnblockXLeft":0,"YAxisSideStop":0,"ZAxisAcceleration":0,"HOMEX_POS":0,"HOMEY_POS":0}
[2026-06-15 01:38:28] LoadFromSettings finished property assignment
[2026-06-15 01:38:28] LoadFromSettings completed
[2026-06-15 01:40:54] SettingsViewModel constructor start
[2026-06-15 01:40:54] Calling LoadFromSettings
[2026-06-15 01:40:54] LoadFromSettings called with: {"SpeedX":1000,"SpeedY":1000,"SpeedXHand":200,"SpeedYHand":200,"SpeedZ":1000,"SpeedZHand":200,"XMin":0,"XMax":1000,"YMin":0,"YMax":600,"ZMin":0,"ZMax":500,"ToolLength1":50,"ToolLength2":50,"ToolLength3":50,"ToolLength4":50,"T1OffsetPos":10,"T2OffsetPos":20,"T3OffsetPos":30,"T4OffsetPos":40,"T1OffsetPosX":0,"T2OffsetPosX":0,"T3OffsetPosX":0,"T4OffsetPosX":0,"HomeX":0,"HomeY":0,"SafetyHeight":50,"ClampForce":100,"SuperviseTimePunching":0,"RunningTimeBeltWorkpiece":0,"RunningTimeBeltRest":0,"WaitingTimeClosingGrippers":0,"WaitingTimeOpenGrippers":0,"WaitingTimeClosingClamping":0,"WaitingTimeOpenClamping":0,"PartDropOffPosition":0,"GrabPositionGripper":0,"ChangeoverPositionPunching":0,"ChangeoverPositionCutting":0,"OffsetSideStop":0,"ZeroPointTool4":0,"ChangePositionTool4":0,"XAxisAcceleration":0,"XAxisUnblockY":0,"YAxisAcceleration":0,"YAxisUnblockXRight":0,"YAxisUnblockXLeft":0,"YAxisSideStop":0,"ZAxisAcceleration":0,"HOMEX_POS":0,"HOMEY_POS":0}
[2026-06-15 01:40:54] LoadFromSettings finished property assignment
[2026-06-15 01:40:54] LoadFromSettings completed
[2026-06-15 01:43:37] SettingsViewModel constructor start
[2026-06-15 01:43:37] Calling LoadFromSettings
[2026-06-15 01:43:37] LoadFromSettings called with: {"SpeedX":1000,"SpeedY":1000,"SpeedXHand":200,"SpeedYHand":200,"SpeedZ":1000,"SpeedZHand":200,"XMin":0,"XMax":1000,"YMin":0,"YMax":600,"ZMin":0,"ZMax":500,"ToolLength1":50,"ToolLength2":50,"ToolLength3":50,"ToolLength4":50,"T1OffsetPos":10,"T2OffsetPos":20,"T3OffsetPos":30,"T4OffsetPos":40,"T1OffsetPosX":0,"T2OffsetPosX":0,"T3OffsetPosX":0,"T4OffsetPosX":0,"HomeX":0,"HomeY":0,"SafetyHeight":50,"ClampForce":100,"SuperviseTimePunching":0,"RunningTimeBeltWorkpiece":0,"RunningTimeBeltRest":0,"WaitingTimeClosingGrippers":0,"WaitingTimeOpenGrippers":0,"WaitingTimeClosingClamping":0,"WaitingTimeOpenClamping":0,"PartDropOffPosition":0,"GrabPositionGripper":0,"ChangeoverPositionPunching":0,"ChangeoverPositionCutting":0,"OffsetSideStop":0,"ZeroPointTool4":0,"ChangePositionTool4":0,"XAxisAcceleration":0,"XAxisUnblockY":0,"YAxisAcceleration":0,"YAxisUnblockXRight":0,"YAxisUnblockXLeft":0,"YAxisSideStop":0,"ZAxisAcceleration":0,"HOMEX_POS":0,"HOMEY_POS":0}
[2026-06-15 01:43:37] LoadFromSettings finished property assignment
[2026-06-15 01:43:37] LoadFromSettings completed
[2026-06-15 01:44:53] SettingsViewModel constructor start
[2026-06-15 01:44:53] Calling LoadFromSettings
[2026-06-15 01:44:54] LoadFromSettings called with: {"SpeedX":1000,"SpeedY":1000,"SpeedXHand":200,"SpeedYHand":200,"SpeedZ":1000,"SpeedZHand":200,"XMin":0,"XMax":1000,"YMin":0,"YMax":600,"ZMin":0,"ZMax":500,"ToolLength1":50,"ToolLength2":50,"ToolLength3":50,"ToolLength4":50,"T1OffsetPos":10,"T2OffsetPos":20,"T3OffsetPos":30,"T4OffsetPos":40,"T1OffsetPosX":0,"T2OffsetPosX":0,"T3OffsetPosX":0,"T4OffsetPosX":0,"HomeX":0,"HomeY":0,"SafetyHeight":50,"ClampForce":100,"SuperviseTimePunching":0,"RunningTimeBeltWorkpiece":0,"RunningTimeBeltRest":0,"WaitingTimeClosingGrippers":0,"WaitingTimeOpenGrippers":0,"WaitingTimeClosingClamping":0,"WaitingTimeOpenClamping":0,"PartDropOffPosition":0,"GrabPositionGripper":0,"ChangeoverPositionPunching":0,"ChangeoverPositionCutting":0,"OffsetSideStop":0,"ZeroPointTool4":0,"ChangePositionTool4":0,"XAxisAcceleration":0,"XAxisUnblockY":0,"YAxisAcceleration":0,"YAxisUnblockXRight":0,"YAxisUnblockXLeft":0,"YAxisSideStop":0,"ZAxisAcceleration":0,"HOMEX_POS":0,"HOMEY_POS":0}
[2026-06-15 01:44:54] LoadFromSettings finished property assignment
[2026-06-15 01:44:54] LoadFromSettings completed
[2026-06-15 01:46:57] SettingsViewModel constructor start
[2026-06-15 01:46:57] Calling LoadFromSettings
[2026-06-15 01:46:57] LoadFromSettings called with: {"SpeedX":1000,"SpeedY":1000,"SpeedXHand":200,"SpeedYHand":200,"SpeedZ":1000,"SpeedZHand":200,"XMin":0,"XMax":1000,"YMin":0,"YMax":600,"ZMin":0,"ZMax":500,"ToolLength1":50,"ToolLength2":50,"ToolLength3":50,"ToolLength4":50,"T1OffsetPos":10,"T2OffsetPos":20,"T3OffsetPos":30,"T4OffsetPos":40,"T1OffsetPosX":0,"T2OffsetPosX":0,"T3OffsetPosX":0,"T4OffsetPosX":0,"HomeX":0,"HomeY":0,"SafetyHeight":50,"ClampForce":100,"SuperviseTimePunching":0,"RunningTimeBeltWorkpiece":0,"RunningTimeBeltRest":0,"WaitingTimeClosingGrippers":0,"WaitingTimeOpenGrippers":0,"WaitingTimeClosingClamping":0,"WaitingTimeOpenClamping":0,"PartDropOffPosition":0,"GrabPositionGripper":0,"ChangeoverPositionPunching":0,"ChangeoverPositionCutting":0,"OffsetSideStop":0,"ZeroPointTool4":0,"ChangePositionTool4":0,"XAxisAcceleration":0,"XAxisUnblockY":0,"YAxisAcceleration":0,"YAxisUnblockXRight":0,"YAxisUnblockXLeft":0,"YAxisSideStop":0,"ZAxisAcceleration":0,"HOMEX_POS":0,"HOMEY_POS":0}
[2026-06-15 01:46:57] LoadFromSettings finished property assignment
[2026-06-15 01:46:57] LoadFromSettings completed
[2026-06-15 01:49:47] SettingsViewModel constructor start
[2026-06-15 01:49:47] Calling LoadFromSettings
[2026-06-15 01:49:47] LoadFromSettings called with: {"SpeedX":1000,"SpeedY":1000,"SpeedXHand":200,"SpeedYHand":200,"SpeedZ":1000,"SpeedZHand":200,"XMin":0,"XMax":1000,"YMin":0,"YMax":600,"ZMin":0,"ZMax":500,"ToolLength1":50,"ToolLength2":50,"ToolLength3":50,"ToolLength4":50,"T1OffsetPos":10,"T2OffsetPos":20,"T3OffsetPos":30,"T4OffsetPos":40,"T1OffsetPosX":0,"T2OffsetPosX":0,"T3OffsetPosX":0,"T4OffsetPosX":0,"HomeX":0,"HomeY":0,"SafetyHeight":50,"ClampForce":100,"SuperviseTimePunching":0,"RunningTimeBeltWorkpiece":0,"RunningTimeBeltRest":0,"WaitingTimeClosingGrippers":0,"WaitingTimeOpenGrippers":0,"WaitingTimeClosingClamping":0,"WaitingTimeOpenClamping":0,"PartDropOffPosition":0,"GrabPositionGripper":0,"ChangeoverPositionPunching":0,"ChangeoverPositionCutting":0,"OffsetSideStop":0,"ZeroPointTool4":0,"ChangePositionTool4":0,"XAxisAcceleration":0,"XAxisUnblockY":0,"YAxisAcceleration":0,"YAxisUnblockXRight":0,"YAxisUnblockXLeft":0,"YAxisSideStop":0,"ZAxisAcceleration":0,"HOMEX_POS":0,"HOMEY_POS":0}
[2026-06-15 01:49:47] LoadFromSettings finished property assignment
[2026-06-15 01:49:47] LoadFromSettings completed
[2026-06-15 01:52:32] SettingsViewModel constructor start
[2026-06-15 01:52:32] Calling LoadFromSettings
[2026-06-15 01:52:32] LoadFromSettings called with: {"SpeedX":1000,"SpeedY":1000,"SpeedXHand":200,"SpeedYHand":200,"SpeedZ":1000,"SpeedZHand":200,"XMin":0,"XMax":1000,"YMin":0,"YMax":600,"ZMin":0,"ZMax":500,"ToolLength1":50,"ToolLength2":50,"ToolLength3":50,"ToolLength4":50,"T1OffsetPos":10,"T2OffsetPos":20,"T3OffsetPos":30,"T4OffsetPos":40,"T1OffsetPosX":0,"T2OffsetPosX":0,"T3OffsetPosX":0,"T4OffsetPosX":0,"HomeX":0,"HomeY":0,"SafetyHeight":50,"ClampForce":100,"SuperviseTimePunching":0,"RunningTimeBeltWorkpiece":0,"RunningTimeBeltRest":0,"WaitingTimeClosingGrippers":0,"WaitingTimeOpenGrippers":0,"WaitingTimeClosingClamping":0,"WaitingTimeOpenClamping":0,"PartDropOffPosition":0,"GrabPositionGripper":0,"ChangeoverPositionPunching":0,"ChangeoverPositionCutting":0,"OffsetSideStop":0,"ZeroPointTool4":0,"ChangePositionTool4":0,"XAxisAcceleration":0,"XAxisUnblockY":0,"YAxisAcceleration":0,"YAxisUnblockXRight":0,"YAxisUnblockXLeft":0,"YAxisSideStop":0,"ZAxisAcceleration":0,"HOMEX_POS":0,"HOMEY_POS":0}
[2026-06-15 01:52:32] LoadFromSettings finished property assignment
[2026-06-15 01:52:32] LoadFromSettings completed
[2026-06-15 01:53:04] SettingsViewModel constructor start
[2026-06-15 01:53:04] Calling LoadFromSettings
[2026-06-15 01:53:05] LoadFromSettings called with: {"SpeedX":1000,"SpeedY":1000,"SpeedXHand":200,"SpeedYHand":200,"SpeedZ":1000,"SpeedZHand":200,"XMin":0,"XMax":1000,"YMin":0,"YMax":600,"ZMin":0,"ZMax":500,"ToolLength1":50,"ToolLength2":50,"ToolLength3":50,"ToolLength4":50,"T1OffsetPos":10,"T2OffsetPos":20,"T3OffsetPos":30,"T4OffsetPos":40,"T1OffsetPosX":0,"T2OffsetPosX":0,"T3OffsetPosX":0,"T4OffsetPosX":0,"HomeX":0,"HomeY":0,"SafetyHeight":50,"ClampForce":100,"SuperviseTimePunching":0,"RunningTimeBeltWorkpiece":0,"RunningTimeBeltRest":0,"WaitingTimeClosingGrippers":0,"WaitingTimeOpenGrippers":0,"WaitingTimeClosingClamping":0,"WaitingTimeOpenClamping":0,"PartDropOffPosition":0,"GrabPositionGripper":0,"ChangeoverPositionPunching":0,"ChangeoverPositionCutting":0,"OffsetSideStop":0,"ZeroPointTool4":0,"ChangePositionTool4":0,"XAxisAcceleration":0,"XAxisUnblockY":0,"YAxisAcceleration":0,"YAxisUnblockXRight":0,"YAxisUnblockXLeft":0,"YAxisSideStop":0,"ZAxisAcceleration":0,"HOMEX_POS":0,"HOMEY_POS":0}
[2026-06-15 01:53:05] LoadFromSettings finished property assignment
[2026-06-15 01:53:05] LoadFromSettings completed
[2026-06-15 01:53:27] SettingsViewModel constructor start
[2026-06-15 01:53:27] Calling LoadFromSettings
[2026-06-15 01:53:27] LoadFromSettings called with: {"SpeedX":1000,"SpeedY":1000,"SpeedXHand":200,"SpeedYHand":200,"SpeedZ":1000,"SpeedZHand":200,"XMin":0,"XMax":1000,"YMin":0,"YMax":600,"ZMin":0,"ZMax":500,"ToolLength1":50,"ToolLength2":50,"ToolLength3":50,"ToolLength4":50,"T1OffsetPos":10,"T2OffsetPos":20,"T3OffsetPos":30,"T4OffsetPos":40,"T1OffsetPosX":0,"T2OffsetPosX":0,"T3OffsetPosX":0,"T4OffsetPosX":0,"HomeX":0,"HomeY":0,"SafetyHeight":50,"ClampForce":100,"SuperviseTimePunching":0,"RunningTimeBeltWorkpiece":0,"RunningTimeBeltRest":0,"WaitingTimeClosingGrippers":0,"WaitingTimeOpenGrippers":0,"WaitingTimeClosingClamping":0,"WaitingTimeOpenClamping":0,"PartDropOffPosition":0,"GrabPositionGripper":0,"ChangeoverPositionPunching":0,"ChangeoverPositionCutting":0,"OffsetSideStop":0,"ZeroPointTool4":0,"ChangePositionTool4":0,"XAxisAcceleration":0,"XAxisUnblockY":0,"YAxisAcceleration":0,"YAxisUnblockXRight":0,"YAxisUnblockXLeft":0,"YAxisSideStop":0,"ZAxisAcceleration":0,"HOMEX_POS":0,"HOMEY_POS":0}
[2026-06-15 01:53:27] LoadFromSettings finished property assignment
[2026-06-15 01:53:27] LoadFromSettings completed
[2026-06-15 01:55:02] SettingsViewModel constructor start
[2026-06-15 01:55:02] Calling LoadFromSettings
[2026-06-15 01:55:02] LoadFromSettings called with: {"SpeedX":1000,"SpeedY":1000,"SpeedXHand":200,"SpeedYHand":200,"SpeedZ":1000,"SpeedZHand":200,"XMin":0,"XMax":1000,"YMin":0,"YMax":600,"ZMin":0,"ZMax":500,"ToolLength1":50,"ToolLength2":50,"ToolLength3":50,"ToolLength4":50,"T1OffsetPos":10,"T2OffsetPos":20,"T3OffsetPos":30,"T4OffsetPos":40,"T1OffsetPosX":0,"T2OffsetPosX":0,"T3OffsetPosX":0,"T4OffsetPosX":0,"HomeX":0,"HomeY":0,"SafetyHeight":50,"ClampForce":100,"SuperviseTimePunching":0,"RunningTimeBeltWorkpiece":0,"RunningTimeBeltRest":0,"WaitingTimeClosingGrippers":0,"WaitingTimeOpenGrippers":0,"WaitingTimeClosingClamping":0,"WaitingTimeOpenClamping":0,"PartDropOffPosition":0,"GrabPositionGripper":0,"ChangeoverPositionPunching":0,"ChangeoverPositionCutting":0,"OffsetSideStop":0,"ZeroPointTool4":0,"ChangePositionTool4":0,"XAxisAcceleration":0,"XAxisUnblockY":0,"YAxisAcceleration":0,"YAxisUnblockXRight":0,"YAxisUnblockXLeft":0,"YAxisSideStop":0,"ZAxisAcceleration":0,"HOMEX_POS":0,"HOMEY_POS":0}
[2026-06-15 01:55:02] LoadFromSettings finished property assignment
[2026-06-15 01:55:02] LoadFromSettings completed
[2026-06-15 01:56:44] SettingsViewModel constructor start
[2026-06-15 01:56:44] Calling LoadFromSettings
[2026-06-15 01:56:44] LoadFromSettings called with: {"SpeedX":1000,"SpeedY":1000,"SpeedXHand":200,"SpeedYHand":200,"SpeedZ":1000,"SpeedZHand":200,"XMin":0,"XMax":1000,"YMin":0,"YMax":600,"ZMin":0,"ZMax":500,"ToolLength1":50,"ToolLength2":50,"ToolLength3":50,"ToolLength4":50,"T1OffsetPos":10,"T2OffsetPos":20,"T3OffsetPos":30,"T4OffsetPos":40,"T1OffsetPosX":0,"T2OffsetPosX":0,"T3OffsetPosX":0,"T4OffsetPosX":0,"HomeX":0,"HomeY":0,"SafetyHeight":50,"ClampForce":100,"SuperviseTimePunching":0,"RunningTimeBeltWorkpiece":0,"RunningTimeBeltRest":0,"WaitingTimeClosingGrippers":0,"WaitingTimeOpenGrippers":0,"WaitingTimeClosingClamping":0,"WaitingTimeOpenClamping":0,"PartDropOffPosition":0,"GrabPositionGripper":0,"ChangeoverPositionPunching":0,"ChangeoverPositionCutting":0,"OffsetSideStop":0,"ZeroPointTool4":0,"ChangePositionTool4":0,"XAxisAcceleration":0,"XAxisUnblockY":0,"YAxisAcceleration":0,"YAxisUnblockXRight":0,"YAxisUnblockXLeft":0,"YAxisSideStop":0,"ZAxisAcceleration":0,"HOMEX_POS":0,"HOMEY_POS":0}
[2026-06-15 01:56:44] LoadFromSettings finished property assignment
[2026-06-15 01:56:44] LoadFromSettings completed
[2026-06-15 01:57:21] SettingsViewModel constructor start
[2026-06-15 01:57:21] Calling LoadFromSettings
[2026-06-15 01:57:21] LoadFromSettings called with: {"SpeedX":1000,"SpeedY":1000,"SpeedXHand":200,"SpeedYHand":200,"SpeedZ":1000,"SpeedZHand":200,"XMin":0,"XMax":1000,"YMin":0,"YMax":600,"ZMin":0,"ZMax":500,"ToolLength1":50,"ToolLength2":50,"ToolLength3":50,"ToolLength4":50,"T1OffsetPos":10,"T2OffsetPos":20,"T3OffsetPos":30,"T4OffsetPos":40,"T1OffsetPosX":0,"T2OffsetPosX":0,"T3OffsetPosX":0,"T4OffsetPosX":0,"HomeX":0,"HomeY":0,"SafetyHeight":50,"ClampForce":100,"SuperviseTimePunching":0,"RunningTimeBeltWorkpiece":0,"RunningTimeBeltRest":0,"WaitingTimeClosingGrippers":0,"WaitingTimeOpenGrippers":0,"WaitingTimeClosingClamping":0,"WaitingTimeOpenClamping":0,"PartDropOffPosition":0,"GrabPositionGripper":0,"ChangeoverPositionPunching":0,"ChangeoverPositionCutting":0,"OffsetSideStop":0,"ZeroPointTool4":0,"ChangePositionTool4":0,"XAxisAcceleration":0,"XAxisUnblockY":0,"YAxisAcceleration":0,"YAxisUnblockXRight":0,"YAxisUnblockXLeft":0,"YAxisSideStop":0,"ZAxisAcceleration":0,"HOMEX_POS":0,"HOMEY_POS":0}
[2026-06-15 01:57:21] LoadFromSettings finished property assignment
[2026-06-15 01:57:21] LoadFromSettings completed
[2026-06-15 02:00:16] SettingsViewModel constructor start
[2026-06-15 02:00:16] Calling LoadFromSettings
[2026-06-15 02:00:16] LoadFromSettings called with: {"SpeedX":1000,"SpeedY":1000,"SpeedXHand":200,"SpeedYHand":200,"SpeedZ":1000,"SpeedZHand":200,"XMin":0,"XMax":1000,"YMin":0,"YMax":600,"ZMin":0,"ZMax":500,"ToolLength1":50,"ToolLength2":50,"ToolLength3":50,"ToolLength4":50,"T1OffsetPos":10,"T2OffsetPos":20,"T3OffsetPos":30,"T4OffsetPos":40,"T1OffsetPosX":0,"T2OffsetPosX":0,"T3OffsetPosX":0,"T4OffsetPosX":0,"HomeX":0,"HomeY":0,"SafetyHeight":50,"ClampForce":100,"SuperviseTimePunching":0,"RunningTimeBeltWorkpiece":0,"RunningTimeBeltRest":0,"WaitingTimeClosingGrippers":0,"WaitingTimeOpenGrippers":0,"WaitingTimeClosingClamping":0,"WaitingTimeOpenClamping":0,"PartDropOffPosition":0,"GrabPositionGripper":0,"ChangeoverPositionPunching":0,"ChangeoverPositionCutting":0,"OffsetSideStop":0,"ZeroPointTool4":0,"ChangePositionTool4":0,"XAxisAcceleration":0,"XAxisUnblockY":0,"YAxisAcceleration":0,"YAxisUnblockXRight":0,"YAxisUnblockXLeft":0,"YAxisSideStop":0,"ZAxisAcceleration":0,"HOMEX_POS":0,"HOMEY_POS":0}
[2026-06-15 02:00:16] LoadFromSettings finished property assignment
[2026-06-15 02:00:16] LoadFromSettings completed
[2026-06-15 02:01:50] SettingsViewModel constructor start
[2026-06-15 02:01:50] Calling LoadFromSettings
[2026-06-15 02:01:50] LoadFromSettings called with: {"SpeedX":1000,"SpeedY":1000,"SpeedXHand":200,"SpeedYHand":200,"SpeedZ":1000,"SpeedZHand":200,"XMin":0,"XMax":1000,"YMin":0,"YMax":600,"ZMin":0,"ZMax":500,"ToolLength1":50,"ToolLength2":50,"ToolLength3":50,"ToolLength4":50,"T1OffsetPos":10,"T2OffsetPos":20,"T3OffsetPos":30,"T4OffsetPos":40,"T1OffsetPosX":0,"T2OffsetPosX":0,"T3OffsetPosX":0,"T4OffsetPosX":0,"HomeX":0,"HomeY":0,"SafetyHeight":50,"ClampForce":100,"SuperviseTimePunching":0,"RunningTimeBeltWorkpiece":0,"RunningTimeBeltRest":0,"WaitingTimeClosingGrippers":0,"WaitingTimeOpenGrippers":0,"WaitingTimeClosingClamping":0,"WaitingTimeOpenClamping":0,"PartDropOffPosition":0,"GrabPositionGripper":0,"ChangeoverPositionPunching":0,"ChangeoverPositionCutting":0,"OffsetSideStop":0,"ZeroPointTool4":0,"ChangePositionTool4":0,"XAxisAcceleration":0,"XAxisUnblockY":0,"YAxisAcceleration":0,"YAxisUnblockXRight":0,"YAxisUnblockXLeft":0,"YAxisSideStop":0,"ZAxisAcceleration":0,"HOMEX_POS":0,"HOMEY_POS":0}
[2026-06-15 02:01:50] LoadFromSettings finished property assignment
[2026-06-15 02:01:50] LoadFromSettings completed
[2026-06-15 02:02:39] SettingsViewModel constructor start
[2026-06-15 02:02:39] Calling LoadFromSettings
[2026-06-15 02:02:39] LoadFromSettings called with: {"SpeedX":1000,"SpeedY":1000,"SpeedXHand":200,"SpeedYHand":200,"SpeedZ":1000,"SpeedZHand":200,"XMin":0,"XMax":1000,"YMin":0,"YMax":600,"ZMin":0,"ZMax":500,"ToolLength1":50,"ToolLength2":50,"ToolLength3":50,"ToolLength4":50,"T1OffsetPos":10,"T2OffsetPos":20,"T3OffsetPos":30,"T4OffsetPos":40,"T1OffsetPosX":0,"T2OffsetPosX":0,"T3OffsetPosX":0,"T4OffsetPosX":0,"HomeX":0,"HomeY":0,"SafetyHeight":50,"ClampForce":100,"SuperviseTimePunching":0,"RunningTimeBeltWorkpiece":0,"RunningTimeBeltRest":0,"WaitingTimeClosingGrippers":0,"WaitingTimeOpenGrippers":0,"WaitingTimeClosingClamping":0,"WaitingTimeOpenClamping":0,"PartDropOffPosition":0,"GrabPositionGripper":0,"ChangeoverPositionPunching":0,"ChangeoverPositionCutting":0,"OffsetSideStop":0,"ZeroPointTool4":0,"ChangePositionTool4":0,"XAxisAcceleration":0,"XAxisUnblockY":0,"YAxisAcceleration":0,"YAxisUnblockXRight":0,"YAxisUnblockXLeft":0,"YAxisSideStop":0,"ZAxisAcceleration":0,"HOMEX_POS":0,"HOMEY_POS":0}
[2026-06-15 02:02:39] LoadFromSettings finished property assignment
[2026-06-15 02:02:39] LoadFromSettings completed
[2026-06-15 14:16:18] SettingsViewModel constructor start
[2026-06-15 14:16:18] Calling LoadFromSettings
[2026-06-15 14:16:18] LoadFromSettings called with: {"SpeedX":1000,"SpeedY":1000,"SpeedXHand":200,"SpeedYHand":200,"SpeedZ":1000,"SpeedZHand":200,"XMin":0,"XMax":1000,"YMin":0,"YMax":600,"ZMin":0,"ZMax":500,"ToolLength1":50,"ToolLength2":50,"ToolLength3":50,"ToolLength4":50,"T1OffsetPos":10,"T2OffsetPos":20,"T3OffsetPos":30,"T4OffsetPos":40,"T1OffsetPosX":0,"T2OffsetPosX":0,"T3OffsetPosX":0,"T4OffsetPosX":0,"HomeX":0,"HomeY":0,"SafetyHeight":50,"ClampForce":100,"SuperviseTimePunching":0,"RunningTimeBeltWorkpiece":0,"RunningTimeBeltRest":0,"WaitingTimeClosingGrippers":0,"WaitingTimeOpenGrippers":0,"WaitingTimeClosingClamping":0,"WaitingTimeOpenClamping":0,"PartDropOffPosition":0,"GrabPositionGripper":0,"ChangeoverPositionPunching":0,"ChangeoverPositionCutting":0,"OffsetSideStop":0,"ZeroPointTool4":0,"ChangePositionTool4":0,"XAxisAcceleration":0,"XAxisUnblockY":0,"YAxisAcceleration":0,"YAxisUnblockXRight":0,"YAxisUnblockXLeft":0,"YAxisSideStop":0,"ZAxisAcceleration":0,"HOMEX_POS":0,"HOMEY_POS":0}
[2026-06-15 14:16:18] LoadFromSettings finished property assignment
[2026-06-15 14:16:18] LoadFromSettings completed
[2026-06-15 14:23:01] SettingsViewModel constructor start
[2026-06-15 14:23:01] Calling LoadFromSettings
[2026-06-15 14:23:01] LoadFromSettings called with: {"SpeedX":1000,"SpeedY":1000,"SpeedXHand":200,"SpeedYHand":200,"SpeedZ":1000,"SpeedZHand":200,"XMin":0,"XMax":1000,"YMin":0,"YMax":600,"ZMin":0,"ZMax":500,"ToolLength1":50,"ToolLength2":50,"ToolLength3":50,"ToolLength4":50,"T1OffsetPos":10,"T2OffsetPos":20,"T3OffsetPos":30,"T4OffsetPos":40,"T1OffsetPosX":0,"T2OffsetPosX":0,"T3OffsetPosX":0,"T4OffsetPosX":0,"HomeX":0,"HomeY":0,"SafetyHeight":50,"ClampForce":100,"SuperviseTimePunching":0,"RunningTimeBeltWorkpiece":0,"RunningTimeBeltRest":0,"WaitingTimeClosingGrippers":0,"WaitingTimeOpenGrippers":0,"WaitingTimeClosingClamping":0,"WaitingTimeOpenClamping":0,"PartDropOffPosition":0,"GrabPositionGripper":0,"ChangeoverPositionPunching":0,"ChangeoverPositionCutting":0,"OffsetSideStop":0,"ZeroPointTool4":0,"ChangePositionTool4":0,"XAxisAcceleration":0,"XAxisUnblockY":0,"YAxisAcceleration":0,"YAxisUnblockXRight":0,"YAxisUnblockXLeft":0,"YAxisSideStop":0,"ZAxisAcceleration":0,"HOMEX_POS":0,"HOMEY_POS":0}
[2026-06-15 14:23:01] LoadFromSettings finished property assignment
[2026-06-15 14:23:01] LoadFromSettings completed
[2026-06-15 14:27:50] SettingsViewModel constructor start
[2026-06-15 14:27:50] Calling LoadFromSettings
[2026-06-15 14:27:50] LoadFromSettings called with: {"SpeedX":1000,"SpeedY":1000,"SpeedXHand":200,"SpeedYHand":200,"SpeedZ":1000,"SpeedZHand":200,"XMin":0,"XMax":1000,"YMin":0,"YMax":600,"ZMin":0,"ZMax":500,"ToolLength1":50,"ToolLength2":50,"ToolLength3":50,"ToolLength4":50,"T1OffsetPos":10,"T2OffsetPos":20,"T3OffsetPos":30,"T4OffsetPos":40,"T1OffsetPosX":0,"T2OffsetPosX":0,"T3OffsetPosX":0,"T4OffsetPosX":0,"HomeX":0,"HomeY":0,"SafetyHeight":50,"ClampForce":100,"SuperviseTimePunching":0,"RunningTimeBeltWorkpiece":0,"RunningTimeBeltRest":0,"WaitingTimeClosingGrippers":0,"WaitingTimeOpenGrippers":0,"WaitingTimeClosingClamping":0,"WaitingTimeOpenClamping":0,"PartDropOffPosition":0,"GrabPositionGripper":0,"ChangeoverPositionPunching":0,"ChangeoverPositionCutting":0,"OffsetSideStop":0,"ZeroPointTool4":0,"ChangePositionTool4":0,"XAxisAcceleration":0,"XAxisUnblockY":0,"YAxisAcceleration":0,"YAxisUnblockXRight":0,"YAxisUnblockXLeft":0,"YAxisSideStop":0,"ZAxisAcceleration":0,"HOMEX_POS":0,"HOMEY_POS":0}
[2026-06-15 14:27:50] LoadFromSettings finished property assignment
[2026-06-15 14:27:50] LoadFromSettings completed
[2026-06-15 15:27:37] SettingsViewModel constructor start
[2026-06-15 15:27:37] Calling LoadFromSettings
[2026-06-15 15:27:37] LoadFromSettings called with: {"SpeedX":1000,"SpeedY":1000,"SpeedXHand":200,"SpeedYHand":200,"SpeedZ":1000,"SpeedZHand":200,"XMin":0,"XMax":1000,"YMin":0,"YMax":600,"ZMin":0,"ZMax":500,"ToolLength1":50,"ToolLength2":50,"ToolLength3":50,"ToolLength4":50,"T1OffsetPos":10,"T2OffsetPos":20,"T3OffsetPos":30,"T4OffsetPos":40,"T1OffsetPosX":0,"T2OffsetPosX":0,"T3OffsetPosX":0,"T4OffsetPosX":0,"HomeX":0,"HomeY":0,"SafetyHeight":50,"ClampForce":100,"SuperviseTimePunching":0,"RunningTimeBeltWorkpiece":0,"RunningTimeBeltRest":0,"WaitingTimeClosingGrippers":0,"WaitingTimeOpenGrippers":0,"WaitingTimeClosingClamping":0,"WaitingTimeOpenClamping":0,"PartDropOffPosition":0,"GrabPositionGripper":0,"ChangeoverPositionPunching":0,"ChangeoverPositionCutting":0,"OffsetSideStop":0,"ZeroPointTool4":0,"ChangePositionTool4":0,"XAxisAcceleration":0,"XAxisUnblockY":0,"YAxisAcceleration":0,"YAxisUnblockXRight":0,"YAxisUnblockXLeft":0,"YAxisSideStop":0,"ZAxisAcceleration":0,"HOMEX_POS":0,"HOMEY_POS":0}
[2026-06-15 15:27:37] LoadFromSettings finished property assignment
[2026-06-15 15:27:37] LoadFromSettings completed
[2026-06-15 15:50:48] SettingsViewModel constructor start
[2026-06-15 15:50:48] Calling LoadFromSettings
[2026-06-15 15:50:48] LoadFromSettings called with: {"SpeedX":1000,"SpeedY":1000,"SpeedXHand":200,"SpeedYHand":200,"SpeedZ":1000,"SpeedZHand":200,"XMin":0,"XMax":1000,"YMin":0,"YMax":600,"ZMin":0,"ZMax":500,"ToolLength1":50,"ToolLength2":50,"ToolLength3":50,"ToolLength4":50,"T1OffsetPos":10,"T2OffsetPos":20,"T3OffsetPos":30,"T4OffsetPos":40,"T1OffsetPosX":0,"T2OffsetPosX":0,"T3OffsetPosX":0,"T4OffsetPosX":0,"HomeX":0,"HomeY":0,"SafetyHeight":50,"ClampForce":100,"SuperviseTimePunching":0,"RunningTimeBeltWorkpiece":0,"RunningTimeBeltRest":0,"WaitingTimeClosingGrippers":0,"WaitingTimeOpenGrippers":0,"WaitingTimeClosingClamping":0,"WaitingTimeOpenClamping":0,"PartDropOffPosition":0,"GrabPositionGripper":0,"ChangeoverPositionPunching":0,"ChangeoverPositionCutting":0,"OffsetSideStop":0,"ZeroPointTool4":0,"ChangePositionTool4":0,"XAxisAcceleration":0,"XAxisUnblockY":0,"YAxisAcceleration":0,"YAxisUnblockXRight":0,"YAxisUnblockXLeft":0,"YAxisSideStop":0,"ZAxisAcceleration":0,"HOMEX_POS":0,"HOMEY_POS":0}
[2026-06-15 15:50:48] LoadFromSettings finished property assignment
[2026-06-15 15:50:48] LoadFromSettings completed
[2026-06-15 16:04:27] SettingsViewModel constructor start
[2026-06-15 16:04:27] Calling LoadFromSettings
[2026-06-15 16:04:27] LoadFromSettings called with: {"SpeedX":1000,"SpeedY":1000,"SpeedXHand":200,"SpeedYHand":200,"SpeedZ":1000,"SpeedZHand":200,"XMin":0,"XMax":1000,"YMin":0,"YMax":600,"ZMin":0,"ZMax":500,"ToolLength1":50,"ToolLength2":50,"ToolLength3":50,"ToolLength4":50,"T1OffsetPos":10,"T2OffsetPos":20,"T3OffsetPos":30,"T4OffsetPos":40,"T1OffsetPosX":0,"T2OffsetPosX":0,"T3OffsetPosX":0,"T4OffsetPosX":0,"HomeX":0,"HomeY":0,"SafetyHeight":50,"ClampForce":100,"SuperviseTimePunching":0,"RunningTimeBeltWorkpiece":0,"RunningTimeBeltRest":0,"WaitingTimeClosingGrippers":0,"WaitingTimeOpenGrippers":0,"WaitingTimeClosingClamping":0,"WaitingTimeOpenClamping":0,"PartDropOffPosition":0,"GrabPositionGripper":0,"ChangeoverPositionPunching":0,"ChangeoverPositionCutting":0,"OffsetSideStop":0,"ZeroPointTool4":0,"ChangePositionTool4":0,"XAxisAcceleration":0,"XAxisUnblockY":0,"YAxisAcceleration":0,"YAxisUnblockXRight":0,"YAxisUnblockXLeft":0,"YAxisSideStop":0,"ZAxisAcceleration":0,"HOMEX_POS":0,"HOMEY_POS":0}
[2026-06-15 16:04:27] LoadFromSettings finished property assignment
[2026-06-15 16:04:27] LoadFromSettings completed
[2026-06-15 16:09:01] SettingsViewModel constructor start
[2026-06-15 16:09:01] Calling LoadFromSettings
[2026-06-15 16:09:01] LoadFromSettings called with: {"SpeedX":1000,"SpeedY":1000,"SpeedXHand":200,"SpeedYHand":200,"SpeedZ":1000,"SpeedZHand":200,"XMin":0,"XMax":1000,"YMin":0,"YMax":600,"ZMin":0,"ZMax":500,"ToolLength1":50,"ToolLength2":50,"ToolLength3":50,"ToolLength4":50,"T1OffsetPos":10,"T2OffsetPos":20,"T3OffsetPos":30,"T4OffsetPos":40,"T1OffsetPosX":0,"T2OffsetPosX":0,"T3OffsetPosX":0,"T4OffsetPosX":0,"HomeX":0,"HomeY":0,"SafetyHeight":50,"ClampForce":100,"SuperviseTimePunching":0,"RunningTimeBeltWorkpiece":0,"RunningTimeBeltRest":0,"WaitingTimeClosingGrippers":0,"WaitingTimeOpenGrippers":0,"WaitingTimeClosingClamping":0,"WaitingTimeOpenClamping":0,"PartDropOffPosition":0,"GrabPositionGripper":0,"ChangeoverPositionPunching":0,"ChangeoverPositionCutting":0,"OffsetSideStop":0,"ZeroPointTool4":0,"ChangePositionTool4":0,"XAxisAcceleration":0,"XAxisUnblockY":0,"YAxisAcceleration":0,"YAxisUnblockXRight":0,"YAxisUnblockXLeft":0,"YAxisSideStop":0,"ZAxisAcceleration":0,"HOMEX_POS":0,"HOMEY_POS":0}
[2026-06-15 16:09:01] LoadFromSettings finished property assignment
[2026-06-15 16:09:01] LoadFromSettings completed
[2026-06-15 18:47:56] SettingsViewModel constructor start
[2026-06-15 18:47:56] Calling LoadFromSettings
[2026-06-15 18:47:56] LoadFromSettings called with: {"SpeedX":1000,"SpeedY":1000,"SpeedXHand":200,"SpeedYHand":200,"SpeedZ":1000,"SpeedZHand":200,"XMin":0,"XMax":1000,"YMin":0,"YMax":600,"ZMin":0,"ZMax":500,"ToolLength1":50,"ToolLength2":50,"ToolLength3":50,"ToolLength4":50,"T1OffsetPos":10,"T2OffsetPos":20,"T3OffsetPos":30,"T4OffsetPos":40,"T1OffsetPosX":30,"T2OffsetPosX":40,"T3OffsetPosX":50,"T4OffsetPosX":60,"HomeX":0,"HomeY":0,"SafetyHeight":50,"ClampForce":100,"SuperviseTimePunching":0,"RunningTimeBeltWorkpiece":0,"RunningTimeBeltRest":0,"WaitingTimeClosingGrippers":0,"WaitingTimeOpenGrippers":0,"WaitingTimeClosingClamping":0,"WaitingTimeOpenClamping":0,"PartDropOffPosition":0,"GrabPositionGripper":0,"ChangeoverPositionPunching":0,"ChangeoverPositionCutting":0,"OffsetSideStop":0,"ZeroPointTool4":0,"ChangePositionTool4":0,"XAxisAcceleration":0,"XAxisUnblockY":0,"YAxisAcceleration":0,"YAxisUnblockXRight":0,"YAxisUnblockXLeft":0,"YAxisSideStop":0,"ZAxisAcceleration":0,"HOMEX_POS":0,"HOMEY_POS":0}
[2026-06-15 18:47:56] LoadFromSettings finished property assignment
[2026-06-15 18:47:56] LoadFromSettings completed
[2026-06-15 18:50:42] SettingsViewModel constructor start
[2026-06-15 18:50:42] Calling LoadFromSettings
[2026-06-15 18:50:42] LoadFromSettings called with: {"SpeedX":30,"SpeedY":30,"SpeedXHand":50,"SpeedYHand":200,"SpeedZ":1000,"SpeedZHand":200,"XMin":70,"XMax":50,"YMin":60,"YMax":800,"ZMin":0,"ZMax":500,"ToolLength1":50,"ToolLength2":50,"ToolLength3":50,"ToolLength4":50,"T1OffsetPos":10,"T2OffsetPos":20,"T3OffsetPos":30,"T4OffsetPos":40,"T1OffsetPosX":30,"T2OffsetPosX":40,"T3OffsetPosX":50,"T4OffsetPosX":60,"HomeX":0,"HomeY":0,"SafetyHeight":50,"ClampForce":100,"SuperviseTimePunching":0,"RunningTimeBeltWorkpiece":0,"RunningTimeBeltRest":0,"WaitingTimeClosingGrippers":0,"WaitingTimeOpenGrippers":0,"WaitingTimeClosingClamping":0,"WaitingTimeOpenClamping":0,"PartDropOffPosition":0,"GrabPositionGripper":0,"ChangeoverPositionPunching":0,"ChangeoverPositionCutting":0,"OffsetSideStop":0,"ZeroPointTool4":0,"ChangePositionTool4":0,"XAxisAcceleration":0,"XAxisUnblockY":0,"YAxisAcceleration":0,"YAxisUnblockXRight":0,"YAxisUnblockXLeft":0,"YAxisSideStop":0,"ZAxisAcceleration":0,"HOMEX_POS":0,"HOMEY_POS":0}
[2026-06-15 18:50:42] LoadFromSettings finished property assignment
[2026-06-15 18:50:42] LoadFromSettings completed
[2026-06-15 23:46:25] SettingsViewModel constructor start
[2026-06-15 23:46:25] Calling LoadFromSettings
[2026-06-15 23:46:25] LoadFromSettings called with: {"SpeedX":100,"SpeedY":100,"SpeedXHand":300,"SpeedYHand":200,"SpeedZ":1000,"SpeedZHand":200,"XMin":10,"XMax":100,"YMin":20,"YMax":700,"ZMin":0,"ZMax":500,"ToolLength1":10,"ToolLength2":20,"ToolLength3":30,"ToolLength4":40,"T1OffsetPos":20,"T2OffsetPos":40,"T3OffsetPos":60,"T4OffsetPos":80,"T1OffsetPosX":10,"T2OffsetPosX":30,"T3OffsetPosX":50,"T4OffsetPosX":70,"HomeX":0,"HomeY":0,"SafetyHeight":50,"ClampForce":100,"SuperviseTimePunching":0,"RunningTimeBeltWorkpiece":0,"RunningTimeBeltRest":0,"WaitingTimeClosingGrippers":0,"WaitingTimeOpenGrippers":0,"WaitingTimeClosingClamping":0,"WaitingTimeOpenClamping":0,"PartDropOffPosition":0,"GrabPositionGripper":0,"ChangeoverPositionPunching":0,"ChangeoverPositionCutting":0,"OffsetSideStop":0,"ZeroPointTool4":0,"ChangePositionTool4":0,"XAxisAcceleration":0,"XAxisUnblockY":0,"YAxisAcceleration":0,"YAxisUnblockXRight":0,"YAxisUnblockXLeft":0,"YAxisSideStop":0,"ZAxisAcceleration":0,"HOMEX_POS":11070,"HOMEY_POS":10565}
[2026-06-15 23:46:25] LoadFromSettings finished property assignment
[2026-06-15 23:46:25] LoadFromSettings completed
[2026-06-15 23:46:32] SetHomeXPos start
[2026-06-15 23:46:35] HOMEX write results: pos=True, trigger=True
[2026-06-15 23:46:38] HOMEX verified: 964
[2026-06-15 23:46:41] SetHomeXPos start
[2026-06-15 23:46:46] HOMEX write results: pos=True, trigger=True
[2026-06-15 23:46:52] HOMEX verified: 2042
[2026-06-15 23:47:24] SetHomeYPos start
[2026-06-15 23:47:47] HOMEY write results: pos=True, trigger=True
[2026-06-15 23:52:04] SettingsViewModel constructor start
[2026-06-15 23:52:04] Calling LoadFromSettings
[2026-06-15 23:52:04] LoadFromSettings called with: {"SpeedX":100,"SpeedY":30,"SpeedXHand":300,"SpeedYHand":200,"SpeedZ":1000,"SpeedZHand":200,"XMin":10,"XMax":100,"YMin":20,"YMax":700,"ZMin":0,"ZMax":500,"ToolLength1":10,"ToolLength2":20,"ToolLength3":30,"ToolLength4":40,"T1OffsetPos":20,"T2OffsetPos":40,"T3OffsetPos":60,"T4OffsetPos":80,"T1OffsetPosX":10,"T2OffsetPosX":30,"T3OffsetPosX":50,"T4OffsetPosX":70,"HomeX":0,"HomeY":0,"SafetyHeight":50,"ClampForce":100,"SuperviseTimePunching":0,"RunningTimeBeltWorkpiece":0,"RunningTimeBeltRest":0,"WaitingTimeClosingGrippers":0,"WaitingTimeOpenGrippers":0,"WaitingTimeClosingClamping":0,"WaitingTimeOpenClamping":0,"PartDropOffPosition":0,"GrabPositionGripper":0,"ChangeoverPositionPunching":0,"ChangeoverPositionCutting":0,"OffsetSideStop":0,"ZeroPointTool4":0,"ChangePositionTool4":0,"XAxisAcceleration":0,"XAxisUnblockY":0,"YAxisAcceleration":0,"YAxisUnblockXRight":0,"YAxisUnblockXLeft":0,"YAxisSideStop":0,"ZAxisAcceleration":0,"HOMEX_POS":2042,"HOMEY_POS":0}
[2026-06-15 23:52:04] LoadFromSettings finished property assignment
[2026-06-15 23:52:04] LoadFromSettings completed
[2026-06-15 23:56:43] SettingsViewModel constructor start
[2026-06-15 23:56:43] Calling LoadFromSettings
[2026-06-15 23:56:43] LoadFromSettings called with: {"SpeedX":100,"SpeedY":30,"SpeedXHand":300,"SpeedYHand":200,"SpeedZ":1000,"SpeedZHand":200,"XMin":10,"XMax":100,"YMin":20,"YMax":700,"ZMin":0,"ZMax":500,"ToolLength1":10,"ToolLength2":20,"ToolLength3":30,"ToolLength4":40,"T1OffsetPos":20,"T2OffsetPos":40,"T3OffsetPos":60,"T4OffsetPos":80,"T1OffsetPosX":10,"T2OffsetPosX":30,"T3OffsetPosX":50,"T4OffsetPosX":70,"HomeX":0,"HomeY":0,"SafetyHeight":50,"ClampForce":100,"SuperviseTimePunching":0,"RunningTimeBeltWorkpiece":0,"RunningTimeBeltRest":0,"WaitingTimeClosingGrippers":0,"WaitingTimeOpenGrippers":0,"WaitingTimeClosingClamping":0,"WaitingTimeOpenClamping":0,"PartDropOffPosition":0,"GrabPositionGripper":0,"ChangeoverPositionPunching":0,"ChangeoverPositionCutting":0,"OffsetSideStop":0,"ZeroPointTool4":0,"ChangePositionTool4":0,"XAxisAcceleration":0,"XAxisUnblockY":0,"YAxisAcceleration":0,"YAxisUnblockXRight":0,"YAxisUnblockXLeft":0,"YAxisSideStop":0,"ZAxisAcceleration":0,"HOMEX_POS":2042,"HOMEY_POS":0}
[2026-06-15 23:56:43] LoadFromSettings finished property assignment
[2026-06-15 23:56:43] LoadFromSettings completed
[2026-06-16 00:01:09] SettingsViewModel constructor start
[2026-06-16 00:01:09] Calling LoadFromSettings
[2026-06-16 00:01:09] LoadFromSettings called with: {"SpeedX":100,"SpeedY":30,"SpeedXHand":300,"SpeedYHand":200,"SpeedZ":1000,"SpeedZHand":200,"XMin":10,"XMax":100,"YMin":20,"YMax":700,"ZMin":0,"ZMax":500,"ToolLength1":10,"ToolLength2":20,"ToolLength3":30,"ToolLength4":40,"T1OffsetPos":20,"T2OffsetPos":40,"T3OffsetPos":60,"T4OffsetPos":80,"T1OffsetPosX":10,"T2OffsetPosX":30,"T3OffsetPosX":50,"T4OffsetPosX":70,"HomeX":0,"HomeY":0,"SafetyHeight":50,"ClampForce":100,"SuperviseTimePunching":0,"RunningTimeBeltWorkpiece":0,"RunningTimeBeltRest":0,"WaitingTimeClosingGrippers":0,"WaitingTimeOpenGrippers":0,"WaitingTimeClosingClamping":0,"WaitingTimeOpenClamping":0,"PartDropOffPosition":0,"GrabPositionGripper":0,"ChangeoverPositionPunching":0,"ChangeoverPositionCutting":0,"OffsetSideStop":0,"ZeroPointTool4":0,"ChangePositionTool4":0,"XAxisAcceleration":0,"XAxisUnblockY":0,"YAxisAcceleration":0,"YAxisUnblockXRight":0,"YAxisUnblockXLeft":0,"YAxisSideStop":0,"ZAxisAcceleration":0,"HOMEX_POS":2042,"HOMEY_POS":0}
[2026-06-16 00:01:09] LoadFromSettings finished property assignment
[2026-06-16 00:01:09] LoadFromSettings completed
[2026-06-16 00:04:16] SettingsViewModel constructor start
[2026-06-16 00:04:16] Calling LoadFromSettings
[2026-06-16 00:04:16] LoadFromSettings called with: {"SpeedX":100,"SpeedY":30,"SpeedXHand":300,"SpeedYHand":200,"SpeedZ":1000,"SpeedZHand":200,"XMin":10,"XMax":100,"YMin":20,"YMax":700,"ZMin":0,"ZMax":500,"ToolLength1":10,"ToolLength2":20,"ToolLength3":30,"ToolLength4":40,"T1OffsetPos":20,"T2OffsetPos":40,"T3OffsetPos":60,"T4OffsetPos":80,"T1OffsetPosX":10,"T2OffsetPosX":30,"T3OffsetPosX":50,"T4OffsetPosX":70,"HomeX":0,"HomeY":0,"SafetyHeight":50,"ClampForce":100,"SuperviseTimePunching":0,"RunningTimeBeltWorkpiece":0,"RunningTimeBeltRest":0,"WaitingTimeClosingGrippers":0,"WaitingTimeOpenGrippers":0,"WaitingTimeClosingClamping":0,"WaitingTimeOpenClamping":0,"PartDropOffPosition":0,"GrabPositionGripper":0,"ChangeoverPositionPunching":0,"ChangeoverPositionCutting":0,"OffsetSideStop":0,"ZeroPointTool4":0,"ChangePositionTool4":0,"XAxisAcceleration":0,"XAxisUnblockY":0,"YAxisAcceleration":0,"YAxisUnblockXRight":0,"YAxisUnblockXLeft":0,"YAxisSideStop":0,"ZAxisAcceleration":0,"HOMEX_POS":2042,"HOMEY_POS":0}
[2026-06-16 00:04:17] LoadFromSettings finished property assignment
[2026-06-16 00:04:17] LoadFromSettings completed
[2026-06-16 00:09:01] SettingsViewModel constructor start
[2026-06-16 00:09:01] Calling LoadFromSettings
[2026-06-16 00:09:01] LoadFromSettings called with: {"SpeedX":100,"SpeedY":30,"SpeedXHand":300,"SpeedYHand":200,"SpeedZ":1000,"SpeedZHand":200,"XMin":10,"XMax":100,"YMin":20,"YMax":700,"ZMin":0,"ZMax":500,"ToolLength1":10,"ToolLength2":20,"ToolLength3":30,"ToolLength4":40,"T1OffsetPos":20,"T2OffsetPos":40,"T3OffsetPos":60,"T4OffsetPos":80,"T1OffsetPosX":10,"T2OffsetPosX":30,"T3OffsetPosX":50,"T4OffsetPosX":70,"HomeX":0,"HomeY":0,"SafetyHeight":50,"ClampForce":100,"SuperviseTimePunching":0,"RunningTimeBeltWorkpiece":0,"RunningTimeBeltRest":0,"WaitingTimeClosingGrippers":0,"WaitingTimeOpenGrippers":0,"WaitingTimeClosingClamping":0,"WaitingTimeOpenClamping":0,"PartDropOffPosition":0,"GrabPositionGripper":0,"ChangeoverPositionPunching":0,"ChangeoverPositionCutting":0,"OffsetSideStop":0,"ZeroPointTool4":0,"ChangePositionTool4":0,"XAxisAcceleration":0,"XAxisUnblockY":0,"YAxisAcceleration":0,"YAxisUnblockXRight":0,"YAxisUnblockXLeft":0,"YAxisSideStop":0,"ZAxisAcceleration":0,"HOMEX_POS":2042,"HOMEY_POS":0}
[2026-06-16 00:09:01] LoadFromSettings finished property assignment
[2026-06-16 00:09:01] LoadFromSettings completed
[2026-06-16 00:15:22] SettingsViewModel constructor start
[2026-06-16 00:15:22] Calling LoadFromSettings
[2026-06-16 00:15:22] LoadFromSettings called with: {"SpeedX":100,"SpeedY":30,"SpeedXHand":300,"SpeedYHand":200,"SpeedZ":1000,"SpeedZHand":200,"XMin":10,"XMax":100,"YMin":20,"YMax":700,"ZMin":0,"ZMax":500,"ToolLength1":10,"ToolLength2":20,"ToolLength3":30,"ToolLength4":40,"T1OffsetPos":20,"T2OffsetPos":40,"T3OffsetPos":60,"T4OffsetPos":80,"T1OffsetPosX":10,"T2OffsetPosX":30,"T3OffsetPosX":50,"T4OffsetPosX":70,"HomeX":0,"HomeY":0,"SafetyHeight":50,"ClampForce":100,"SuperviseTimePunching":0,"RunningTimeBeltWorkpiece":0,"RunningTimeBeltRest":0,"WaitingTimeClosingGrippers":0,"WaitingTimeOpenGrippers":0,"WaitingTimeClosingClamping":0,"WaitingTimeOpenClamping":0,"PartDropOffPosition":0,"GrabPositionGripper":0,"ChangeoverPositionPunching":0,"ChangeoverPositionCutting":0,"OffsetSideStop":0,"ZeroPointTool4":0,"ChangePositionTool4":0,"XAxisAcceleration":0,"XAxisUnblockY":0,"YAxisAcceleration":0,"YAxisUnblockXRight":0,"YAxisUnblockXLeft":0,"YAxisSideStop":0,"ZAxisAcceleration":0,"HOMEX_POS":2042,"HOMEY_POS":0}
[2026-06-16 00:15:22] LoadFromSettings finished property assignment
[2026-06-16 00:15:22] LoadFromSettings completed
[2026-06-16 00:18:03] SettingsViewModel constructor start
[2026-06-16 00:18:03] Calling LoadFromSettings
[2026-06-16 00:18:03] LoadFromSettings called with: {"SpeedX":100,"SpeedY":30,"SpeedXHand":300,"SpeedYHand":200,"SpeedZ":1000,"SpeedZHand":200,"XMin":10,"XMax":100,"YMin":20,"YMax":700,"ZMin":0,"ZMax":500,"ToolLength1":10,"ToolLength2":20,"ToolLength3":30,"ToolLength4":40,"T1OffsetPos":20,"T2OffsetPos":40,"T3OffsetPos":60,"T4OffsetPos":80,"T1OffsetPosX":10,"T2OffsetPosX":30,"T3OffsetPosX":50,"T4OffsetPosX":70,"HomeX":0,"HomeY":0,"SafetyHeight":50,"ClampForce":100,"SuperviseTimePunching":0,"RunningTimeBeltWorkpiece":0,"RunningTimeBeltRest":0,"WaitingTimeClosingGrippers":0,"WaitingTimeOpenGrippers":0,"WaitingTimeClosingClamping":0,"WaitingTimeOpenClamping":0,"PartDropOffPosition":0,"GrabPositionGripper":0,"ChangeoverPositionPunching":0,"ChangeoverPositionCutting":0,"OffsetSideStop":0,"ZeroPointTool4":0,"ChangePositionTool4":0,"XAxisAcceleration":0,"XAxisUnblockY":0,"YAxisAcceleration":0,"YAxisUnblockXRight":0,"YAxisUnblockXLeft":0,"YAxisSideStop":0,"ZAxisAcceleration":0,"HOMEX_POS":2042,"HOMEY_POS":0}
[2026-06-16 00:18:03] LoadFromSettings finished property assignment
[2026-06-16 00:18:03] LoadFromSettings completed
[2026-06-16 00:23:31] SettingsViewModel constructor start
[2026-06-16 00:23:31] Calling LoadFromSettings
[2026-06-16 00:23:31] LoadFromSettings called with: {"SpeedX":100,"SpeedY":30,"SpeedXHand":300,"SpeedYHand":200,"SpeedZ":1000,"SpeedZHand":200,"XMin":10,"XMax":100,"YMin":20,"YMax":700,"ZMin":0,"ZMax":500,"ToolLength1":10,"ToolLength2":20,"ToolLength3":30,"ToolLength4":40,"T1OffsetPos":20,"T2OffsetPos":40,"T3OffsetPos":60,"T4OffsetPos":80,"T1OffsetPosX":10,"T2OffsetPosX":30,"T3OffsetPosX":50,"T4OffsetPosX":70,"HomeX":0,"HomeY":0,"SafetyHeight":50,"ClampForce":100,"SuperviseTimePunching":0,"RunningTimeBeltWorkpiece":0,"RunningTimeBeltRest":0,"WaitingTimeClosingGrippers":0,"WaitingTimeOpenGrippers":0,"WaitingTimeClosingClamping":0,"WaitingTimeOpenClamping":0,"PartDropOffPosition":0,"GrabPositionGripper":0,"ChangeoverPositionPunching":0,"ChangeoverPositionCutting":0,"OffsetSideStop":0,"ZeroPointTool4":0,"ChangePositionTool4":0,"XAxisAcceleration":0,"XAxisUnblockY":0,"YAxisAcceleration":0,"YAxisUnblockXRight":0,"YAxisUnblockXLeft":0,"YAxisSideStop":0,"ZAxisAcceleration":0,"HOMEX_POS":2042,"HOMEY_POS":0}
[2026-06-16 00:23:31] LoadFromSettings finished property assignment
[2026-06-16 00:23:31] LoadFromSettings completed
[2026-06-16 00:23:42] LoadFromSettings called with: {"SpeedX":100,"SpeedY":30,"SpeedXHand":300,"SpeedYHand":200,"SpeedZ":1000,"SpeedZHand":200,"XMin":10,"XMax":100,"YMin":20,"YMax":700,"ZMin":0,"ZMax":500,"ToolLength1":10,"ToolLength2":20,"ToolLength3":30,"ToolLength4":40,"T1OffsetPos":20,"T2OffsetPos":40,"T3OffsetPos":60,"T4OffsetPos":80,"T1OffsetPosX":10,"T2OffsetPosX":30,"T3OffsetPosX":50,"T4OffsetPosX":70,"HomeX":0,"HomeY":0,"SafetyHeight":50,"ClampForce":100,"SuperviseTimePunching":0,"RunningTimeBeltWorkpiece":0,"RunningTimeBeltRest":0,"WaitingTimeClosingGrippers":0,"WaitingTimeOpenGrippers":0,"WaitingTimeClosingClamping":0,"WaitingTimeOpenClamping":0,"PartDropOffPosition":0,"GrabPositionGripper":0,"ChangeoverPositionPunching":0,"ChangeoverPositionCutting":0,"OffsetSideStop":0,"ZeroPointTool4":0,"ChangePositionTool4":0,"XAxisAcceleration":0,"XAxisUnblockY":0,"YAxisAcceleration":0,"YAxisUnblockXRight":0,"YAxisUnblockXLeft":0,"YAxisSideStop":0,"ZAxisAcceleration":0,"HOMEX_POS":2042,"HOMEY_POS":0}
[2026-06-16 00:23:42] LoadFromSettings finished property assignment
[2026-06-16 00:29:13] SettingsViewModel constructor start
[2026-06-16 00:29:13] Calling LoadFromSettings
[2026-06-16 00:29:13] LoadFromSettings called with: {"SpeedX":100,"SpeedY":30,"SpeedXHand":300,"SpeedYHand":200,"SpeedZ":1000,"SpeedZHand":200,"XMin":10,"XMax":100,"YMin":20,"YMax":700,"ZMin":0,"ZMax":500,"ToolLength1":10,"ToolLength2":20,"ToolLength3":30,"ToolLength4":40,"T1OffsetPos":20,"T2OffsetPos":40,"T3OffsetPos":60,"T4OffsetPos":80,"T1OffsetPosX":10,"T2OffsetPosX":30,"T3OffsetPosX":50,"T4OffsetPosX":70,"HomeX":0,"HomeY":0,"SafetyHeight":50,"ClampForce":100,"SuperviseTimePunching":0,"RunningTimeBeltWorkpiece":0,"RunningTimeBeltRest":0,"WaitingTimeClosingGrippers":0,"WaitingTimeOpenGrippers":0,"WaitingTimeClosingClamping":0,"WaitingTimeOpenClamping":0,"PartDropOffPosition":0,"GrabPositionGripper":0,"ChangeoverPositionPunching":0,"ChangeoverPositionCutting":0,"OffsetSideStop":0,"ZeroPointTool4":0,"ChangePositionTool4":0,"XAxisAcceleration":0,"XAxisUnblockY":0,"YAxisAcceleration":0,"YAxisUnblockXRight":0,"YAxisUnblockXLeft":0,"YAxisSideStop":0,"ZAxisAcceleration":0,"HOMEX_POS":2042,"HOMEY_POS":0}
[2026-06-16 00:29:13] LoadFromSettings finished property assignment
[2026-06-16 00:29:13] LoadFromSettings completed
[2026-06-16 00:30:00] LoadFromSettings called with: {"SpeedX":100,"SpeedY":30,"SpeedXHand":300,"SpeedYHand":200,"SpeedZ":1000,"SpeedZHand":200,"XMin":10,"XMax":100,"YMin":20,"YMax":700,"ZMin":0,"ZMax":500,"ToolLength1":10,"ToolLength2":20,"ToolLength3":30,"ToolLength4":40,"T1OffsetPos":20,"T2OffsetPos":40,"T3OffsetPos":60,"T4OffsetPos":80,"T1OffsetPosX":10,"T2OffsetPosX":30,"T3OffsetPosX":50,"T4OffsetPosX":70,"HomeX":0,"HomeY":0,"SafetyHeight":50,"ClampForce":100,"SuperviseTimePunching":0,"RunningTimeBeltWorkpiece":0,"RunningTimeBeltRest":0,"WaitingTimeClosingGrippers":0,"WaitingTimeOpenGrippers":0,"WaitingTimeClosingClamping":0,"WaitingTimeOpenClamping":0,"PartDropOffPosition":0,"GrabPositionGripper":0,"ChangeoverPositionPunching":0,"ChangeoverPositionCutting":0,"OffsetSideStop":0,"ZeroPointTool4":0,"ChangePositionTool4":0,"XAxisAcceleration":0,"XAxisUnblockY":0,"YAxisAcceleration":0,"YAxisUnblockXRight":0,"YAxisUnblockXLeft":0,"YAxisSideStop":0,"ZAxisAcceleration":0,"HOMEX_POS":2042,"HOMEY_POS":0}
[2026-06-16 00:30:00] LoadFromSettings finished property assignment
[2026-06-16 00:36:38] SettingsViewModel constructor start
[2026-06-16 00:36:38] Calling LoadFromSettings
[2026-06-16 00:36:38] LoadFromSettings called with: {"SpeedX":100,"SpeedY":30,"SpeedXHand":300,"SpeedYHand":200,"SpeedZ":1000,"SpeedZHand":200,"XMin":10,"XMax":100,"YMin":20,"YMax":700,"ZMin":0,"ZMax":500,"ToolLength1":10,"ToolLength2":20,"ToolLength3":30,"ToolLength4":40,"T1OffsetPos":20,"T2OffsetPos":40,"T3OffsetPos":60,"T4OffsetPos":80,"T1OffsetPosX":10,"T2OffsetPosX":30,"T3OffsetPosX":50,"T4OffsetPosX":70,"HomeX":0,"HomeY":0,"SafetyHeight":50,"ClampForce":100,"SuperviseTimePunching":0,"RunningTimeBeltWorkpiece":0,"RunningTimeBeltRest":0,"WaitingTimeClosingGrippers":0,"WaitingTimeOpenGrippers":0,"WaitingTimeClosingClamping":0,"WaitingTimeOpenClamping":0,"PartDropOffPosition":0,"GrabPositionGripper":0,"ChangeoverPositionPunching":0,"ChangeoverPositionCutting":0,"OffsetSideStop":0,"ZeroPointTool4":0,"ChangePositionTool4":0,"XAxisAcceleration":0,"XAxisUnblockY":0,"YAxisAcceleration":0,"YAxisUnblockXRight":0,"YAxisUnblockXLeft":0,"YAxisSideStop":0,"ZAxisAcceleration":0,"HOMEX_POS":2042,"HOMEY_POS":0}
[2026-06-16 00:36:38] LoadFromSettings finished property assignment
[2026-06-16 00:36:38] LoadFromSettings completed
[2026-06-16 00:37:26] LoadFromSettings called with: {"SpeedX":100,"SpeedY":30,"SpeedXHand":300,"SpeedYHand":200,"SpeedZ":1000,"SpeedZHand":200,"XMin":10,"XMax":100,"YMin":20,"YMax":700,"ZMin":0,"ZMax":500,"ToolLength1":10,"ToolLength2":20,"ToolLength3":30,"ToolLength4":40,"T1OffsetPos":20,"T2OffsetPos":40,"T3OffsetPos":60,"T4OffsetPos":80,"T1OffsetPosX":10,"T2OffsetPosX":30,"T3OffsetPosX":50,"T4OffsetPosX":70,"HomeX":0,"HomeY":0,"SafetyHeight":50,"ClampForce":100,"SuperviseTimePunching":0,"RunningTimeBeltWorkpiece":0,"RunningTimeBeltRest":0,"WaitingTimeClosingGrippers":0,"WaitingTimeOpenGrippers":0,"WaitingTimeClosingClamping":0,"WaitingTimeOpenClamping":0,"PartDropOffPosition":0,"GrabPositionGripper":0,"ChangeoverPositionPunching":0,"ChangeoverPositionCutting":0,"OffsetSideStop":0,"ZeroPointTool4":0,"ChangePositionTool4":0,"XAxisAcceleration":0,"XAxisUnblockY":0,"YAxisAcceleration":0,"YAxisUnblockXRight":0,"YAxisUnblockXLeft":0,"YAxisSideStop":0,"ZAxisAcceleration":0,"HOMEX_POS":2042,"HOMEY_POS":0}
[2026-06-16 00:37:26] LoadFromSettings finished property assignment
