[2026-04-02 20:47:15.107] 
===== ValidateCurrentMachineLicense started =====
[2026-04-02 20:47:15.109] Current Machine ID: E7984430-9201-4AD2-88AD-354EC899002F
[2026-04-02 20:47:15.109] Checking path: C:\ProgramData\CopaFormGui\license.json - Exists: True
[2026-04-02 20:47:15.113] [TryValidateLicenseAtPath] Validating license at: C:\ProgramData\CopaFormGui\license.json
[2026-04-02 20:47:15.114] [TryValidateLicenseAtPath] Current machine ID: E7984430-9201-4AD2-88AD-354EC899002F
[2026-04-02 20:47:15.308] [TryValidateLicenseAtPath] Product in license: CopaFormGui
[2026-04-02 20:47:15.309] [TryValidateLicenseAtPath] Machine ID in license: E7984430-9201-4AD2-88AD-354EC899002F
[2026-04-02 20:47:15.310] [TryValidateLicenseAtPath] Expires: , Now: 2026-04-02T20:47:15.3106762Z
[2026-04-02 20:47:15.311] [TryValidateLicenseAtPath] IssuedUtc: 2026-04-02T20:38:04.6710936Z, MinIssuedUtc: 2026-04-02T19:57:00.0000000Z
[2026-04-02 20:47:15.311] [TryValidateLicenseAtPath] Calling VerifySignature...
[2026-04-02 20:47:15.316] [VerifySignature] Payload: CopaFormGui|test|E7984430-9201-4AD2-88AD-354EC899002F|2026-04-02T20:38:04.6710936Z|
[2026-04-02 20:47:15.317] [VerifySignature] Public key first 60 chars: -----BEGIN PUBLIC KEY-----
MIIBojANBgkqhkiG9w0BAQEFAAOCAY8A
[2026-04-02 20:47:15.317] [VerifySignature] Signature length: 512
[2026-04-02 20:47:15.318] [ImportPublicKeyFromPem] DER SPKI length: 422 bytes
[2026-04-02 20:47:15.319] [ImportPublicKeyFromPem] Parsed outer SEQUENCE
[2026-04-02 20:47:15.320] [ImportPublicKeyFromPem] Skipped algorithm SEQUENCE
[2026-04-02 20:47:15.320] [ImportPublicKeyFromPem] Parsed BIT STRING
[2026-04-02 20:47:15.320] [ImportPublicKeyFromPem] Parsed RSAPublicKey SEQUENCE
[2026-04-02 20:47:15.321] [ImportPublicKeyFromPem] Parsed modulus: 384 bytes
[2026-04-02 20:47:15.322] [ImportPublicKeyFromPem] Parsed exponent: 3 bytes
[2026-04-02 20:47:15.323] [ImportPublicKeyFromPem] RSA key imported successfully
[2026-04-02 20:47:15.323] [VerifySignature] Result: True
[2026-04-02 20:47:15.324] [TryValidateLicenseAtPath] SUCCESS: License validated
[2026-04-02 20:47:15.324] ✓ VALIDATION PASSED at: C:\ProgramData\CopaFormGui\license.json
[2026-05-01 06:50:47.132] 
===== ValidateCurrentMachineLicense started =====
[2026-05-01 06:50:47.141] Current Machine ID: E7984430-9201-4AD2-88AD-354EC899002F
[2026-05-01 06:50:47.142] Checking path: C:\ProgramData\CopaFormGui\license.json - Exists: False
[2026-05-01 06:50:47.142] Checking path: C:\Sanjeev Project\akshay project\PLC_Project\CopaFormGui\bin\Debug\net48\license.json - Exists: False
[2026-05-01 06:50:47.143] No license files found. Fail message: License file not found.
Expected: C:\ProgramData\CopaFormGui\license.json or C:\Sanjeev Project\akshay project\PLC_Project\CopaFormGui\bin\Debug\net48\license.json

Machine ID: E7984430-9201-4AD2-88AD-354EC899002F
[2026-05-01 06:52:50.269] 
===== ValidateCurrentMachineLicense started =====
[2026-05-01 06:52:50.279] Current Machine ID: E7984430-9201-4AD2-88AD-354EC899002F
[2026-05-01 06:52:50.280] Checking path: C:\ProgramData\CopaFormGui\license.json - Exists: False
[2026-05-01 06:52:50.281] Checking path: C:\Sanjeev Project\akshay project\PLC_Project\CopaFormGui\bin\Debug\net48\license.json - Exists: False
[2026-05-01 06:52:50.281] No license files found. Fail message: License file not found.
Expected: C:\ProgramData\CopaFormGui\license.json or C:\Sanjeev Project\akshay project\PLC_Project\CopaFormGui\bin\Debug\net48\license.json

Machine ID: E7984430-9201-4AD2-88AD-354EC899002F
[2026-05-01 06:54:34.698] 
===== ValidateCurrentMachineLicense started =====
[2026-05-01 06:54:34.700] Current Machine ID: E7984430-9201-4AD2-88AD-354EC899002F
[2026-05-01 06:54:34.701] Checking path: C:\ProgramData\CopaFormGui\license.json - Exists: True
[2026-05-01 06:54:34.705] [TryValidateLicenseAtPath] Validating license at: C:\ProgramData\CopaFormGui\license.json
[2026-05-01 06:54:34.706] [TryValidateLicenseAtPath] Current machine ID: E7984430-9201-4AD2-88AD-354EC899002F
[2026-05-01 06:54:39.789] [TryValidateLicenseAtPath] Product in license: CopaFormGui
[2026-05-01 06:54:39.792] [TryValidateLicenseAtPath] Machine ID in license: E7984430-9201-4AD2-88AD-354EC899002F
[2026-05-01 06:54:39.793] [TryValidateLicenseAtPath] Expires: , Now: 2026-05-01T06:54:39.7939778Z
[2026-05-01 06:54:39.793] [TryValidateLicenseAtPath] IssuedUtc: 2026-04-02T20:52:39.2000440Z, MinIssuedUtc: 2026-04-02T19:57:00.0000000Z
[2026-05-01 06:54:39.795] [TryValidateLicenseAtPath] Calling VerifySignature...
[2026-05-01 06:54:39.804] [VerifySignature] Payload: CopaFormGui|test|E7984430-9201-4AD2-88AD-354EC899002F|2026-04-02T20:52:39.2000440Z|
[2026-05-01 06:54:39.805] [VerifySignature] Public key first 60 chars: -----BEGIN PUBLIC KEY-----
MIIBojANBgkqhkiG9w0BAQEFAAOCAY8A
[2026-05-01 06:54:39.806] [VerifySignature] Signature length: 512
[2026-05-01 06:54:39.809] [ImportPublicKeyFromPem] DER SPKI length: 422 bytes
[2026-05-01 06:54:39.811] [ImportPublicKeyFromPem] Parsed outer SEQUENCE
[2026-05-01 06:54:39.812] [ImportPublicKeyFromPem] Skipped algorithm SEQUENCE
[2026-05-01 06:54:39.812] [ImportPublicKeyFromPem] Parsed BIT STRING
[2026-05-01 06:54:39.813] [ImportPublicKeyFromPem] Parsed RSAPublicKey SEQUENCE
[2026-05-01 06:54:39.814] [ImportPublicKeyFromPem] Parsed modulus: 384 bytes
[2026-05-01 06:54:39.815] [ImportPublicKeyFromPem] Parsed exponent: 3 bytes
[2026-05-01 06:54:39.819] [ImportPublicKeyFromPem] RSA key imported successfully
[2026-05-01 06:54:39.821] [VerifySignature] Result: True
[2026-05-01 06:54:39.822] [TryValidateLicenseAtPath] SUCCESS: License validated
[2026-05-01 06:54:39.823] ✓ VALIDATION PASSED at: C:\ProgramData\CopaFormGui\license.json
[2026-05-01 08:11:49.052] 
===== ValidateCurrentMachineLicense started =====
[2026-05-01 08:11:49.058] Current Machine ID: E7984430-9201-4AD2-88AD-354EC899002F
[2026-05-01 08:11:49.059] Checking path: C:\ProgramData\CopaFormGui\license.json - Exists: True
[2026-05-01 08:11:49.061] [TryValidateLicenseAtPath] Validating license at: C:\ProgramData\CopaFormGui\license.json
[2026-05-01 08:11:49.062] [TryValidateLicenseAtPath] Current machine ID: E7984430-9201-4AD2-88AD-354EC899002F
[2026-05-01 08:11:49.342] [TryValidateLicenseAtPath] Product in license: CopaFormGui
[2026-05-01 08:11:49.343] [TryValidateLicenseAtPath] Machine ID in license: E7984430-9201-4AD2-88AD-354EC899002F
[2026-05-01 08:11:49.344] [TryValidateLicenseAtPath] Expires: , Now: 2026-05-01T08:11:49.3436308Z
[2026-05-01 08:11:49.345] [TryValidateLicenseAtPath] IssuedUtc: 2026-04-02T20:52:39.2000440Z, MinIssuedUtc: 2026-04-02T19:57:00.0000000Z
[2026-05-01 08:11:49.345] [TryValidateLicenseAtPath] Calling VerifySignature...
[2026-05-01 08:11:49.352] [VerifySignature] Payload: CopaFormGui|test|E7984430-9201-4AD2-88AD-354EC899002F|2026-04-02T20:52:39.2000440Z|
[2026-05-01 08:11:49.353] [VerifySignature] Public key first 60 chars: -----BEGIN PUBLIC KEY-----
MIIBojANBgkqhkiG9w0BAQEFAAOCAY8A
[2026-05-01 08:11:49.354] [VerifySignature] Signature length: 512
[2026-05-01 08:11:49.356] [ImportPublicKeyFromPem] DER SPKI length: 422 bytes
[2026-05-01 08:11:49.358] [ImportPublicKeyFromPem] Parsed outer SEQUENCE
[2026-05-01 08:11:49.358] [ImportPublicKeyFromPem] Skipped algorithm SEQUENCE
[2026-05-01 08:11:49.359] [ImportPublicKeyFromPem] Parsed BIT STRING
[2026-05-01 08:11:49.359] [ImportPublicKeyFromPem] Parsed RSAPublicKey SEQUENCE
[2026-05-01 08:11:49.360] [ImportPublicKeyFromPem] Parsed modulus: 384 bytes
[2026-05-01 08:11:49.361] [ImportPublicKeyFromPem] Parsed exponent: 3 bytes
[2026-05-01 08:11:49.365] [ImportPublicKeyFromPem] RSA key imported successfully
[2026-05-01 08:11:49.366] [VerifySignature] Result: True
[2026-05-01 08:11:49.367] [TryValidateLicenseAtPath] SUCCESS: License validated
[2026-05-01 08:11:49.367] ✓ VALIDATION PASSED at: C:\ProgramData\CopaFormGui\license.json
[2026-05-01 10:46:46.187] 
===== ValidateCurrentMachineLicense started =====
[2026-05-01 10:46:46.193] Current Machine ID: E7984430-9201-4AD2-88AD-354EC899002F
[2026-05-01 10:46:46.194] Checking path: C:\ProgramData\CopaFormGui\license.json - Exists: True
[2026-05-01 10:46:46.196] [TryValidateLicenseAtPath] Validating license at: C:\ProgramData\CopaFormGui\license.json
[2026-05-01 10:46:46.197] [TryValidateLicenseAtPath] Current machine ID: E7984430-9201-4AD2-88AD-354EC899002F
[2026-05-01 10:46:46.465] [TryValidateLicenseAtPath] Product in license: CopaFormGui
[2026-05-01 10:46:46.466] [TryValidateLicenseAtPath] Machine ID in license: E7984430-9201-4AD2-88AD-354EC899002F
[2026-05-01 10:46:46.468] [TryValidateLicenseAtPath] Expires: , Now: 2026-05-01T10:46:46.4679335Z
[2026-05-01 10:46:46.469] [TryValidateLicenseAtPath] IssuedUtc: 2026-04-02T20:52:39.2000440Z, MinIssuedUtc: 2026-04-02T19:57:00.0000000Z
[2026-05-01 10:46:46.469] [TryValidateLicenseAtPath] Calling VerifySignature...
[2026-05-01 10:46:46.477] [VerifySignature] Payload: CopaFormGui|test|E7984430-9201-4AD2-88AD-354EC899002F|2026-04-02T20:52:39.2000440Z|
[2026-05-01 10:46:46.478] [VerifySignature] Public key first 60 chars: -----BEGIN PUBLIC KEY-----
MIIBojANBgkqhkiG9w0BAQEFAAOCAY8A
[2026-05-01 10:46:46.478] [VerifySignature] Signature length: 512
[2026-05-01 10:46:46.480] [ImportPublicKeyFromPem] DER SPKI length: 422 bytes
[2026-05-01 10:46:46.482] [ImportPublicKeyFromPem] Parsed outer SEQUENCE
[2026-05-01 10:46:46.483] [ImportPublicKeyFromPem] Skipped algorithm SEQUENCE
[2026-05-01 10:46:46.483] [ImportPublicKeyFromPem] Parsed BIT STRING
[2026-05-01 10:46:46.484] [ImportPublicKeyFromPem] Parsed RSAPublicKey SEQUENCE
[2026-05-01 10:46:46.485] [ImportPublicKeyFromPem] Parsed modulus: 384 bytes
[2026-05-01 10:46:46.486] [ImportPublicKeyFromPem] Parsed exponent: 3 bytes
[2026-05-01 10:46:46.490] [ImportPublicKeyFromPem] RSA key imported successfully
[2026-05-01 10:46:46.491] [VerifySignature] Result: True
[2026-05-01 10:46:46.493] [TryValidateLicenseAtPath] SUCCESS: License validated
[2026-05-01 10:46:46.493] ✓ VALIDATION PASSED at: C:\ProgramData\CopaFormGui\license.json
[2026-05-01 10:48:57.896] 
===== ValidateCurrentMachineLicense started =====
[2026-05-01 10:48:57.897] Current Machine ID: E7984430-9201-4AD2-88AD-354EC899002F
[2026-05-01 10:48:57.897] Checking path: C:\ProgramData\CopaFormGui\license.json - Exists: True
[2026-05-01 10:48:57.899] [TryValidateLicenseAtPath] Validating license at: C:\ProgramData\CopaFormGui\license.json
[2026-05-01 10:48:57.899] [TryValidateLicenseAtPath] Current machine ID: E7984430-9201-4AD2-88AD-354EC899002F
[2026-05-01 10:48:58.129] [TryValidateLicenseAtPath] Product in license: CopaFormGui
[2026-05-01 10:48:58.130] [TryValidateLicenseAtPath] Machine ID in license: E7984430-9201-4AD2-88AD-354EC899002F
[2026-05-01 10:48:58.130] [TryValidateLicenseAtPath] Expires: , Now: 2026-05-01T10:48:58.1302455Z
[2026-05-01 10:48:58.131] [TryValidateLicenseAtPath] IssuedUtc: 2026-04-02T20:52:39.2000440Z, MinIssuedUtc: 2026-04-02T19:57:00.0000000Z
[2026-05-01 10:48:58.131] [TryValidateLicenseAtPath] Calling VerifySignature...
[2026-05-01 10:48:58.137] [VerifySignature] Payload: CopaFormGui|test|E7984430-9201-4AD2-88AD-354EC899002F|2026-04-02T20:52:39.2000440Z|
[2026-05-01 10:48:58.137] [VerifySignature] Public key first 60 chars: -----BEGIN PUBLIC KEY-----
MIIBojANBgkqhkiG9w0BAQEFAAOCAY8A
[2026-05-01 10:48:58.138] [VerifySignature] Signature length: 512
[2026-05-01 10:48:58.139] [ImportPublicKeyFromPem] DER SPKI length: 422 bytes
[2026-05-01 10:48:58.140] [ImportPublicKeyFromPem] Parsed outer SEQUENCE
[2026-05-01 10:48:58.141] [ImportPublicKeyFromPem] Skipped algorithm SEQUENCE
[2026-05-01 10:48:58.141] [ImportPublicKeyFromPem] Parsed BIT STRING
[2026-05-01 10:48:58.141] [ImportPublicKeyFromPem] Parsed RSAPublicKey SEQUENCE
[2026-05-01 10:48:58.142] [ImportPublicKeyFromPem] Parsed modulus: 384 bytes
[2026-05-01 10:48:58.142] [ImportPublicKeyFromPem] Parsed exponent: 3 bytes
[2026-05-01 10:48:58.145] [ImportPublicKeyFromPem] RSA key imported successfully
[2026-05-01 10:48:58.147] [VerifySignature] Result: True
[2026-05-01 10:48:58.147] [TryValidateLicenseAtPath] SUCCESS: License validated
[2026-05-01 10:48:58.148] ✓ VALIDATION PASSED at: C:\ProgramData\CopaFormGui\license.json
[2026-05-01 10:54:28.252] 
===== ValidateCurrentMachineLicense started =====
[2026-05-01 10:54:28.253] Current Machine ID: E7984430-9201-4AD2-88AD-354EC899002F
[2026-05-01 10:54:28.254] Checking path: C:\ProgramData\CopaFormGui\license.json - Exists: True
[2026-05-01 10:54:28.256] [TryValidateLicenseAtPath] Validating license at: C:\ProgramData\CopaFormGui\license.json
[2026-05-01 10:54:28.256] [TryValidateLicenseAtPath] Current machine ID: E7984430-9201-4AD2-88AD-354EC899002F
[2026-05-01 10:54:28.438] [TryValidateLicenseAtPath] Product in license: CopaFormGui
[2026-05-01 10:54:28.439] [TryValidateLicenseAtPath] Machine ID in license: E7984430-9201-4AD2-88AD-354EC899002F
[2026-05-01 10:54:28.439] [TryValidateLicenseAtPath] Expires: , Now: 2026-05-01T10:54:28.4399892Z
[2026-05-01 10:54:28.439] [TryValidateLicenseAtPath] IssuedUtc: 2026-04-02T20:52:39.2000440Z, MinIssuedUtc: 2026-04-02T19:57:00.0000000Z
[2026-05-01 10:54:28.440] [TryValidateLicenseAtPath] Calling VerifySignature...
[2026-05-01 10:54:28.445] [VerifySignature] Payload: CopaFormGui|test|E7984430-9201-4AD2-88AD-354EC899002F|2026-04-02T20:52:39.2000440Z|
[2026-05-01 10:54:28.446] [VerifySignature] Public key first 60 chars: -----BEGIN PUBLIC KEY-----
MIIBojANBgkqhkiG9w0BAQEFAAOCAY8A
[2026-05-01 10:54:28.447] [VerifySignature] Signature length: 512
[2026-05-01 10:54:28.449] [ImportPublicKeyFromPem] DER SPKI length: 422 bytes
[2026-05-01 10:54:28.449] [ImportPublicKeyFromPem] Parsed outer SEQUENCE
[2026-05-01 10:54:28.450] [ImportPublicKeyFromPem] Skipped algorithm SEQUENCE
[2026-05-01 10:54:28.450] [ImportPublicKeyFromPem] Parsed BIT STRING
[2026-05-01 10:54:28.450] [ImportPublicKeyFromPem] Parsed RSAPublicKey SEQUENCE
[2026-05-01 10:54:28.451] [ImportPublicKeyFromPem] Parsed modulus: 384 bytes
[2026-05-01 10:54:28.452] [ImportPublicKeyFromPem] Parsed exponent: 3 bytes
[2026-05-01 10:54:28.453] [ImportPublicKeyFromPem] RSA key imported successfully
[2026-05-01 10:54:28.454] [VerifySignature] Result: True
[2026-05-01 10:54:28.454] [TryValidateLicenseAtPath] SUCCESS: License validated
[2026-05-01 10:54:28.454] ✓ VALIDATION PASSED at: C:\ProgramData\CopaFormGui\license.json
[2026-05-01 10:56:59.871] 
===== ValidateCurrentMachineLicense started =====
[2026-05-01 10:56:59.872] Current Machine ID: E7984430-9201-4AD2-88AD-354EC899002F
[2026-05-01 10:56:59.873] Checking path: C:\ProgramData\CopaFormGui\license.json - Exists: True
[2026-05-01 10:56:59.875] [TryValidateLicenseAtPath] Validating license at: C:\ProgramData\CopaFormGui\license.json
[2026-05-01 10:56:59.876] [TryValidateLicenseAtPath] Current machine ID: E7984430-9201-4AD2-88AD-354EC899002F
[2026-05-01 10:57:00.098] [TryValidateLicenseAtPath] Product in license: CopaFormGui
[2026-05-01 10:57:00.099] [TryValidateLicenseAtPath] Machine ID in license: E7984430-9201-4AD2-88AD-354EC899002F
[2026-05-01 10:57:00.100] [TryValidateLicenseAtPath] Expires: , Now: 2026-05-01T10:57:00.1008898Z
[2026-05-01 10:57:00.101] [TryValidateLicenseAtPath] IssuedUtc: 2026-04-02T20:52:39.2000440Z, MinIssuedUtc: 2026-04-02T19:57:00.0000000Z
[2026-05-01 10:57:00.102] [TryValidateLicenseAtPath] Calling VerifySignature...
[2026-05-01 10:57:00.106] [VerifySignature] Payload: CopaFormGui|test|E7984430-9201-4AD2-88AD-354EC899002F|2026-04-02T20:52:39.2000440Z|
[2026-05-01 10:57:00.107] [VerifySignature] Public key first 60 chars: -----BEGIN PUBLIC KEY-----
MIIBojANBgkqhkiG9w0BAQEFAAOCAY8A
[2026-05-01 10:57:00.107] [VerifySignature] Signature length: 512
[2026-05-01 10:57:00.108] [ImportPublicKeyFromPem] DER SPKI length: 422 bytes
[2026-05-01 10:57:00.109] [ImportPublicKeyFromPem] Parsed outer SEQUENCE
[2026-05-01 10:57:00.110] [ImportPublicKeyFromPem] Skipped algorithm SEQUENCE
[2026-05-01 10:57:00.110] [ImportPublicKeyFromPem] Parsed BIT STRING
[2026-05-01 10:57:00.111] [ImportPublicKeyFromPem] Parsed RSAPublicKey SEQUENCE
[2026-05-01 10:57:00.111] [ImportPublicKeyFromPem] Parsed modulus: 384 bytes
[2026-05-01 10:57:00.112] [ImportPublicKeyFromPem] Parsed exponent: 3 bytes
[2026-05-01 10:57:00.112] [ImportPublicKeyFromPem] RSA key imported successfully
[2026-05-01 10:57:00.113] [VerifySignature] Result: True
[2026-05-01 10:57:00.113] [TryValidateLicenseAtPath] SUCCESS: License validated
[2026-05-01 10:57:00.113] ✓ VALIDATION PASSED at: C:\ProgramData\CopaFormGui\license.json
[2026-05-01 10:58:57.241] 
===== ValidateCurrentMachineLicense started =====
[2026-05-01 10:58:57.242] Current Machine ID: E7984430-9201-4AD2-88AD-354EC899002F
[2026-05-01 10:58:57.242] Checking path: C:\ProgramData\CopaFormGui\license.json - Exists: True
[2026-05-01 10:58:57.244] [TryValidateLicenseAtPath] Validating license at: C:\ProgramData\CopaFormGui\license.json
[2026-05-01 10:58:57.245] [TryValidateLicenseAtPath] Current machine ID: E7984430-9201-4AD2-88AD-354EC899002F
[2026-05-01 10:58:57.451] [TryValidateLicenseAtPath] Product in license: CopaFormGui
[2026-05-01 10:58:57.452] [TryValidateLicenseAtPath] Machine ID in license: E7984430-9201-4AD2-88AD-354EC899002F
[2026-05-01 10:58:57.453] [TryValidateLicenseAtPath] Expires: , Now: 2026-05-01T10:58:57.4531073Z
[2026-05-01 10:58:57.453] [TryValidateLicenseAtPath] IssuedUtc: 2026-04-02T20:52:39.2000440Z, MinIssuedUtc: 2026-04-02T19:57:00.0000000Z
[2026-05-01 10:58:57.454] [TryValidateLicenseAtPath] Calling VerifySignature...
[2026-05-01 10:58:57.458] [VerifySignature] Payload: CopaFormGui|test|E7984430-9201-4AD2-88AD-354EC899002F|2026-04-02T20:52:39.2000440Z|
[2026-05-01 10:58:57.458] [VerifySignature] Public key first 60 chars: -----BEGIN PUBLIC KEY-----
MIIBojANBgkqhkiG9w0BAQEFAAOCAY8A
[2026-05-01 10:58:57.459] [VerifySignature] Signature length: 512
[2026-05-01 10:58:57.460] [ImportPublicKeyFromPem] DER SPKI length: 422 bytes
[2026-05-01 10:58:57.460] [ImportPublicKeyFromPem] Parsed outer SEQUENCE
[2026-05-01 10:58:57.461] [ImportPublicKeyFromPem] Skipped algorithm SEQUENCE
[2026-05-01 10:58:57.461] [ImportPublicKeyFromPem] Parsed BIT STRING
[2026-05-01 10:58:57.462] [ImportPublicKeyFromPem] Parsed RSAPublicKey SEQUENCE
[2026-05-01 10:58:57.462] [ImportPublicKeyFromPem] Parsed modulus: 384 bytes
[2026-05-01 10:58:57.463] [ImportPublicKeyFromPem] Parsed exponent: 3 bytes
[2026-05-01 10:58:57.463] [ImportPublicKeyFromPem] RSA key imported successfully
[2026-05-01 10:58:57.464] [VerifySignature] Result: True
[2026-05-01 10:58:57.464] [TryValidateLicenseAtPath] SUCCESS: License validated
[2026-05-01 10:58:57.465] ✓ VALIDATION PASSED at: C:\ProgramData\CopaFormGui\license.json
[2026-05-01 11:01:40.303] 
===== ValidateCurrentMachineLicense started =====
[2026-05-01 11:01:40.304] Current Machine ID: E7984430-9201-4AD2-88AD-354EC899002F
[2026-05-01 11:01:40.304] Checking path: C:\ProgramData\CopaFormGui\license.json - Exists: True
[2026-05-01 11:01:40.306] [TryValidateLicenseAtPath] Validating license at: C:\ProgramData\CopaFormGui\license.json
[2026-05-01 11:01:40.307] [TryValidateLicenseAtPath] Current machine ID: E7984430-9201-4AD2-88AD-354EC899002F
[2026-05-01 11:01:40.477] [TryValidateLicenseAtPath] Product in license: CopaFormGui
[2026-05-01 11:01:40.478] [TryValidateLicenseAtPath] Machine ID in license: E7984430-9201-4AD2-88AD-354EC899002F
[2026-05-01 11:01:40.479] [TryValidateLicenseAtPath] Expires: , Now: 2026-05-01T11:01:40.4790267Z
[2026-05-01 11:01:40.479] [TryValidateLicenseAtPath] IssuedUtc: 2026-04-02T20:52:39.2000440Z, MinIssuedUtc: 2026-04-02T19:57:00.0000000Z
[2026-05-01 11:01:40.480] [TryValidateLicenseAtPath] Calling VerifySignature...
[2026-05-01 11:01:40.484] [VerifySignature] Payload: CopaFormGui|test|E7984430-9201-4AD2-88AD-354EC899002F|2026-04-02T20:52:39.2000440Z|
[2026-05-01 11:01:40.485] [VerifySignature] Public key first 60 chars: -----BEGIN PUBLIC KEY-----
MIIBojANBgkqhkiG9w0BAQEFAAOCAY8A
[2026-05-01 11:01:40.485] [VerifySignature] Signature length: 512
[2026-05-01 11:01:40.486] [ImportPublicKeyFromPem] DER SPKI length: 422 bytes
[2026-05-01 11:01:40.487] [ImportPublicKeyFromPem] Parsed outer SEQUENCE
[2026-05-01 11:01:40.487] [ImportPublicKeyFromPem] Skipped algorithm SEQUENCE
[2026-05-01 11:01:40.488] [ImportPublicKeyFromPem] Parsed BIT STRING
[2026-05-01 11:01:40.488] [ImportPublicKeyFromPem] Parsed RSAPublicKey SEQUENCE
[2026-05-01 11:01:40.489] [ImportPublicKeyFromPem] Parsed modulus: 384 bytes
[2026-05-01 11:01:40.490] [ImportPublicKeyFromPem] Parsed exponent: 3 bytes
[2026-05-01 11:01:40.490] [ImportPublicKeyFromPem] RSA key imported successfully
[2026-05-01 11:01:40.491] [VerifySignature] Result: True
[2026-05-01 11:01:40.491] [TryValidateLicenseAtPath] SUCCESS: License validated
[2026-05-01 11:01:40.492] ✓ VALIDATION PASSED at: C:\ProgramData\CopaFormGui\license.json
[2026-05-01 11:03:56.955] 
===== ValidateCurrentMachineLicense started =====
[2026-05-01 11:03:56.956] Current Machine ID: E7984430-9201-4AD2-88AD-354EC899002F
[2026-05-01 11:03:56.958] Checking path: C:\ProgramData\CopaFormGui\license.json - Exists: True
[2026-05-01 11:03:56.959] [TryValidateLicenseAtPath] Validating license at: C:\ProgramData\CopaFormGui\license.json
[2026-05-01 11:03:56.960] [TryValidateLicenseAtPath] Current machine ID: E7984430-9201-4AD2-88AD-354EC899002F
[2026-05-01 11:03:57.127] [TryValidateLicenseAtPath] Product in license: CopaFormGui
[2026-05-01 11:03:57.127] [TryValidateLicenseAtPath] Machine ID in license: E7984430-9201-4AD2-88AD-354EC899002F
[2026-05-01 11:03:57.128] [TryValidateLicenseAtPath] Expires: , Now: 2026-05-01T11:03:57.1282952Z
[2026-05-01 11:03:57.128] [TryValidateLicenseAtPath] IssuedUtc: 2026-04-02T20:52:39.2000440Z, MinIssuedUtc: 2026-04-02T19:57:00.0000000Z
[2026-05-01 11:03:57.129] [TryValidateLicenseAtPath] Calling VerifySignature...
[2026-05-01 11:03:57.133] [VerifySignature] Payload: CopaFormGui|test|E7984430-9201-4AD2-88AD-354EC899002F|2026-04-02T20:52:39.2000440Z|
[2026-05-01 11:03:57.133] [VerifySignature] Public key first 60 chars: -----BEGIN PUBLIC KEY-----
MIIBojANBgkqhkiG9w0BAQEFAAOCAY8A
[2026-05-01 11:03:57.134] [VerifySignature] Signature length: 512
[2026-05-01 11:03:57.135] [ImportPublicKeyFromPem] DER SPKI length: 422 bytes
[2026-05-01 11:03:57.136] [ImportPublicKeyFromPem] Parsed outer SEQUENCE
[2026-05-01 11:03:57.136] [ImportPublicKeyFromPem] Skipped algorithm SEQUENCE
[2026-05-01 11:03:57.136] [ImportPublicKeyFromPem] Parsed BIT STRING
[2026-05-01 11:03:57.137] [ImportPublicKeyFromPem] Parsed RSAPublicKey SEQUENCE
[2026-05-01 11:03:57.137] [ImportPublicKeyFromPem] Parsed modulus: 384 bytes
[2026-05-01 11:03:57.138] [ImportPublicKeyFromPem] Parsed exponent: 3 bytes
[2026-05-01 11:03:57.138] [ImportPublicKeyFromPem] RSA key imported successfully
[2026-05-01 11:03:57.139] [VerifySignature] Result: True
[2026-05-01 11:03:57.139] [TryValidateLicenseAtPath] SUCCESS: License validated
[2026-05-01 11:03:57.140] ✓ VALIDATION PASSED at: C:\ProgramData\CopaFormGui\license.json
[2026-05-01 11:07:45.323] 
===== ValidateCurrentMachineLicense started =====
[2026-05-01 11:07:45.324] Current Machine ID: E7984430-9201-4AD2-88AD-354EC899002F
[2026-05-01 11:07:45.324] Checking path: C:\ProgramData\CopaFormGui\license.json - Exists: True
[2026-05-01 11:07:45.326] [TryValidateLicenseAtPath] Validating license at: C:\ProgramData\CopaFormGui\license.json
[2026-05-01 11:07:45.326] [TryValidateLicenseAtPath] Current machine ID: E7984430-9201-4AD2-88AD-354EC899002F
[2026-05-01 11:07:45.573] [TryValidateLicenseAtPath] Product in license: CopaFormGui
[2026-05-01 11:07:45.574] [TryValidateLicenseAtPath] Machine ID in license: E7984430-9201-4AD2-88AD-354EC899002F
[2026-05-01 11:07:45.576] [TryValidateLicenseAtPath] Expires: , Now: 2026-05-01T11:07:45.5769364Z
[2026-05-01 11:07:45.578] [TryValidateLicenseAtPath] IssuedUtc: 2026-04-02T20:52:39.2000440Z, MinIssuedUtc: 2026-04-02T19:57:00.0000000Z
[2026-05-01 11:07:45.579] [TryValidateLicenseAtPath] Calling VerifySignature...
[2026-05-01 11:07:45.586] [VerifySignature] Payload: CopaFormGui|test|E7984430-9201-4AD2-88AD-354EC899002F|2026-04-02T20:52:39.2000440Z|
[2026-05-01 11:07:45.587] [VerifySignature] Public key first 60 chars: -----BEGIN PUBLIC KEY-----
MIIBojANBgkqhkiG9w0BAQEFAAOCAY8A
[2026-05-01 11:07:45.588] [VerifySignature] Signature length: 512
[2026-05-01 11:07:45.589] [ImportPublicKeyFromPem] DER SPKI length: 422 bytes
[2026-05-01 11:07:45.590] [ImportPublicKeyFromPem] Parsed outer SEQUENCE
[2026-05-01 11:07:45.591] [ImportPublicKeyFromPem] Skipped algorithm SEQUENCE
[2026-05-01 11:07:45.594] [ImportPublicKeyFromPem] Parsed BIT STRING
[2026-05-01 11:07:45.595] [ImportPublicKeyFromPem] Parsed RSAPublicKey SEQUENCE
[2026-05-01 11:07:45.596] [ImportPublicKeyFromPem] Parsed modulus: 384 bytes
[2026-05-01 11:07:45.596] [ImportPublicKeyFromPem] Parsed exponent: 3 bytes
[2026-05-01 11:07:45.597] [ImportPublicKeyFromPem] RSA key imported successfully
[2026-05-01 11:07:45.598] [VerifySignature] Result: True
[2026-05-01 11:07:45.598] [TryValidateLicenseAtPath] SUCCESS: License validated
[2026-05-01 11:07:45.599] ✓ VALIDATION PASSED at: C:\ProgramData\CopaFormGui\license.json
[2026-05-01 11:08:47.007] 
===== ValidateCurrentMachineLicense started =====
[2026-05-01 11:08:47.009] Current Machine ID: E7984430-9201-4AD2-88AD-354EC899002F
[2026-05-01 11:08:47.010] Checking path: C:\ProgramData\CopaFormGui\license.json - Exists: True
[2026-05-01 11:08:47.013] [TryValidateLicenseAtPath] Validating license at: C:\ProgramData\CopaFormGui\license.json
[2026-05-01 11:08:47.014] [TryValidateLicenseAtPath] Current machine ID: E7984430-9201-4AD2-88AD-354EC899002F
[2026-05-01 11:08:47.184] [TryValidateLicenseAtPath] Product in license: CopaFormGui
[2026-05-01 11:08:47.184] [TryValidateLicenseAtPath] Machine ID in license: E7984430-9201-4AD2-88AD-354EC899002F
[2026-05-01 11:08:47.185] [TryValidateLicenseAtPath] Expires: , Now: 2026-05-01T11:08:47.1854817Z
[2026-05-01 11:08:47.186] [TryValidateLicenseAtPath] IssuedUtc: 2026-04-02T20:52:39.2000440Z, MinIssuedUtc: 2026-04-02T19:57:00.0000000Z
[2026-05-01 11:08:47.186] [TryValidateLicenseAtPath] Calling VerifySignature...
[2026-05-01 11:08:47.190] [VerifySignature] Payload: CopaFormGui|test|E7984430-9201-4AD2-88AD-354EC899002F|2026-04-02T20:52:39.2000440Z|
[2026-05-01 11:08:47.191] [VerifySignature] Public key first 60 chars: -----BEGIN PUBLIC KEY-----
MIIBojANBgkqhkiG9w0BAQEFAAOCAY8A
[2026-05-01 11:08:47.191] [VerifySignature] Signature length: 512
[2026-05-01 11:08:47.192] [ImportPublicKeyFromPem] DER SPKI length: 422 bytes
[2026-05-01 11:08:47.193] [ImportPublicKeyFromPem] Parsed outer SEQUENCE
[2026-05-01 11:08:47.193] [ImportPublicKeyFromPem] Skipped algorithm SEQUENCE
[2026-05-01 11:08:47.194] [ImportPublicKeyFromPem] Parsed BIT STRING
[2026-05-01 11:08:47.194] [ImportPublicKeyFromPem] Parsed RSAPublicKey SEQUENCE
[2026-05-01 11:08:47.195] [ImportPublicKeyFromPem] Parsed modulus: 384 bytes
[2026-05-01 11:08:47.195] [ImportPublicKeyFromPem] Parsed exponent: 3 bytes
[2026-05-01 11:08:47.196] [ImportPublicKeyFromPem] RSA key imported successfully
[2026-05-01 11:08:47.196] [VerifySignature] Result: True
[2026-05-01 11:08:47.196] [TryValidateLicenseAtPath] SUCCESS: License validated
[2026-05-01 11:08:47.197] ✓ VALIDATION PASSED at: C:\ProgramData\CopaFormGui\license.json
[2026-05-01 11:13:30.027] 
===== ValidateCurrentMachineLicense started =====
[2026-05-01 11:13:30.028] Current Machine ID: E7984430-9201-4AD2-88AD-354EC899002F
[2026-05-01 11:13:30.029] Checking path: C:\ProgramData\CopaFormGui\license.json - Exists: True
[2026-05-01 11:13:30.031] [TryValidateLicenseAtPath] Validating license at: C:\ProgramData\CopaFormGui\license.json
[2026-05-01 11:13:30.031] [TryValidateLicenseAtPath] Current machine ID: E7984430-9201-4AD2-88AD-354EC899002F
[2026-05-01 11:13:30.217] [TryValidateLicenseAtPath] Product in license: CopaFormGui
[2026-05-01 11:13:30.218] [TryValidateLicenseAtPath] Machine ID in license: E7984430-9201-4AD2-88AD-354EC899002F
[2026-05-01 11:13:30.218] [TryValidateLicenseAtPath] Expires: , Now: 2026-05-01T11:13:30.2188774Z
[2026-05-01 11:13:30.219] [TryValidateLicenseAtPath] IssuedUtc: 2026-04-02T20:52:39.2000440Z, MinIssuedUtc: 2026-04-02T19:57:00.0000000Z
[2026-05-01 11:13:30.219] [TryValidateLicenseAtPath] Calling VerifySignature...
[2026-05-01 11:13:30.224] [VerifySignature] Payload: CopaFormGui|test|E7984430-9201-4AD2-88AD-354EC899002F|2026-04-02T20:52:39.2000440Z|
[2026-05-01 11:13:30.225] [VerifySignature] Public key first 60 chars: -----BEGIN PUBLIC KEY-----
MIIBojANBgkqhkiG9w0BAQEFAAOCAY8A
[2026-05-01 11:13:30.226] [VerifySignature] Signature length: 512
[2026-05-01 11:13:30.227] [ImportPublicKeyFromPem] DER SPKI length: 422 bytes
[2026-05-01 11:13:30.228] [ImportPublicKeyFromPem] Parsed outer SEQUENCE
[2026-05-01 11:13:30.228] [ImportPublicKeyFromPem] Skipped algorithm SEQUENCE
[2026-05-01 11:13:30.229] [ImportPublicKeyFromPem] Parsed BIT STRING
[2026-05-01 11:13:30.229] [ImportPublicKeyFromPem] Parsed RSAPublicKey SEQUENCE
[2026-05-01 11:13:30.230] [ImportPublicKeyFromPem] Parsed modulus: 384 bytes
[2026-05-01 11:13:30.230] [ImportPublicKeyFromPem] Parsed exponent: 3 bytes
[2026-05-01 11:13:30.231] [ImportPublicKeyFromPem] RSA key imported successfully
[2026-05-01 11:13:30.232] [VerifySignature] Result: True
[2026-05-01 11:13:30.232] [TryValidateLicenseAtPath] SUCCESS: License validated
[2026-05-01 11:13:30.232] ✓ VALIDATION PASSED at: C:\ProgramData\CopaFormGui\license.json
[2026-05-01 11:23:18.566] 
===== ValidateCurrentMachineLicense started =====
[2026-05-01 11:23:18.567] Current Machine ID: E7984430-9201-4AD2-88AD-354EC899002F
[2026-05-01 11:23:18.568] Checking path: C:\ProgramData\CopaFormGui\license.json - Exists: True
[2026-05-01 11:23:18.569] [TryValidateLicenseAtPath] Validating license at: C:\ProgramData\CopaFormGui\license.json
[2026-05-01 11:23:18.570] [TryValidateLicenseAtPath] Current machine ID: E7984430-9201-4AD2-88AD-354EC899002F
[2026-05-01 11:23:18.744] [TryValidateLicenseAtPath] Product in license: CopaFormGui
[2026-05-01 11:23:18.746] [TryValidateLicenseAtPath] Machine ID in license: E7984430-9201-4AD2-88AD-354EC899002F
[2026-05-01 11:23:18.746] [TryValidateLicenseAtPath] Expires: , Now: 2026-05-01T11:23:18.7464869Z
[2026-05-01 11:23:18.747] [TryValidateLicenseAtPath] IssuedUtc: 2026-04-02T20:52:39.2000440Z, MinIssuedUtc: 2026-04-02T19:57:00.0000000Z
[2026-05-01 11:23:18.747] [TryValidateLicenseAtPath] Calling VerifySignature...
[2026-05-01 11:23:18.751] [VerifySignature] Payload: CopaFormGui|test|E7984430-9201-4AD2-88AD-354EC899002F|2026-04-02T20:52:39.2000440Z|
[2026-05-01 11:23:18.752] [VerifySignature] Public key first 60 chars: -----BEGIN PUBLIC KEY-----
MIIBojANBgkqhkiG9w0BAQEFAAOCAY8A
[2026-05-01 11:23:18.752] [VerifySignature] Signature length: 512
[2026-05-01 11:23:18.753] [ImportPublicKeyFromPem] DER SPKI length: 422 bytes
[2026-05-01 11:23:18.753] [ImportPublicKeyFromPem] Parsed outer SEQUENCE
[2026-05-01 11:23:18.754] [ImportPublicKeyFromPem] Skipped algorithm SEQUENCE
[2026-05-01 11:23:18.754] [ImportPublicKeyFromPem] Parsed BIT STRING
[2026-05-01 11:23:18.754] [ImportPublicKeyFromPem] Parsed RSAPublicKey SEQUENCE
[2026-05-01 11:23:18.755] [ImportPublicKeyFromPem] Parsed modulus: 384 bytes
[2026-05-01 11:23:18.755] [ImportPublicKeyFromPem] Parsed exponent: 3 bytes
[2026-05-01 11:23:18.756] [ImportPublicKeyFromPem] RSA key imported successfully
[2026-05-01 11:23:18.757] [VerifySignature] Result: True
[2026-05-01 11:23:18.757] [TryValidateLicenseAtPath] SUCCESS: License validated
[2026-05-01 11:23:18.757] ✓ VALIDATION PASSED at: C:\ProgramData\CopaFormGui\license.json
[2026-05-01 11:24:53.453] 
===== ValidateCurrentMachineLicense started =====
[2026-05-01 11:24:53.454] Current Machine ID: E7984430-9201-4AD2-88AD-354EC899002F
[2026-05-01 11:24:53.455] Checking path: C:\ProgramData\CopaFormGui\license.json - Exists: True
[2026-05-01 11:24:53.457] [TryValidateLicenseAtPath] Validating license at: C:\ProgramData\CopaFormGui\license.json
[2026-05-01 11:24:53.457] [TryValidateLicenseAtPath] Current machine ID: E7984430-9201-4AD2-88AD-354EC899002F
[2026-05-01 11:24:53.627] [TryValidateLicenseAtPath] Product in license: CopaFormGui
[2026-05-01 11:24:53.628] [TryValidateLicenseAtPath] Machine ID in license: E7984430-9201-4AD2-88AD-354EC899002F
[2026-05-01 11:24:53.629] [TryValidateLicenseAtPath] Expires: , Now: 2026-05-01T11:24:53.6292126Z
[2026-05-01 11:24:53.629] [TryValidateLicenseAtPath] IssuedUtc: 2026-04-02T20:52:39.2000440Z, MinIssuedUtc: 2026-04-02T19:57:00.0000000Z
[2026-05-01 11:24:53.629] [TryValidateLicenseAtPath] Calling VerifySignature...
[2026-05-01 11:24:53.634] [VerifySignature] Payload: CopaFormGui|test|E7984430-9201-4AD2-88AD-354EC899002F|2026-04-02T20:52:39.2000440Z|
[2026-05-01 11:24:53.634] [VerifySignature] Public key first 60 chars: -----BEGIN PUBLIC KEY-----
MIIBojANBgkqhkiG9w0BAQEFAAOCAY8A
[2026-05-01 11:24:53.635] [VerifySignature] Signature length: 512
[2026-05-01 11:24:53.636] [ImportPublicKeyFromPem] DER SPKI length: 422 bytes
[2026-05-01 11:24:53.636] [ImportPublicKeyFromPem] Parsed outer SEQUENCE
[2026-05-01 11:24:53.637] [ImportPublicKeyFromPem] Skipped algorithm SEQUENCE
[2026-05-01 11:24:53.637] [ImportPublicKeyFromPem] Parsed BIT STRING
[2026-05-01 11:24:53.637] [ImportPublicKeyFromPem] Parsed RSAPublicKey SEQUENCE
[2026-05-01 11:24:53.638] [ImportPublicKeyFromPem] Parsed modulus: 384 bytes
[2026-05-01 11:24:53.638] [ImportPublicKeyFromPem] Parsed exponent: 3 bytes
[2026-05-01 11:24:53.639] [ImportPublicKeyFromPem] RSA key imported successfully
[2026-05-01 11:24:53.639] [VerifySignature] Result: True
[2026-05-01 11:24:53.640] [TryValidateLicenseAtPath] SUCCESS: License validated
[2026-05-01 11:24:53.640] ✓ VALIDATION PASSED at: C:\ProgramData\CopaFormGui\license.json
[2026-05-01 12:34:08.265] 
===== ValidateCurrentMachineLicense started =====
[2026-05-01 12:34:08.267] Current Machine ID: E7984430-9201-4AD2-88AD-354EC899002F
[2026-05-01 12:34:08.267] Checking path: C:\ProgramData\CopaFormGui\license.json - Exists: True
[2026-05-01 12:34:08.270] [TryValidateLicenseAtPath] Validating license at: C:\ProgramData\CopaFormGui\license.json
[2026-05-01 12:34:08.271] [TryValidateLicenseAtPath] Current machine ID: E7984430-9201-4AD2-88AD-354EC899002F
[2026-05-01 12:34:08.504] [TryValidateLicenseAtPath] Product in license: CopaFormGui
[2026-05-01 12:34:08.505] [TryValidateLicenseAtPath] Machine ID in license: E7984430-9201-4AD2-88AD-354EC899002F
[2026-05-01 12:34:08.505] [TryValidateLicenseAtPath] Expires: , Now: 2026-05-01T12:34:08.5056632Z
[2026-05-01 12:34:08.506] [TryValidateLicenseAtPath] IssuedUtc: 2026-04-02T20:52:39.2000440Z, MinIssuedUtc: 2026-04-02T19:57:00.0000000Z
[2026-05-01 12:34:08.513] [TryValidateLicenseAtPath] Calling VerifySignature...
[2026-05-01 12:34:08.519] [VerifySignature] Payload: CopaFormGui|test|E7984430-9201-4AD2-88AD-354EC899002F|2026-04-02T20:52:39.2000440Z|
[2026-05-01 12:34:08.520] [VerifySignature] Public key first 60 chars: -----BEGIN PUBLIC KEY-----
MIIBojANBgkqhkiG9w0BAQEFAAOCAY8A
[2026-05-01 12:34:08.521] [VerifySignature] Signature length: 512
[2026-05-01 12:34:08.522] [ImportPublicKeyFromPem] DER SPKI length: 422 bytes
[2026-05-01 12:34:08.523] [ImportPublicKeyFromPem] Parsed outer SEQUENCE
[2026-05-01 12:34:08.524] [ImportPublicKeyFromPem] Skipped algorithm SEQUENCE
[2026-05-01 12:34:08.524] [ImportPublicKeyFromPem] Parsed BIT STRING
[2026-05-01 12:34:08.525] [ImportPublicKeyFromPem] Parsed RSAPublicKey SEQUENCE
[2026-05-01 12:34:08.525] [ImportPublicKeyFromPem] Parsed modulus: 384 bytes
[2026-05-01 12:34:08.526] [ImportPublicKeyFromPem] Parsed exponent: 3 bytes
[2026-05-01 12:34:08.527] [ImportPublicKeyFromPem] RSA key imported successfully
[2026-05-01 12:34:08.527] [VerifySignature] Result: True
[2026-05-01 12:34:08.527] [TryValidateLicenseAtPath] SUCCESS: License validated
[2026-05-01 12:34:08.528] ✓ VALIDATION PASSED at: C:\ProgramData\CopaFormGui\license.json
[2026-05-01 12:38:20.579] 
===== ValidateCurrentMachineLicense started =====
[2026-05-01 12:38:20.580] Current Machine ID: E7984430-9201-4AD2-88AD-354EC899002F
[2026-05-01 12:38:20.581] Checking path: C:\ProgramData\CopaFormGui\license.json - Exists: True
[2026-05-01 12:38:20.582] [TryValidateLicenseAtPath] Validating license at: C:\ProgramData\CopaFormGui\license.json
[2026-05-01 12:38:20.583] [TryValidateLicenseAtPath] Current machine ID: E7984430-9201-4AD2-88AD-354EC899002F
[2026-05-01 12:38:20.832] [TryValidateLicenseAtPath] Product in license: CopaFormGui
[2026-05-01 12:38:20.834] [TryValidateLicenseAtPath] Machine ID in license: E7984430-9201-4AD2-88AD-354EC899002F
[2026-05-01 12:38:20.835] [TryValidateLicenseAtPath] Expires: , Now: 2026-05-01T12:38:20.8351152Z
[2026-05-01 12:38:20.836] [TryValidateLicenseAtPath] IssuedUtc: 2026-04-02T20:52:39.2000440Z, MinIssuedUtc: 2026-04-02T19:57:00.0000000Z
[2026-05-01 12:38:20.836] [TryValidateLicenseAtPath] Calling VerifySignature...
[2026-05-01 12:38:20.843] [VerifySignature] Payload: CopaFormGui|test|E7984430-9201-4AD2-88AD-354EC899002F|2026-04-02T20:52:39.2000440Z|
[2026-05-01 12:38:20.844] [VerifySignature] Public key first 60 chars: -----BEGIN PUBLIC KEY-----
MIIBojANBgkqhkiG9w0BAQEFAAOCAY8A
[2026-05-01 12:38:20.844] [VerifySignature] Signature length: 512
[2026-05-01 12:38:20.846] [ImportPublicKeyFromPem] DER SPKI length: 422 bytes
[2026-05-01 12:38:20.846] [ImportPublicKeyFromPem] Parsed outer SEQUENCE
[2026-05-01 12:38:20.847] [ImportPublicKeyFromPem] Skipped algorithm SEQUENCE
[2026-05-01 12:38:20.848] [ImportPublicKeyFromPem] Parsed BIT STRING
[2026-05-01 12:38:20.848] [ImportPublicKeyFromPem] Parsed RSAPublicKey SEQUENCE
[2026-05-01 12:38:20.849] [ImportPublicKeyFromPem] Parsed modulus: 384 bytes
[2026-05-01 12:38:20.849] [ImportPublicKeyFromPem] Parsed exponent: 3 bytes
[2026-05-01 12:38:20.850] [ImportPublicKeyFromPem] RSA key imported successfully
[2026-05-01 12:38:20.851] [VerifySignature] Result: True
[2026-05-01 12:38:20.852] [TryValidateLicenseAtPath] SUCCESS: License validated
[2026-05-01 12:38:20.853] ✓ VALIDATION PASSED at: C:\ProgramData\CopaFormGui\license.json
[2026-05-01 12:48:43.078] 
===== ValidateCurrentMachineLicense started =====
[2026-05-01 12:48:43.080] Current Machine ID: E7984430-9201-4AD2-88AD-354EC899002F
[2026-05-01 12:48:43.080] Checking path: C:\ProgramData\CopaFormGui\license.json - Exists: True
[2026-05-01 12:48:43.082] [TryValidateLicenseAtPath] Validating license at: C:\ProgramData\CopaFormGui\license.json
[2026-05-01 12:48:43.083] [TryValidateLicenseAtPath] Current machine ID: E7984430-9201-4AD2-88AD-354EC899002F
[2026-05-01 12:48:43.332] [TryValidateLicenseAtPath] Product in license: CopaFormGui
[2026-05-01 12:48:43.333] [TryValidateLicenseAtPath] Machine ID in license: E7984430-9201-4AD2-88AD-354EC899002F
[2026-05-01 12:48:43.334] [TryValidateLicenseAtPath] Expires: , Now: 2026-05-01T12:48:43.3340098Z
[2026-05-01 12:48:43.334] [TryValidateLicenseAtPath] IssuedUtc: 2026-04-02T20:52:39.2000440Z, MinIssuedUtc: 2026-04-02T19:57:00.0000000Z
[2026-05-01 12:48:43.335] [TryValidateLicenseAtPath] Calling VerifySignature...
[2026-05-01 12:48:43.343] [VerifySignature] Payload: CopaFormGui|test|E7984430-9201-4AD2-88AD-354EC899002F|2026-04-02T20:52:39.2000440Z|
[2026-05-01 12:48:43.343] [VerifySignature] Public key first 60 chars: -----BEGIN PUBLIC KEY-----
MIIBojANBgkqhkiG9w0BAQEFAAOCAY8A
[2026-05-01 12:48:43.344] [VerifySignature] Signature length: 512
[2026-05-01 12:48:43.346] [ImportPublicKeyFromPem] DER SPKI length: 422 bytes
[2026-05-01 12:48:43.346] [ImportPublicKeyFromPem] Parsed outer SEQUENCE
[2026-05-01 12:48:43.347] [ImportPublicKeyFromPem] Skipped algorithm SEQUENCE
[2026-05-01 12:48:43.348] [ImportPublicKeyFromPem] Parsed BIT STRING
[2026-05-01 12:48:43.348] [ImportPublicKeyFromPem] Parsed RSAPublicKey SEQUENCE
[2026-05-01 12:48:43.349] [ImportPublicKeyFromPem] Parsed modulus: 384 bytes
[2026-05-01 12:48:43.350] [ImportPublicKeyFromPem] Parsed exponent: 3 bytes
[2026-05-01 12:48:43.350] [ImportPublicKeyFromPem] RSA key imported successfully
[2026-05-01 12:48:43.351] [VerifySignature] Result: True
[2026-05-01 12:48:43.351] [TryValidateLicenseAtPath] SUCCESS: License validated
[2026-05-01 12:48:43.351] ✓ VALIDATION PASSED at: C:\ProgramData\CopaFormGui\license.json
[2026-05-01 13:01:14.212] 
===== ValidateCurrentMachineLicense started =====
[2026-05-01 13:01:14.213] Current Machine ID: E7984430-9201-4AD2-88AD-354EC899002F
[2026-05-01 13:01:14.214] Checking path: C:\ProgramData\CopaFormGui\license.json - Exists: True
[2026-05-01 13:01:14.216] [TryValidateLicenseAtPath] Validating license at: C:\ProgramData\CopaFormGui\license.json
[2026-05-01 13:01:14.217] [TryValidateLicenseAtPath] Current machine ID: E7984430-9201-4AD2-88AD-354EC899002F
[2026-05-01 13:01:14.444] [TryValidateLicenseAtPath] Product in license: CopaFormGui
[2026-05-01 13:01:14.445] [TryValidateLicenseAtPath] Machine ID in license: E7984430-9201-4AD2-88AD-354EC899002F
[2026-05-01 13:01:14.446] [TryValidateLicenseAtPath] Expires: , Now: 2026-05-01T13:01:14.4463689Z
[2026-05-01 13:01:14.446] [TryValidateLicenseAtPath] IssuedUtc: 2026-04-02T20:52:39.2000440Z, MinIssuedUtc: 2026-04-02T19:57:00.0000000Z
[2026-05-01 13:01:14.447] [TryValidateLicenseAtPath] Calling VerifySignature...
[2026-05-01 13:01:14.452] [VerifySignature] Payload: CopaFormGui|test|E7984430-9201-4AD2-88AD-354EC899002F|2026-04-02T20:52:39.2000440Z|
[2026-05-01 13:01:14.453] [VerifySignature] Public key first 60 chars: -----BEGIN PUBLIC KEY-----
MIIBojANBgkqhkiG9w0BAQEFAAOCAY8A
[2026-05-01 13:01:14.454] [VerifySignature] Signature length: 512
[2026-05-01 13:01:14.455] [ImportPublicKeyFromPem] DER SPKI length: 422 bytes
[2026-05-01 13:01:14.455] [ImportPublicKeyFromPem] Parsed outer SEQUENCE
[2026-05-01 13:01:14.456] [ImportPublicKeyFromPem] Skipped algorithm SEQUENCE
[2026-05-01 13:01:14.457] [ImportPublicKeyFromPem] Parsed BIT STRING
[2026-05-01 13:01:14.457] [ImportPublicKeyFromPem] Parsed RSAPublicKey SEQUENCE
[2026-05-01 13:01:14.458] [ImportPublicKeyFromPem] Parsed modulus: 384 bytes
[2026-05-01 13:01:14.459] [ImportPublicKeyFromPem] Parsed exponent: 3 bytes
[2026-05-01 13:01:14.460] [ImportPublicKeyFromPem] RSA key imported successfully
[2026-05-01 13:01:14.460] [VerifySignature] Result: True
[2026-05-01 13:01:14.461] [TryValidateLicenseAtPath] SUCCESS: License validated
[2026-05-01 13:01:14.461] ✓ VALIDATION PASSED at: C:\ProgramData\CopaFormGui\license.json
[2026-05-01 13:03:16.581] 
===== ValidateCurrentMachineLicense started =====
[2026-05-01 13:03:16.583] Current Machine ID: E7984430-9201-4AD2-88AD-354EC899002F
[2026-05-01 13:03:16.583] Checking path: C:\ProgramData\CopaFormGui\license.json - Exists: True
[2026-05-01 13:03:16.586] [TryValidateLicenseAtPath] Validating license at: C:\ProgramData\CopaFormGui\license.json
[2026-05-01 13:03:16.587] [TryValidateLicenseAtPath] Current machine ID: E7984430-9201-4AD2-88AD-354EC899002F
[2026-05-01 13:03:16.861] [TryValidateLicenseAtPath] Product in license: CopaFormGui
[2026-05-01 13:03:16.862] [TryValidateLicenseAtPath] Machine ID in license: E7984430-9201-4AD2-88AD-354EC899002F
[2026-05-01 13:03:16.863] [TryValidateLicenseAtPath] Expires: , Now: 2026-05-01T13:03:16.8630582Z
[2026-05-01 13:03:16.863] [TryValidateLicenseAtPath] IssuedUtc: 2026-04-02T20:52:39.2000440Z, MinIssuedUtc: 2026-04-02T19:57:00.0000000Z
[2026-05-01 13:03:16.864] [TryValidateLicenseAtPath] Calling VerifySignature...
[2026-05-01 13:03:16.867] [VerifySignature] Payload: CopaFormGui|test|E7984430-9201-4AD2-88AD-354EC899002F|2026-04-02T20:52:39.2000440Z|
[2026-05-01 13:03:16.868] [VerifySignature] Public key first 60 chars: -----BEGIN PUBLIC KEY-----
MIIBojANBgkqhkiG9w0BAQEFAAOCAY8A
[2026-05-01 13:03:16.868] [VerifySignature] Signature length: 512
[2026-05-01 13:03:16.869] [ImportPublicKeyFromPem] DER SPKI length: 422 bytes
[2026-05-01 13:03:16.870] [ImportPublicKeyFromPem] Parsed outer SEQUENCE
[2026-05-01 13:03:16.870] [ImportPublicKeyFromPem] Skipped algorithm SEQUENCE
[2026-05-01 13:03:16.872] [ImportPublicKeyFromPem] Parsed BIT STRING
[2026-05-01 13:03:16.872] [ImportPublicKeyFromPem] Parsed RSAPublicKey SEQUENCE
[2026-05-01 13:03:16.873] [ImportPublicKeyFromPem] Parsed modulus: 384 bytes
[2026-05-01 13:03:16.874] [ImportPublicKeyFromPem] Parsed exponent: 3 bytes
[2026-05-01 13:03:16.875] [ImportPublicKeyFromPem] RSA key imported successfully
[2026-05-01 13:03:16.876] [VerifySignature] Result: True
[2026-05-01 13:03:16.876] [TryValidateLicenseAtPath] SUCCESS: License validated
[2026-05-01 13:03:16.877] ✓ VALIDATION PASSED at: C:\ProgramData\CopaFormGui\license.json
[2026-05-01 13:05:19.687] 
===== ValidateCurrentMachineLicense started =====
[2026-05-01 13:05:19.690] Current Machine ID: E7984430-9201-4AD2-88AD-354EC899002F
[2026-05-01 13:05:19.690] Checking path: C:\ProgramData\CopaFormGui\license.json - Exists: True
[2026-05-01 13:05:19.692] [TryValidateLicenseAtPath] Validating license at: C:\ProgramData\CopaFormGui\license.json
[2026-05-01 13:05:19.692] [TryValidateLicenseAtPath] Current machine ID: E7984430-9201-4AD2-88AD-354EC899002F
[2026-05-01 13:05:19.892] [TryValidateLicenseAtPath] Product in license: CopaFormGui
[2026-05-01 13:05:19.892] [TryValidateLicenseAtPath] Machine ID in license: E7984430-9201-4AD2-88AD-354EC899002F
[2026-05-01 13:05:19.893] [TryValidateLicenseAtPath] Expires: , Now: 2026-05-01T13:05:19.8939096Z
[2026-05-01 13:05:19.893] [TryValidateLicenseAtPath] IssuedUtc: 2026-04-02T20:52:39.2000440Z, MinIssuedUtc: 2026-04-02T19:57:00.0000000Z
[2026-05-01 13:05:19.894] [TryValidateLicenseAtPath] Calling VerifySignature...
[2026-05-01 13:05:19.898] [VerifySignature] Payload: CopaFormGui|test|E7984430-9201-4AD2-88AD-354EC899002F|2026-04-02T20:52:39.2000440Z|
[2026-05-01 13:05:19.898] [VerifySignature] Public key first 60 chars: -----BEGIN PUBLIC KEY-----
MIIBojANBgkqhkiG9w0BAQEFAAOCAY8A
[2026-05-01 13:05:19.898] [VerifySignature] Signature length: 512
[2026-05-01 13:05:19.899] [ImportPublicKeyFromPem] DER SPKI length: 422 bytes
[2026-05-01 13:05:19.900] [ImportPublicKeyFromPem] Parsed outer SEQUENCE
[2026-05-01 13:05:19.900] [ImportPublicKeyFromPem] Skipped algorithm SEQUENCE
[2026-05-01 13:05:19.901] [ImportPublicKeyFromPem] Parsed BIT STRING
[2026-05-01 13:05:19.901] [ImportPublicKeyFromPem] Parsed RSAPublicKey SEQUENCE
[2026-05-01 13:05:19.901] [ImportPublicKeyFromPem] Parsed modulus: 384 bytes
[2026-05-01 13:05:19.902] [ImportPublicKeyFromPem] Parsed exponent: 3 bytes
[2026-05-01 13:05:19.902] [ImportPublicKeyFromPem] RSA key imported successfully
[2026-05-01 13:05:19.903] [VerifySignature] Result: True
[2026-05-01 13:05:19.903] [TryValidateLicenseAtPath] SUCCESS: License validated
[2026-05-01 13:05:19.904] ✓ VALIDATION PASSED at: C:\ProgramData\CopaFormGui\license.json
[2026-05-01 13:08:22.659] 
===== ValidateCurrentMachineLicense started =====
[2026-05-01 13:08:22.661] Current Machine ID: E7984430-9201-4AD2-88AD-354EC899002F
[2026-05-01 13:08:22.662] Checking path: C:\ProgramData\CopaFormGui\license.json - Exists: True
[2026-05-01 13:08:22.664] [TryValidateLicenseAtPath] Validating license at: C:\ProgramData\CopaFormGui\license.json
[2026-05-01 13:08:22.664] [TryValidateLicenseAtPath] Current machine ID: E7984430-9201-4AD2-88AD-354EC899002F
[2026-05-01 13:08:22.847] [TryValidateLicenseAtPath] Product in license: CopaFormGui
[2026-05-01 13:08:22.848] [TryValidateLicenseAtPath] Machine ID in license: E7984430-9201-4AD2-88AD-354EC899002F
[2026-05-01 13:08:22.848] [TryValidateLicenseAtPath] Expires: , Now: 2026-05-01T13:08:22.8488433Z
[2026-05-01 13:08:22.850] [TryValidateLicenseAtPath] IssuedUtc: 2026-04-02T20:52:39.2000440Z, MinIssuedUtc: 2026-04-02T19:57:00.0000000Z
[2026-05-01 13:08:22.850] [TryValidateLicenseAtPath] Calling VerifySignature...
[2026-05-01 13:08:22.856] [VerifySignature] Payload: CopaFormGui|test|E7984430-9201-4AD2-88AD-354EC899002F|2026-04-02T20:52:39.2000440Z|
[2026-05-01 13:08:22.857] [VerifySignature] Public key first 60 chars: -----BEGIN PUBLIC KEY-----
MIIBojANBgkqhkiG9w0BAQEFAAOCAY8A
[2026-05-01 13:08:22.857] [VerifySignature] Signature length: 512
[2026-05-01 13:08:22.859] [ImportPublicKeyFromPem] DER SPKI length: 422 bytes
[2026-05-01 13:08:22.859] [ImportPublicKeyFromPem] Parsed outer SEQUENCE
[2026-05-01 13:08:22.860] [ImportPublicKeyFromPem] Skipped algorithm SEQUENCE
[2026-05-01 13:08:22.861] [ImportPublicKeyFromPem] Parsed BIT STRING
[2026-05-01 13:08:22.861] [ImportPublicKeyFromPem] Parsed RSAPublicKey SEQUENCE
[2026-05-01 13:08:22.862] [ImportPublicKeyFromPem] Parsed modulus: 384 bytes
[2026-05-01 13:08:22.863] [ImportPublicKeyFromPem] Parsed exponent: 3 bytes
[2026-05-01 13:08:22.863] [ImportPublicKeyFromPem] RSA key imported successfully
[2026-05-01 13:08:22.864] [VerifySignature] Result: True
[2026-05-01 13:08:22.865] [TryValidateLicenseAtPath] SUCCESS: License validated
[2026-05-01 13:08:22.865] ✓ VALIDATION PASSED at: C:\ProgramData\CopaFormGui\license.json
[2026-05-01 13:12:05.680] 
===== ValidateCurrentMachineLicense started =====
[2026-05-01 13:12:05.682] Current Machine ID: E7984430-9201-4AD2-88AD-354EC899002F
[2026-05-01 13:12:05.683] Checking path: C:\ProgramData\CopaFormGui\license.json - Exists: True
[2026-05-01 13:12:05.685] [TryValidateLicenseAtPath] Validating license at: C:\ProgramData\CopaFormGui\license.json
[2026-05-01 13:12:05.686] [TryValidateLicenseAtPath] Current machine ID: E7984430-9201-4AD2-88AD-354EC899002F
[2026-05-01 13:12:05.962] [TryValidateLicenseAtPath] Product in license: CopaFormGui
[2026-05-01 13:12:05.962] [TryValidateLicenseAtPath] Machine ID in license: E7984430-9201-4AD2-88AD-354EC899002F
[2026-05-01 13:12:05.963] [TryValidateLicenseAtPath] Expires: , Now: 2026-05-01T13:12:05.9633849Z
[2026-05-01 13:12:05.964] [TryValidateLicenseAtPath] IssuedUtc: 2026-04-02T20:52:39.2000440Z, MinIssuedUtc: 2026-04-02T19:57:00.0000000Z
[2026-05-01 13:12:05.964] [TryValidateLicenseAtPath] Calling VerifySignature...
[2026-05-01 13:12:05.972] [VerifySignature] Payload: CopaFormGui|test|E7984430-9201-4AD2-88AD-354EC899002F|2026-04-02T20:52:39.2000440Z|
[2026-05-01 13:12:05.973] [VerifySignature] Public key first 60 chars: -----BEGIN PUBLIC KEY-----
MIIBojANBgkqhkiG9w0BAQEFAAOCAY8A
[2026-05-01 13:12:05.973] [VerifySignature] Signature length: 512
[2026-05-01 13:12:05.975] [ImportPublicKeyFromPem] DER SPKI length: 422 bytes
[2026-05-01 13:12:05.976] [ImportPublicKeyFromPem] Parsed outer SEQUENCE
[2026-05-01 13:12:05.977] [ImportPublicKeyFromPem] Skipped algorithm SEQUENCE
[2026-05-01 13:12:05.978] [ImportPublicKeyFromPem] Parsed BIT STRING
[2026-05-01 13:12:05.979] [ImportPublicKeyFromPem] Parsed RSAPublicKey SEQUENCE
[2026-05-01 13:12:05.980] [ImportPublicKeyFromPem] Parsed modulus: 384 bytes
[2026-05-01 13:12:05.981] [ImportPublicKeyFromPem] Parsed exponent: 3 bytes
[2026-05-01 13:12:05.982] [ImportPublicKeyFromPem] RSA key imported successfully
[2026-05-01 13:12:05.982] [VerifySignature] Result: True
[2026-05-01 13:12:05.983] [TryValidateLicenseAtPath] SUCCESS: License validated
[2026-05-01 13:12:05.983] ✓ VALIDATION PASSED at: C:\ProgramData\CopaFormGui\license.json
[2026-05-01 13:34:53.741] 
===== ValidateCurrentMachineLicense started =====
[2026-05-01 13:34:53.743] Current Machine ID: E7984430-9201-4AD2-88AD-354EC899002F
[2026-05-01 13:34:53.743] Checking path: C:\ProgramData\CopaFormGui\license.json - Exists: True
[2026-05-01 13:34:53.745] [TryValidateLicenseAtPath] Validating license at: C:\ProgramData\CopaFormGui\license.json
[2026-05-01 13:34:53.746] [TryValidateLicenseAtPath] Current machine ID: E7984430-9201-4AD2-88AD-354EC899002F
[2026-05-01 13:34:53.975] [TryValidateLicenseAtPath] Product in license: CopaFormGui
[2026-05-01 13:34:53.975] [TryValidateLicenseAtPath] Machine ID in license: E7984430-9201-4AD2-88AD-354EC899002F
[2026-05-01 13:34:53.976] [TryValidateLicenseAtPath] Expires: , Now: 2026-05-01T13:34:53.9769372Z
[2026-05-01 13:34:53.977] [TryValidateLicenseAtPath] IssuedUtc: 2026-04-02T20:52:39.2000440Z, MinIssuedUtc: 2026-04-02T19:57:00.0000000Z
[2026-05-01 13:34:53.978] [TryValidateLicenseAtPath] Calling VerifySignature...
[2026-05-01 13:34:53.985] [VerifySignature] Payload: CopaFormGui|test|E7984430-9201-4AD2-88AD-354EC899002F|2026-04-02T20:52:39.2000440Z|
[2026-05-01 13:34:53.985] [VerifySignature] Public key first 60 chars: -----BEGIN PUBLIC KEY-----
MIIBojANBgkqhkiG9w0BAQEFAAOCAY8A
[2026-05-01 13:34:53.986] [VerifySignature] Signature length: 512
[2026-05-01 13:34:53.987] [ImportPublicKeyFromPem] DER SPKI length: 422 bytes
[2026-05-01 13:34:53.989] [ImportPublicKeyFromPem] Parsed outer SEQUENCE
[2026-05-01 13:34:53.989] [ImportPublicKeyFromPem] Skipped algorithm SEQUENCE
[2026-05-01 13:34:53.989] [ImportPublicKeyFromPem] Parsed BIT STRING
[2026-05-01 13:34:53.990] [ImportPublicKeyFromPem] Parsed RSAPublicKey SEQUENCE
[2026-05-01 13:34:53.990] [ImportPublicKeyFromPem] Parsed modulus: 384 bytes
[2026-05-01 13:34:53.991] [ImportPublicKeyFromPem] Parsed exponent: 3 bytes
[2026-05-01 13:34:53.991] [ImportPublicKeyFromPem] RSA key imported successfully
[2026-05-01 13:34:53.992] [VerifySignature] Result: True
[2026-05-01 13:34:53.992] [TryValidateLicenseAtPath] SUCCESS: License validated
[2026-05-01 13:34:53.992] ✓ VALIDATION PASSED at: C:\ProgramData\CopaFormGui\license.json
[2026-05-01 13:46:28.857] 
===== ValidateCurrentMachineLicense started =====
[2026-05-01 13:46:28.859] Current Machine ID: E7984430-9201-4AD2-88AD-354EC899002F
[2026-05-01 13:46:28.859] Checking path: C:\ProgramData\CopaFormGui\license.json - Exists: True
[2026-05-01 13:46:28.862] [TryValidateLicenseAtPath] Validating license at: C:\ProgramData\CopaFormGui\license.json
[2026-05-01 13:46:28.862] [TryValidateLicenseAtPath] Current machine ID: E7984430-9201-4AD2-88AD-354EC899002F
[2026-05-01 13:46:29.097] [TryValidateLicenseAtPath] Product in license: CopaFormGui
[2026-05-01 13:46:29.098] [TryValidateLicenseAtPath] Machine ID in license: E7984430-9201-4AD2-88AD-354EC899002F
[2026-05-01 13:46:29.099] [TryValidateLicenseAtPath] Expires: , Now: 2026-05-01T13:46:29.0996061Z
[2026-05-01 13:46:29.100] [TryValidateLicenseAtPath] IssuedUtc: 2026-04-02T20:52:39.2000440Z, MinIssuedUtc: 2026-04-02T19:57:00.0000000Z
[2026-05-01 13:46:29.100] [TryValidateLicenseAtPath] Calling VerifySignature...
[2026-05-01 13:46:29.107] [VerifySignature] Payload: CopaFormGui|test|E7984430-9201-4AD2-88AD-354EC899002F|2026-04-02T20:52:39.2000440Z|
[2026-05-01 13:46:29.108] [VerifySignature] Public key first 60 chars: -----BEGIN PUBLIC KEY-----
MIIBojANBgkqhkiG9w0BAQEFAAOCAY8A
[2026-05-01 13:46:29.109] [VerifySignature] Signature length: 512
[2026-05-01 13:46:29.110] [ImportPublicKeyFromPem] DER SPKI length: 422 bytes
[2026-05-01 13:46:29.111] [ImportPublicKeyFromPem] Parsed outer SEQUENCE
[2026-05-01 13:46:29.112] [ImportPublicKeyFromPem] Skipped algorithm SEQUENCE
[2026-05-01 13:46:29.112] [ImportPublicKeyFromPem] Parsed BIT STRING
[2026-05-01 13:46:29.113] [ImportPublicKeyFromPem] Parsed RSAPublicKey SEQUENCE
[2026-05-01 13:46:29.114] [ImportPublicKeyFromPem] Parsed modulus: 384 bytes
[2026-05-01 13:46:29.114] [ImportPublicKeyFromPem] Parsed exponent: 3 bytes
[2026-05-01 13:46:29.117] [ImportPublicKeyFromPem] RSA key imported successfully
[2026-05-01 13:46:29.118] [VerifySignature] Result: True
[2026-05-01 13:46:29.119] [TryValidateLicenseAtPath] SUCCESS: License validated
[2026-05-01 13:46:29.119] ✓ VALIDATION PASSED at: C:\ProgramData\CopaFormGui\license.json
[2026-05-01 13:59:17.632] 
===== ValidateCurrentMachineLicense started =====
[2026-05-01 13:59:17.633] Current Machine ID: E7984430-9201-4AD2-88AD-354EC899002F
[2026-05-01 13:59:17.633] Checking path: C:\ProgramData\CopaFormGui\license.json - Exists: True
[2026-05-01 13:59:17.635] [TryValidateLicenseAtPath] Validating license at: C:\ProgramData\CopaFormGui\license.json
[2026-05-01 13:59:17.636] [TryValidateLicenseAtPath] Current machine ID: E7984430-9201-4AD2-88AD-354EC899002F
[2026-05-01 13:59:17.862] [TryValidateLicenseAtPath] Product in license: CopaFormGui
[2026-05-01 13:59:17.862] [TryValidateLicenseAtPath] Machine ID in license: E7984430-9201-4AD2-88AD-354EC899002F
[2026-05-01 13:59:17.863] [TryValidateLicenseAtPath] Expires: , Now: 2026-05-01T13:59:17.8638017Z
[2026-05-01 13:59:17.863] [TryValidateLicenseAtPath] IssuedUtc: 2026-04-02T20:52:39.2000440Z, MinIssuedUtc: 2026-04-02T19:57:00.0000000Z
[2026-05-01 13:59:17.864] [TryValidateLicenseAtPath] Calling VerifySignature...
[2026-05-01 13:59:17.868] [VerifySignature] Payload: CopaFormGui|test|E7984430-9201-4AD2-88AD-354EC899002F|2026-04-02T20:52:39.2000440Z|
[2026-05-01 13:59:17.869] [VerifySignature] Public key first 60 chars: -----BEGIN PUBLIC KEY-----
MIIBojANBgkqhkiG9w0BAQEFAAOCAY8A
[2026-05-01 13:59:17.869] [VerifySignature] Signature length: 512
[2026-05-01 13:59:17.870] [ImportPublicKeyFromPem] DER SPKI length: 422 bytes
[2026-05-01 13:59:17.871] [ImportPublicKeyFromPem] Parsed outer SEQUENCE
[2026-05-01 13:59:17.871] [ImportPublicKeyFromPem] Skipped algorithm SEQUENCE
[2026-05-01 13:59:17.872] [ImportPublicKeyFromPem] Parsed BIT STRING
[2026-05-01 13:59:17.872] [ImportPublicKeyFromPem] Parsed RSAPublicKey SEQUENCE
[2026-05-01 13:59:17.873] [ImportPublicKeyFromPem] Parsed modulus: 384 bytes
[2026-05-01 13:59:17.874] [ImportPublicKeyFromPem] Parsed exponent: 3 bytes
[2026-05-01 13:59:17.875] [ImportPublicKeyFromPem] RSA key imported successfully
[2026-05-01 13:59:17.876] [VerifySignature] Result: True
[2026-05-01 13:59:17.876] [TryValidateLicenseAtPath] SUCCESS: License validated
[2026-05-01 13:59:17.877] ✓ VALIDATION PASSED at: C:\ProgramData\CopaFormGui\license.json
[2026-05-01 14:06:20.125] 
===== ValidateCurrentMachineLicense started =====
[2026-05-01 14:06:20.127] Current Machine ID: E7984430-9201-4AD2-88AD-354EC899002F
[2026-05-01 14:06:20.129] Checking path: C:\ProgramData\CopaFormGui\license.json - Exists: True
[2026-05-01 14:06:20.130] [TryValidateLicenseAtPath] Validating license at: C:\ProgramData\CopaFormGui\license.json
[2026-05-01 14:06:20.131] [TryValidateLicenseAtPath] Current machine ID: E7984430-9201-4AD2-88AD-354EC899002F
[2026-05-01 14:06:20.345] [TryValidateLicenseAtPath] Product in license: CopaFormGui
[2026-05-01 14:06:20.346] [TryValidateLicenseAtPath] Machine ID in license: E7984430-9201-4AD2-88AD-354EC899002F
[2026-05-01 14:06:20.346] [TryValidateLicenseAtPath] Expires: , Now: 2026-05-01T14:06:20.3464900Z
[2026-05-01 14:06:20.347] [TryValidateLicenseAtPath] IssuedUtc: 2026-04-02T20:52:39.2000440Z, MinIssuedUtc: 2026-04-02T19:57:00.0000000Z
[2026-05-01 14:06:20.347] [TryValidateLicenseAtPath] Calling VerifySignature...
[2026-05-01 14:06:20.353] [VerifySignature] Payload: CopaFormGui|test|E7984430-9201-4AD2-88AD-354EC899002F|2026-04-02T20:52:39.2000440Z|
[2026-05-01 14:06:20.353] [VerifySignature] Public key first 60 chars: -----BEGIN PUBLIC KEY-----
MIIBojANBgkqhkiG9w0BAQEFAAOCAY8A
[2026-05-01 14:06:20.354] [VerifySignature] Signature length: 512
[2026-05-01 14:06:20.355] [ImportPublicKeyFromPem] DER SPKI length: 422 bytes
[2026-05-01 14:06:20.355] [ImportPublicKeyFromPem] Parsed outer SEQUENCE
[2026-05-01 14:06:20.356] [ImportPublicKeyFromPem] Skipped algorithm SEQUENCE
[2026-05-01 14:06:20.356] [ImportPublicKeyFromPem] Parsed BIT STRING
[2026-05-01 14:06:20.356] [ImportPublicKeyFromPem] Parsed RSAPublicKey SEQUENCE
[2026-05-01 14:06:20.357] [ImportPublicKeyFromPem] Parsed modulus: 384 bytes
[2026-05-01 14:06:20.357] [ImportPublicKeyFromPem] Parsed exponent: 3 bytes
[2026-05-01 14:06:20.358] [ImportPublicKeyFromPem] RSA key imported successfully
[2026-05-01 14:06:20.359] [VerifySignature] Result: True
[2026-05-01 14:06:20.359] [TryValidateLicenseAtPath] SUCCESS: License validated
[2026-05-01 14:06:20.360] ✓ VALIDATION PASSED at: C:\ProgramData\CopaFormGui\license.json
[2026-05-01 14:22:03.434] 
===== ValidateCurrentMachineLicense started =====
[2026-05-01 14:22:03.436] Current Machine ID: E7984430-9201-4AD2-88AD-354EC899002F
[2026-05-01 14:22:03.436] Checking path: C:\ProgramData\CopaFormGui\license.json - Exists: True
[2026-05-01 14:22:03.438] [TryValidateLicenseAtPath] Validating license at: C:\ProgramData\CopaFormGui\license.json
[2026-05-01 14:22:03.438] [TryValidateLicenseAtPath] Current machine ID: E7984430-9201-4AD2-88AD-354EC899002F
[2026-05-01 14:22:03.653] [TryValidateLicenseAtPath] Product in license: CopaFormGui
[2026-05-01 14:22:03.654] [TryValidateLicenseAtPath] Machine ID in license: E7984430-9201-4AD2-88AD-354EC899002F
[2026-05-01 14:22:03.655] [TryValidateLicenseAtPath] Expires: , Now: 2026-05-01T14:22:03.6550592Z
[2026-05-01 14:22:03.656] [TryValidateLicenseAtPath] IssuedUtc: 2026-04-02T20:52:39.2000440Z, MinIssuedUtc: 2026-04-02T19:57:00.0000000Z
[2026-05-01 14:22:03.656] [TryValidateLicenseAtPath] Calling VerifySignature...
[2026-05-01 14:22:03.662] [VerifySignature] Payload: CopaFormGui|test|E7984430-9201-4AD2-88AD-354EC899002F|2026-04-02T20:52:39.2000440Z|
[2026-05-01 14:22:03.662] [VerifySignature] Public key first 60 chars: -----BEGIN PUBLIC KEY-----
MIIBojANBgkqhkiG9w0BAQEFAAOCAY8A
[2026-05-01 14:22:03.663] [VerifySignature] Signature length: 512
[2026-05-01 14:22:03.664] [ImportPublicKeyFromPem] DER SPKI length: 422 bytes
[2026-05-01 14:22:03.665] [ImportPublicKeyFromPem] Parsed outer SEQUENCE
[2026-05-01 14:22:03.665] [ImportPublicKeyFromPem] Skipped algorithm SEQUENCE
[2026-05-01 14:22:03.666] [ImportPublicKeyFromPem] Parsed BIT STRING
[2026-05-01 14:22:03.666] [ImportPublicKeyFromPem] Parsed RSAPublicKey SEQUENCE
[2026-05-01 14:22:03.667] [ImportPublicKeyFromPem] Parsed modulus: 384 bytes
[2026-05-01 14:22:03.667] [ImportPublicKeyFromPem] Parsed exponent: 3 bytes
[2026-05-01 14:22:03.668] [ImportPublicKeyFromPem] RSA key imported successfully
[2026-05-01 14:22:03.669] [VerifySignature] Result: True
[2026-05-01 14:22:03.670] [TryValidateLicenseAtPath] SUCCESS: License validated
[2026-05-01 14:22:03.670] ✓ VALIDATION PASSED at: C:\ProgramData\CopaFormGui\license.json
[2026-05-01 17:23:50.056] 
===== ValidateCurrentMachineLicense started =====
[2026-05-01 17:23:50.057] Current Machine ID: E7984430-9201-4AD2-88AD-354EC899002F
[2026-05-01 17:23:50.058] Checking path: C:\ProgramData\CopaFormGui\license.json - Exists: True
[2026-05-01 17:23:50.060] [TryValidateLicenseAtPath] Validating license at: C:\ProgramData\CopaFormGui\license.json
[2026-05-01 17:23:50.061] [TryValidateLicenseAtPath] Current machine ID: E7984430-9201-4AD2-88AD-354EC899002F
[2026-05-01 17:23:50.291] [TryValidateLicenseAtPath] Product in license: CopaFormGui
[2026-05-01 17:23:50.292] [TryValidateLicenseAtPath] Machine ID in license: E7984430-9201-4AD2-88AD-354EC899002F
[2026-05-01 17:23:50.293] [TryValidateLicenseAtPath] Expires: , Now: 2026-05-01T17:23:50.2935641Z
[2026-05-01 17:23:50.293] [TryValidateLicenseAtPath] IssuedUtc: 2026-04-02T20:52:39.2000440Z, MinIssuedUtc: 2026-04-02T19:57:00.0000000Z
[2026-05-01 17:23:50.293] [TryValidateLicenseAtPath] Calling VerifySignature...
[2026-05-01 17:23:50.298] [VerifySignature] Payload: CopaFormGui|test|E7984430-9201-4AD2-88AD-354EC899002F|2026-04-02T20:52:39.2000440Z|
[2026-05-01 17:23:50.298] [VerifySignature] Public key first 60 chars: -----BEGIN PUBLIC KEY-----
MIIBojANBgkqhkiG9w0BAQEFAAOCAY8A
[2026-05-01 17:23:50.299] [VerifySignature] Signature length: 512
[2026-05-01 17:23:50.300] [ImportPublicKeyFromPem] DER SPKI length: 422 bytes
[2026-05-01 17:23:50.300] [ImportPublicKeyFromPem] Parsed outer SEQUENCE
[2026-05-01 17:23:50.301] [ImportPublicKeyFromPem] Skipped algorithm SEQUENCE
[2026-05-01 17:23:50.301] [ImportPublicKeyFromPem] Parsed BIT STRING
[2026-05-01 17:23:50.302] [ImportPublicKeyFromPem] Parsed RSAPublicKey SEQUENCE
[2026-05-01 17:23:50.303] [ImportPublicKeyFromPem] Parsed modulus: 384 bytes
[2026-05-01 17:23:50.303] [ImportPublicKeyFromPem] Parsed exponent: 3 bytes
[2026-05-01 17:23:50.303] [ImportPublicKeyFromPem] RSA key imported successfully
[2026-05-01 17:23:50.304] [VerifySignature] Result: True
[2026-05-01 17:23:50.305] [TryValidateLicenseAtPath] SUCCESS: License validated
[2026-05-01 17:23:50.305] ✓ VALIDATION PASSED at: C:\ProgramData\CopaFormGui\license.json
[2026-05-01 18:12:36.197] 
===== ValidateCurrentMachineLicense started =====
[2026-05-01 18:12:36.199] Current Machine ID: E7984430-9201-4AD2-88AD-354EC899002F
[2026-05-01 18:12:36.200] Checking path: C:\ProgramData\CopaFormGui\license.json - Exists: True
[2026-05-01 18:12:36.203] [TryValidateLicenseAtPath] Validating license at: C:\ProgramData\CopaFormGui\license.json
[2026-05-01 18:12:36.203] [TryValidateLicenseAtPath] Current machine ID: E7984430-9201-4AD2-88AD-354EC899002F
[2026-05-01 18:12:36.457] [TryValidateLicenseAtPath] Product in license: CopaFormGui
[2026-05-01 18:12:36.458] [TryValidateLicenseAtPath] Machine ID in license: E7984430-9201-4AD2-88AD-354EC899002F
[2026-05-01 18:12:36.458] [TryValidateLicenseAtPath] Expires: , Now: 2026-05-01T18:12:36.4588951Z
[2026-05-01 18:12:36.459] [TryValidateLicenseAtPath] IssuedUtc: 2026-04-02T20:52:39.2000440Z, MinIssuedUtc: 2026-04-02T19:57:00.0000000Z
[2026-05-01 18:12:36.459] [TryValidateLicenseAtPath] Calling VerifySignature...
[2026-05-01 18:12:36.464] [VerifySignature] Payload: CopaFormGui|test|E7984430-9201-4AD2-88AD-354EC899002F|2026-04-02T20:52:39.2000440Z|
[2026-05-01 18:12:36.465] [VerifySignature] Public key first 60 chars: -----BEGIN PUBLIC KEY-----
MIIBojANBgkqhkiG9w0BAQEFAAOCAY8A
[2026-05-01 18:12:36.465] [VerifySignature] Signature length: 512
[2026-05-01 18:12:36.466] [ImportPublicKeyFromPem] DER SPKI length: 422 bytes
[2026-05-01 18:12:36.467] [ImportPublicKeyFromPem] Parsed outer SEQUENCE
[2026-05-01 18:12:36.467] [ImportPublicKeyFromPem] Skipped algorithm SEQUENCE
[2026-05-01 18:12:36.468] [ImportPublicKeyFromPem] Parsed BIT STRING
[2026-05-01 18:12:36.468] [ImportPublicKeyFromPem] Parsed RSAPublicKey SEQUENCE
[2026-05-01 18:12:36.469] [ImportPublicKeyFromPem] Parsed modulus: 384 bytes
[2026-05-01 18:12:36.469] [ImportPublicKeyFromPem] Parsed exponent: 3 bytes
[2026-05-01 18:12:36.469] [ImportPublicKeyFromPem] RSA key imported successfully
[2026-05-01 18:12:36.470] [VerifySignature] Result: True
[2026-05-01 18:12:36.470] [TryValidateLicenseAtPath] SUCCESS: License validated
[2026-05-01 18:12:36.471] ✓ VALIDATION PASSED at: C:\ProgramData\CopaFormGui\license.json
[2026-05-01 18:15:44.821] 
===== ValidateCurrentMachineLicense started =====
[2026-05-01 18:15:44.822] Current Machine ID: E7984430-9201-4AD2-88AD-354EC899002F
[2026-05-01 18:15:44.823] Checking path: C:\ProgramData\CopaFormGui\license.json - Exists: True
[2026-05-01 18:15:44.825] [TryValidateLicenseAtPath] Validating license at: C:\ProgramData\CopaFormGui\license.json
[2026-05-01 18:15:44.825] [TryValidateLicenseAtPath] Current machine ID: E7984430-9201-4AD2-88AD-354EC899002F
[2026-05-01 18:15:45.112] [TryValidateLicenseAtPath] Product in license: CopaFormGui
[2026-05-01 18:15:45.114] [TryValidateLicenseAtPath] Machine ID in license: E7984430-9201-4AD2-88AD-354EC899002F
[2026-05-01 18:15:45.115] [TryValidateLicenseAtPath] Expires: , Now: 2026-05-01T18:15:45.1151957Z
[2026-05-01 18:15:45.115] [TryValidateLicenseAtPath] IssuedUtc: 2026-04-02T20:52:39.2000440Z, MinIssuedUtc: 2026-04-02T19:57:00.0000000Z
[2026-05-01 18:15:45.116] [TryValidateLicenseAtPath] Calling VerifySignature...
[2026-05-01 18:15:45.122] [VerifySignature] Payload: CopaFormGui|test|E7984430-9201-4AD2-88AD-354EC899002F|2026-04-02T20:52:39.2000440Z|
[2026-05-01 18:15:45.123] [VerifySignature] Public key first 60 chars: -----BEGIN PUBLIC KEY-----
MIIBojANBgkqhkiG9w0BAQEFAAOCAY8A
[2026-05-01 18:15:45.124] [VerifySignature] Signature length: 512
[2026-05-01 18:15:45.125] [ImportPublicKeyFromPem] DER SPKI length: 422 bytes
[2026-05-01 18:15:45.141] [ImportPublicKeyFromPem] Parsed outer SEQUENCE
[2026-05-01 18:15:45.153] [ImportPublicKeyFromPem] Skipped algorithm SEQUENCE
[2026-05-01 18:15:45.154] [ImportPublicKeyFromPem] Parsed BIT STRING
[2026-05-01 18:15:45.156] [ImportPublicKeyFromPem] Parsed RSAPublicKey SEQUENCE
[2026-05-01 18:15:45.157] [ImportPublicKeyFromPem] Parsed modulus: 384 bytes
[2026-05-01 18:15:45.158] [ImportPublicKeyFromPem] Parsed exponent: 3 bytes
[2026-05-01 18:15:45.159] [ImportPublicKeyFromPem] RSA key imported successfully
[2026-05-01 18:15:45.159] [VerifySignature] Result: True
[2026-05-01 18:15:45.160] [TryValidateLicenseAtPath] SUCCESS: License validated
[2026-05-01 18:15:45.163] ✓ VALIDATION PASSED at: C:\ProgramData\CopaFormGui\license.json
[2026-05-01 18:18:34.527] 
===== ValidateCurrentMachineLicense started =====
[2026-05-01 18:18:34.528] Current Machine ID: E7984430-9201-4AD2-88AD-354EC899002F
[2026-05-01 18:18:34.529] Checking path: C:\ProgramData\CopaFormGui\license.json - Exists: True
[2026-05-01 18:18:34.531] [TryValidateLicenseAtPath] Validating license at: C:\ProgramData\CopaFormGui\license.json
[2026-05-01 18:18:34.531] [TryValidateLicenseAtPath] Current machine ID: E7984430-9201-4AD2-88AD-354EC899002F
[2026-05-01 18:18:34.696] [TryValidateLicenseAtPath] Product in license: CopaFormGui
[2026-05-01 18:18:34.696] [TryValidateLicenseAtPath] Machine ID in license: E7984430-9201-4AD2-88AD-354EC899002F
[2026-05-01 18:18:34.697] [TryValidateLicenseAtPath] Expires: , Now: 2026-05-01T18:18:34.6971718Z
[2026-05-01 18:18:34.697] [TryValidateLicenseAtPath] IssuedUtc: 2026-04-02T20:52:39.2000440Z, MinIssuedUtc: 2026-04-02T19:57:00.0000000Z
[2026-05-01 18:18:34.698] [TryValidateLicenseAtPath] Calling VerifySignature...
[2026-05-01 18:18:34.702] [VerifySignature] Payload: CopaFormGui|test|E7984430-9201-4AD2-88AD-354EC899002F|2026-04-02T20:52:39.2000440Z|
[2026-05-01 18:18:34.702] [VerifySignature] Public key first 60 chars: -----BEGIN PUBLIC KEY-----
MIIBojANBgkqhkiG9w0BAQEFAAOCAY8A
[2026-05-01 18:18:34.703] [VerifySignature] Signature length: 512
[2026-05-01 18:18:34.704] [ImportPublicKeyFromPem] DER SPKI length: 422 bytes
[2026-05-01 18:18:34.704] [ImportPublicKeyFromPem] Parsed outer SEQUENCE
[2026-05-01 18:18:34.705] [ImportPublicKeyFromPem] Skipped algorithm SEQUENCE
[2026-05-01 18:18:34.706] [ImportPublicKeyFromPem] Parsed BIT STRING
[2026-05-01 18:18:34.706] [ImportPublicKeyFromPem] Parsed RSAPublicKey SEQUENCE
[2026-05-01 18:18:34.707] [ImportPublicKeyFromPem] Parsed modulus: 384 bytes
[2026-05-01 18:18:34.707] [ImportPublicKeyFromPem] Parsed exponent: 3 bytes
[2026-05-01 18:18:34.708] [ImportPublicKeyFromPem] RSA key imported successfully
[2026-05-01 18:18:34.709] [VerifySignature] Result: True
[2026-05-01 18:18:34.709] [TryValidateLicenseAtPath] SUCCESS: License validated
[2026-05-01 18:18:34.709] ✓ VALIDATION PASSED at: C:\ProgramData\CopaFormGui\license.json
[2026-05-01 18:25:53.708] 
===== ValidateCurrentMachineLicense started =====
[2026-05-01 18:25:53.710] Current Machine ID: E7984430-9201-4AD2-88AD-354EC899002F
[2026-05-01 18:25:53.711] Checking path: C:\ProgramData\CopaFormGui\license.json - Exists: True
[2026-05-01 18:25:53.713] [TryValidateLicenseAtPath] Validating license at: C:\ProgramData\CopaFormGui\license.json
[2026-05-01 18:25:53.714] [TryValidateLicenseAtPath] Current machine ID: E7984430-9201-4AD2-88AD-354EC899002F
[2026-05-01 18:25:53.917] [TryValidateLicenseAtPath] Product in license: CopaFormGui
[2026-05-01 18:25:53.918] [TryValidateLicenseAtPath] Machine ID in license: E7984430-9201-4AD2-88AD-354EC899002F
[2026-05-01 18:25:53.918] [TryValidateLicenseAtPath] Expires: , Now: 2026-05-01T18:25:53.9186077Z
[2026-05-01 18:25:53.919] [TryValidateLicenseAtPath] IssuedUtc: 2026-04-02T20:52:39.2000440Z, MinIssuedUtc: 2026-04-02T19:57:00.0000000Z
[2026-05-01 18:25:53.919] [TryValidateLicenseAtPath] Calling VerifySignature...
[2026-05-01 18:25:53.924] [VerifySignature] Payload: CopaFormGui|test|E7984430-9201-4AD2-88AD-354EC899002F|2026-04-02T20:52:39.2000440Z|
[2026-05-01 18:25:53.924] [VerifySignature] Public key first 60 chars: -----BEGIN PUBLIC KEY-----
MIIBojANBgkqhkiG9w0BAQEFAAOCAY8A
[2026-05-01 18:25:53.925] [VerifySignature] Signature length: 512
[2026-05-01 18:25:53.926] [ImportPublicKeyFromPem] DER SPKI length: 422 bytes
[2026-05-01 18:25:53.926] [ImportPublicKeyFromPem] Parsed outer SEQUENCE
[2026-05-01 18:25:53.928] [ImportPublicKeyFromPem] Skipped algorithm SEQUENCE
[2026-05-01 18:25:53.928] [ImportPublicKeyFromPem] Parsed BIT STRING
[2026-05-01 18:25:53.929] [ImportPublicKeyFromPem] Parsed RSAPublicKey SEQUENCE
[2026-05-01 18:25:53.930] [ImportPublicKeyFromPem] Parsed modulus: 384 bytes
[2026-05-01 18:25:53.930] [ImportPublicKeyFromPem] Parsed exponent: 3 bytes
[2026-05-01 18:25:53.931] [ImportPublicKeyFromPem] RSA key imported successfully
[2026-05-01 18:25:53.931] [VerifySignature] Result: True
[2026-05-01 18:25:53.932] [TryValidateLicenseAtPath] SUCCESS: License validated
[2026-05-01 18:25:53.932] ✓ VALIDATION PASSED at: C:\ProgramData\CopaFormGui\license.json
[2026-05-01 18:36:29.751] 
===== ValidateCurrentMachineLicense started =====
[2026-05-01 18:36:29.752] Current Machine ID: E7984430-9201-4AD2-88AD-354EC899002F
[2026-05-01 18:36:29.753] Checking path: C:\ProgramData\CopaFormGui\license.json - Exists: True
[2026-05-01 18:36:29.755] [TryValidateLicenseAtPath] Validating license at: C:\ProgramData\CopaFormGui\license.json
[2026-05-01 18:36:29.755] [TryValidateLicenseAtPath] Current machine ID: E7984430-9201-4AD2-88AD-354EC899002F
[2026-05-01 18:36:29.987] [TryValidateLicenseAtPath] Product in license: CopaFormGui
[2026-05-01 18:36:29.988] [TryValidateLicenseAtPath] Machine ID in license: E7984430-9201-4AD2-88AD-354EC899002F
[2026-05-01 18:36:29.989] [TryValidateLicenseAtPath] Expires: , Now: 2026-05-01T18:36:29.9891958Z
[2026-05-01 18:36:29.990] [TryValidateLicenseAtPath] IssuedUtc: 2026-04-02T20:52:39.2000440Z, MinIssuedUtc: 2026-04-02T19:57:00.0000000Z
[2026-05-01 18:36:29.990] [TryValidateLicenseAtPath] Calling VerifySignature...
[2026-05-01 18:36:29.994] [VerifySignature] Payload: CopaFormGui|test|E7984430-9201-4AD2-88AD-354EC899002F|2026-04-02T20:52:39.2000440Z|
[2026-05-01 18:36:29.995] [VerifySignature] Public key first 60 chars: -----BEGIN PUBLIC KEY-----
MIIBojANBgkqhkiG9w0BAQEFAAOCAY8A
[2026-05-01 18:36:29.996] [VerifySignature] Signature length: 512
[2026-05-01 18:36:29.997] [ImportPublicKeyFromPem] DER SPKI length: 422 bytes
[2026-05-01 18:36:29.997] [ImportPublicKeyFromPem] Parsed outer SEQUENCE
[2026-05-01 18:36:29.998] [ImportPublicKeyFromPem] Skipped algorithm SEQUENCE
[2026-05-01 18:36:29.998] [ImportPublicKeyFromPem] Parsed BIT STRING
[2026-05-01 18:36:29.998] [ImportPublicKeyFromPem] Parsed RSAPublicKey SEQUENCE
[2026-05-01 18:36:29.999] [ImportPublicKeyFromPem] Parsed modulus: 384 bytes
[2026-05-01 18:36:30.000] [ImportPublicKeyFromPem] Parsed exponent: 3 bytes
[2026-05-01 18:36:30.001] [ImportPublicKeyFromPem] RSA key imported successfully
[2026-05-01 18:36:30.002] [VerifySignature] Result: True
[2026-05-01 18:36:30.003] [TryValidateLicenseAtPath] SUCCESS: License validated
[2026-05-01 18:36:30.003] ✓ VALIDATION PASSED at: C:\ProgramData\CopaFormGui\license.json
[2026-05-01 18:38:08.074] 
===== ValidateCurrentMachineLicense started =====
[2026-05-01 18:38:08.075] Current Machine ID: E7984430-9201-4AD2-88AD-354EC899002F
[2026-05-01 18:38:08.076] Checking path: C:\ProgramData\CopaFormGui\license.json - Exists: True
[2026-05-01 18:38:08.078] [TryValidateLicenseAtPath] Validating license at: C:\ProgramData\CopaFormGui\license.json
[2026-05-01 18:38:08.079] [TryValidateLicenseAtPath] Current machine ID: E7984430-9201-4AD2-88AD-354EC899002F
[2026-05-01 18:38:08.270] [TryValidateLicenseAtPath] Product in license: CopaFormGui
[2026-05-01 18:38:08.272] [TryValidateLicenseAtPath] Machine ID in license: E7984430-9201-4AD2-88AD-354EC899002F
[2026-05-01 18:38:08.273] [TryValidateLicenseAtPath] Expires: , Now: 2026-05-01T18:38:08.2730082Z
[2026-05-01 18:38:08.273] [TryValidateLicenseAtPath] IssuedUtc: 2026-04-02T20:52:39.2000440Z, MinIssuedUtc: 2026-04-02T19:57:00.0000000Z
[2026-05-01 18:38:08.274] [TryValidateLicenseAtPath] Calling VerifySignature...
[2026-05-01 18:38:08.279] [VerifySignature] Payload: CopaFormGui|test|E7984430-9201-4AD2-88AD-354EC899002F|2026-04-02T20:52:39.2000440Z|
[2026-05-01 18:38:08.279] [VerifySignature] Public key first 60 chars: -----BEGIN PUBLIC KEY-----
MIIBojANBgkqhkiG9w0BAQEFAAOCAY8A
[2026-05-01 18:38:08.280] [VerifySignature] Signature length: 512
[2026-05-01 18:38:08.281] [ImportPublicKeyFromPem] DER SPKI length: 422 bytes
[2026-05-01 18:38:08.281] [ImportPublicKeyFromPem] Parsed outer SEQUENCE
[2026-05-01 18:38:08.283] [ImportPublicKeyFromPem] Skipped algorithm SEQUENCE
[2026-05-01 18:38:08.283] [ImportPublicKeyFromPem] Parsed BIT STRING
[2026-05-01 18:38:08.284] [ImportPublicKeyFromPem] Parsed RSAPublicKey SEQUENCE
[2026-05-01 18:38:08.284] [ImportPublicKeyFromPem] Parsed modulus: 384 bytes
[2026-05-01 18:38:08.285] [ImportPublicKeyFromPem] Parsed exponent: 3 bytes
[2026-05-01 18:38:08.286] [ImportPublicKeyFromPem] RSA key imported successfully
[2026-05-01 18:38:08.287] [VerifySignature] Result: True
[2026-05-01 18:38:08.287] [TryValidateLicenseAtPath] SUCCESS: License validated
[2026-05-01 18:38:08.288] ✓ VALIDATION PASSED at: C:\ProgramData\CopaFormGui\license.json
[2026-05-01 18:49:06.261] 
===== ValidateCurrentMachineLicense started =====
[2026-05-01 18:49:06.262] Current Machine ID: E7984430-9201-4AD2-88AD-354EC899002F
[2026-05-01 18:49:06.263] Checking path: C:\ProgramData\CopaFormGui\license.json - Exists: True
[2026-05-01 18:49:06.265] [TryValidateLicenseAtPath] Validating license at: C:\ProgramData\CopaFormGui\license.json
[2026-05-01 18:49:06.266] [TryValidateLicenseAtPath] Current machine ID: E7984430-9201-4AD2-88AD-354EC899002F
[2026-05-01 18:49:06.490] [TryValidateLicenseAtPath] Product in license: CopaFormGui
[2026-05-01 18:49:06.491] [TryValidateLicenseAtPath] Machine ID in license: E7984430-9201-4AD2-88AD-354EC899002F
[2026-05-01 18:49:06.492] [TryValidateLicenseAtPath] Expires: , Now: 2026-05-01T18:49:06.4920442Z
[2026-05-01 18:49:06.492] [TryValidateLicenseAtPath] IssuedUtc: 2026-04-02T20:52:39.2000440Z, MinIssuedUtc: 2026-04-02T19:57:00.0000000Z
[2026-05-01 18:49:06.493] [TryValidateLicenseAtPath] Calling VerifySignature...
[2026-05-01 18:49:06.497] [VerifySignature] Payload: CopaFormGui|test|E7984430-9201-4AD2-88AD-354EC899002F|2026-04-02T20:52:39.2000440Z|
[2026-05-01 18:49:06.497] [VerifySignature] Public key first 60 chars: -----BEGIN PUBLIC KEY-----
MIIBojANBgkqhkiG9w0BAQEFAAOCAY8A
[2026-05-01 18:49:06.498] [VerifySignature] Signature length: 512
[2026-05-01 18:49:06.499] [ImportPublicKeyFromPem] DER SPKI length: 422 bytes
[2026-05-01 18:49:06.500] [ImportPublicKeyFromPem] Parsed outer SEQUENCE
[2026-05-01 18:49:06.501] [ImportPublicKeyFromPem] Skipped algorithm SEQUENCE
[2026-05-01 18:49:06.501] [ImportPublicKeyFromPem] Parsed BIT STRING
[2026-05-01 18:49:06.502] [ImportPublicKeyFromPem] Parsed RSAPublicKey SEQUENCE
[2026-05-01 18:49:06.503] [ImportPublicKeyFromPem] Parsed modulus: 384 bytes
[2026-05-01 18:49:06.503] [ImportPublicKeyFromPem] Parsed exponent: 3 bytes
[2026-05-01 18:49:06.504] [ImportPublicKeyFromPem] RSA key imported successfully
[2026-05-01 18:49:06.505] [VerifySignature] Result: True
[2026-05-01 18:49:06.505] [TryValidateLicenseAtPath] SUCCESS: License validated
[2026-05-01 18:49:06.505] ✓ VALIDATION PASSED at: C:\ProgramData\CopaFormGui\license.json
[2026-05-01 18:57:58.187] 
===== ValidateCurrentMachineLicense started =====
[2026-05-01 18:57:58.187] Current Machine ID: E7984430-9201-4AD2-88AD-354EC899002F
[2026-05-01 18:57:58.188] Checking path: C:\ProgramData\CopaFormGui\license.json - Exists: True
[2026-05-01 18:57:58.190] [TryValidateLicenseAtPath] Validating license at: C:\ProgramData\CopaFormGui\license.json
[2026-05-01 18:57:58.191] [TryValidateLicenseAtPath] Current machine ID: E7984430-9201-4AD2-88AD-354EC899002F
[2026-05-01 18:57:58.405] [TryValidateLicenseAtPath] Product in license: CopaFormGui
[2026-05-01 18:57:58.405] [TryValidateLicenseAtPath] Machine ID in license: E7984430-9201-4AD2-88AD-354EC899002F
[2026-05-01 18:57:58.406] [TryValidateLicenseAtPath] Expires: , Now: 2026-05-01T18:57:58.4060743Z
[2026-05-01 18:57:58.407] [TryValidateLicenseAtPath] IssuedUtc: 2026-04-02T20:52:39.2000440Z, MinIssuedUtc: 2026-04-02T19:57:00.0000000Z
[2026-05-01 18:57:58.407] [TryValidateLicenseAtPath] Calling VerifySignature...
[2026-05-01 18:57:58.412] [VerifySignature] Payload: CopaFormGui|test|E7984430-9201-4AD2-88AD-354EC899002F|2026-04-02T20:52:39.2000440Z|
[2026-05-01 18:57:58.413] [VerifySignature] Public key first 60 chars: -----BEGIN PUBLIC KEY-----
MIIBojANBgkqhkiG9w0BAQEFAAOCAY8A
[2026-05-01 18:57:58.413] [VerifySignature] Signature length: 512
[2026-05-01 18:57:58.415] [ImportPublicKeyFromPem] DER SPKI length: 422 bytes
[2026-05-01 18:57:58.416] [ImportPublicKeyFromPem] Parsed outer SEQUENCE
[2026-05-01 18:57:58.416] [ImportPublicKeyFromPem] Skipped algorithm SEQUENCE
[2026-05-01 18:57:58.417] [ImportPublicKeyFromPem] Parsed BIT STRING
[2026-05-01 18:57:58.417] [ImportPublicKeyFromPem] Parsed RSAPublicKey SEQUENCE
[2026-05-01 18:57:58.418] [ImportPublicKeyFromPem] Parsed modulus: 384 bytes
[2026-05-01 18:57:58.418] [ImportPublicKeyFromPem] Parsed exponent: 3 bytes
[2026-05-01 18:57:58.419] [ImportPublicKeyFromPem] RSA key imported successfully
[2026-05-01 18:57:58.420] [VerifySignature] Result: True
[2026-05-01 18:57:58.420] [TryValidateLicenseAtPath] SUCCESS: License validated
[2026-05-01 18:57:58.421] ✓ VALIDATION PASSED at: C:\ProgramData\CopaFormGui\license.json
[2026-05-01 19:05:34.346] 
===== ValidateCurrentMachineLicense started =====
[2026-05-01 19:05:34.348] Current Machine ID: E7984430-9201-4AD2-88AD-354EC899002F
[2026-05-01 19:05:34.349] Checking path: C:\ProgramData\CopaFormGui\license.json - Exists: True
[2026-05-01 19:05:34.352] [TryValidateLicenseAtPath] Validating license at: C:\ProgramData\CopaFormGui\license.json
[2026-05-01 19:05:34.353] [TryValidateLicenseAtPath] Current machine ID: E7984430-9201-4AD2-88AD-354EC899002F
[2026-05-01 19:05:34.716] [TryValidateLicenseAtPath] Product in license: CopaFormGui
[2026-05-01 19:05:34.717] [TryValidateLicenseAtPath] Machine ID in license: E7984430-9201-4AD2-88AD-354EC899002F
[2026-05-01 19:05:34.718] [TryValidateLicenseAtPath] Expires: , Now: 2026-05-01T19:05:34.7187242Z
[2026-05-01 19:05:34.719] [TryValidateLicenseAtPath] IssuedUtc: 2026-04-02T20:52:39.2000440Z, MinIssuedUtc: 2026-04-02T19:57:00.0000000Z
[2026-05-01 19:05:34.720] [TryValidateLicenseAtPath] Calling VerifySignature...
[2026-05-01 19:05:34.728] [VerifySignature] Payload: CopaFormGui|test|E7984430-9201-4AD2-88AD-354EC899002F|2026-04-02T20:52:39.2000440Z|
[2026-05-01 19:05:34.729] [VerifySignature] Public key first 60 chars: -----BEGIN PUBLIC KEY-----
MIIBojANBgkqhkiG9w0BAQEFAAOCAY8A
[2026-05-01 19:05:34.730] [VerifySignature] Signature length: 512
[2026-05-01 19:05:34.732] [ImportPublicKeyFromPem] DER SPKI length: 422 bytes
[2026-05-01 19:05:34.733] [ImportPublicKeyFromPem] Parsed outer SEQUENCE
[2026-05-01 19:05:34.734] [ImportPublicKeyFromPem] Skipped algorithm SEQUENCE
[2026-05-01 19:05:34.735] [ImportPublicKeyFromPem] Parsed BIT STRING
[2026-05-01 19:05:34.735] [ImportPublicKeyFromPem] Parsed RSAPublicKey SEQUENCE
[2026-05-01 19:05:34.736] [ImportPublicKeyFromPem] Parsed modulus: 384 bytes
[2026-05-01 19:05:34.737] [ImportPublicKeyFromPem] Parsed exponent: 3 bytes
[2026-05-01 19:05:34.738] [ImportPublicKeyFromPem] RSA key imported successfully
[2026-05-01 19:05:34.739] [VerifySignature] Result: True
[2026-05-01 19:05:34.741] [TryValidateLicenseAtPath] SUCCESS: License validated
[2026-05-01 19:05:34.742] ✓ VALIDATION PASSED at: C:\ProgramData\CopaFormGui\license.json
[2026-05-01 19:11:03.038] 
===== ValidateCurrentMachineLicense started =====
[2026-05-01 19:11:03.040] Current Machine ID: E7984430-9201-4AD2-88AD-354EC899002F
[2026-05-01 19:11:03.041] Checking path: C:\ProgramData\CopaFormGui\license.json - Exists: True
[2026-05-01 19:11:03.043] [TryValidateLicenseAtPath] Validating license at: C:\ProgramData\CopaFormGui\license.json
[2026-05-01 19:11:03.045] [TryValidateLicenseAtPath] Current machine ID: E7984430-9201-4AD2-88AD-354EC899002F
[2026-05-01 19:11:03.247] [TryValidateLicenseAtPath] Product in license: CopaFormGui
[2026-05-01 19:11:03.248] [TryValidateLicenseAtPath] Machine ID in license: E7984430-9201-4AD2-88AD-354EC899002F
[2026-05-01 19:11:03.248] [TryValidateLicenseAtPath] Expires: , Now: 2026-05-01T19:11:03.2484422Z
[2026-05-01 19:11:03.249] [TryValidateLicenseAtPath] IssuedUtc: 2026-04-02T20:52:39.2000440Z, MinIssuedUtc: 2026-04-02T19:57:00.0000000Z
[2026-05-01 19:11:03.249] [TryValidateLicenseAtPath] Calling VerifySignature...
[2026-05-01 19:11:03.255] [VerifySignature] Payload: CopaFormGui|test|E7984430-9201-4AD2-88AD-354EC899002F|2026-04-02T20:52:39.2000440Z|
[2026-05-01 19:11:03.255] [VerifySignature] Public key first 60 chars: -----BEGIN PUBLIC KEY-----
MIIBojANBgkqhkiG9w0BAQEFAAOCAY8A
[2026-05-01 19:11:03.256] [VerifySignature] Signature length: 512
[2026-05-01 19:11:03.257] [ImportPublicKeyFromPem] DER SPKI length: 422 bytes
[2026-05-01 19:11:03.258] [ImportPublicKeyFromPem] Parsed outer SEQUENCE
[2026-05-01 19:11:03.258] [ImportPublicKeyFromPem] Skipped algorithm SEQUENCE
[2026-05-01 19:11:03.259] [ImportPublicKeyFromPem] Parsed BIT STRING
[2026-05-01 19:11:03.259] [ImportPublicKeyFromPem] Parsed RSAPublicKey SEQUENCE
[2026-05-01 19:11:03.260] [ImportPublicKeyFromPem] Parsed modulus: 384 bytes
[2026-05-01 19:11:03.260] [ImportPublicKeyFromPem] Parsed exponent: 3 bytes
[2026-05-01 19:11:03.261] [ImportPublicKeyFromPem] RSA key imported successfully
[2026-05-01 19:11:03.261] [VerifySignature] Result: True
[2026-05-01 19:11:03.262] [TryValidateLicenseAtPath] SUCCESS: License validated
[2026-05-01 19:11:03.262] ✓ VALIDATION PASSED at: C:\ProgramData\CopaFormGui\license.json
[2026-05-01 19:12:16.571] 
===== ValidateCurrentMachineLicense started =====
[2026-05-01 19:12:16.573] Current Machine ID: E7984430-9201-4AD2-88AD-354EC899002F
[2026-05-01 19:12:16.574] Checking path: C:\ProgramData\CopaFormGui\license.json - Exists: True
[2026-05-01 19:12:16.575] [TryValidateLicenseAtPath] Validating license at: C:\ProgramData\CopaFormGui\license.json
[2026-05-01 19:12:16.576] [TryValidateLicenseAtPath] Current machine ID: E7984430-9201-4AD2-88AD-354EC899002F
[2026-05-01 19:12:16.793] [TryValidateLicenseAtPath] Product in license: CopaFormGui
[2026-05-01 19:12:16.793] [TryValidateLicenseAtPath] Machine ID in license: E7984430-9201-4AD2-88AD-354EC899002F
[2026-05-01 19:12:16.794] [TryValidateLicenseAtPath] Expires: , Now: 2026-05-01T19:12:16.7947764Z
[2026-05-01 19:12:16.795] [TryValidateLicenseAtPath] IssuedUtc: 2026-04-02T20:52:39.2000440Z, MinIssuedUtc: 2026-04-02T19:57:00.0000000Z
[2026-05-01 19:12:16.795] [TryValidateLicenseAtPath] Calling VerifySignature...
[2026-05-01 19:12:16.801] [VerifySignature] Payload: CopaFormGui|test|E7984430-9201-4AD2-88AD-354EC899002F|2026-04-02T20:52:39.2000440Z|
[2026-05-01 19:12:16.802] [VerifySignature] Public key first 60 chars: -----BEGIN PUBLIC KEY-----
MIIBojANBgkqhkiG9w0BAQEFAAOCAY8A
[2026-05-01 19:12:16.802] [VerifySignature] Signature length: 512
[2026-05-01 19:12:16.803] [ImportPublicKeyFromPem] DER SPKI length: 422 bytes
[2026-05-01 19:12:16.804] [ImportPublicKeyFromPem] Parsed outer SEQUENCE
[2026-05-01 19:12:16.805] [ImportPublicKeyFromPem] Skipped algorithm SEQUENCE
[2026-05-01 19:12:16.806] [ImportPublicKeyFromPem] Parsed BIT STRING
[2026-05-01 19:12:16.806] [ImportPublicKeyFromPem] Parsed RSAPublicKey SEQUENCE
[2026-05-01 19:12:16.807] [ImportPublicKeyFromPem] Parsed modulus: 384 bytes
[2026-05-01 19:12:16.807] [ImportPublicKeyFromPem] Parsed exponent: 3 bytes
[2026-05-01 19:12:16.808] [ImportPublicKeyFromPem] RSA key imported successfully
[2026-05-01 19:12:16.808] [VerifySignature] Result: True
[2026-05-01 19:12:16.809] [TryValidateLicenseAtPath] SUCCESS: License validated
[2026-05-01 19:12:16.810] ✓ VALIDATION PASSED at: C:\ProgramData\CopaFormGui\license.json
[2026-05-01 19:18:32.220] 
===== ValidateCurrentMachineLicense started =====
[2026-05-01 19:18:32.223] Current Machine ID: E7984430-9201-4AD2-88AD-354EC899002F
[2026-05-01 19:18:32.224] Checking path: C:\ProgramData\CopaFormGui\license.json - Exists: True
[2026-05-01 19:18:32.227] [TryValidateLicenseAtPath] Validating license at: C:\ProgramData\CopaFormGui\license.json
[2026-05-01 19:18:32.228] [TryValidateLicenseAtPath] Current machine ID: E7984430-9201-4AD2-88AD-354EC899002F
[2026-05-01 19:18:32.457] [TryValidateLicenseAtPath] Product in license: CopaFormGui
[2026-05-01 19:18:32.458] [TryValidateLicenseAtPath] Machine ID in license: E7984430-9201-4AD2-88AD-354EC899002F
[2026-05-01 19:18:32.459] [TryValidateLicenseAtPath] Expires: , Now: 2026-05-01T19:18:32.4592966Z
[2026-05-01 19:18:32.460] [TryValidateLicenseAtPath] IssuedUtc: 2026-04-02T20:52:39.2000440Z, MinIssuedUtc: 2026-04-02T19:57:00.0000000Z
[2026-05-01 19:18:32.461] [TryValidateLicenseAtPath] Calling VerifySignature...
[2026-05-01 19:18:32.466] [VerifySignature] Payload: CopaFormGui|test|E7984430-9201-4AD2-88AD-354EC899002F|2026-04-02T20:52:39.2000440Z|
[2026-05-01 19:18:32.466] [VerifySignature] Public key first 60 chars: -----BEGIN PUBLIC KEY-----
MIIBojANBgkqhkiG9w0BAQEFAAOCAY8A
[2026-05-01 19:18:32.467] [VerifySignature] Signature length: 512
[2026-05-01 19:18:32.469] [ImportPublicKeyFromPem] DER SPKI length: 422 bytes
[2026-05-01 19:18:32.470] [ImportPublicKeyFromPem] Parsed outer SEQUENCE
[2026-05-01 19:18:32.471] [ImportPublicKeyFromPem] Skipped algorithm SEQUENCE
[2026-05-01 19:18:32.471] [ImportPublicKeyFromPem] Parsed BIT STRING
[2026-05-01 19:18:32.472] [ImportPublicKeyFromPem] Parsed RSAPublicKey SEQUENCE
[2026-05-01 19:18:32.472] [ImportPublicKeyFromPem] Parsed modulus: 384 bytes
[2026-05-01 19:18:32.473] [ImportPublicKeyFromPem] Parsed exponent: 3 bytes
[2026-05-01 19:18:32.473] [ImportPublicKeyFromPem] RSA key imported successfully
[2026-05-01 19:18:32.474] [VerifySignature] Result: True
[2026-05-01 19:18:32.475] [TryValidateLicenseAtPath] SUCCESS: License validated
[2026-05-01 19:18:32.475] ✓ VALIDATION PASSED at: C:\ProgramData\CopaFormGui\license.json
[2026-05-01 19:20:59.152] 
===== ValidateCurrentMachineLicense started =====
[2026-05-01 19:20:59.155] Current Machine ID: E7984430-9201-4AD2-88AD-354EC899002F
[2026-05-01 19:20:59.156] Checking path: C:\ProgramData\CopaFormGui\license.json - Exists: True
[2026-05-01 19:20:59.160] [TryValidateLicenseAtPath] Validating license at: C:\ProgramData\CopaFormGui\license.json
[2026-05-01 19:20:59.161] [TryValidateLicenseAtPath] Current machine ID: E7984430-9201-4AD2-88AD-354EC899002F
[2026-05-01 19:20:59.485] [TryValidateLicenseAtPath] Product in license: CopaFormGui
[2026-05-01 19:20:59.486] [TryValidateLicenseAtPath] Machine ID in license: E7984430-9201-4AD2-88AD-354EC899002F
[2026-05-01 19:20:59.487] [TryValidateLicenseAtPath] Expires: , Now: 2026-05-01T19:20:59.4875775Z
[2026-05-01 19:20:59.488] [TryValidateLicenseAtPath] IssuedUtc: 2026-04-02T20:52:39.2000440Z, MinIssuedUtc: 2026-04-02T19:57:00.0000000Z
[2026-05-01 19:20:59.488] [TryValidateLicenseAtPath] Calling VerifySignature...
[2026-05-01 19:20:59.501] [VerifySignature] Payload: CopaFormGui|test|E7984430-9201-4AD2-88AD-354EC899002F|2026-04-02T20:52:39.2000440Z|
[2026-05-01 19:20:59.501] [VerifySignature] Public key first 60 chars: -----BEGIN PUBLIC KEY-----
MIIBojANBgkqhkiG9w0BAQEFAAOCAY8A
[2026-05-01 19:20:59.502] [VerifySignature] Signature length: 512
[2026-05-01 19:20:59.503] [ImportPublicKeyFromPem] DER SPKI length: 422 bytes
[2026-05-01 19:20:59.504] [ImportPublicKeyFromPem] Parsed outer SEQUENCE
[2026-05-01 19:20:59.505] [ImportPublicKeyFromPem] Skipped algorithm SEQUENCE
[2026-05-01 19:20:59.505] [ImportPublicKeyFromPem] Parsed BIT STRING
[2026-05-01 19:20:59.506] [ImportPublicKeyFromPem] Parsed RSAPublicKey SEQUENCE
[2026-05-01 19:20:59.507] [ImportPublicKeyFromPem] Parsed modulus: 384 bytes
[2026-05-01 19:20:59.507] [ImportPublicKeyFromPem] Parsed exponent: 3 bytes
[2026-05-01 19:20:59.508] [ImportPublicKeyFromPem] RSA key imported successfully
[2026-05-01 19:20:59.509] [VerifySignature] Result: True
[2026-05-01 19:20:59.509] [TryValidateLicenseAtPath] SUCCESS: License validated
[2026-05-01 19:20:59.510] ✓ VALIDATION PASSED at: C:\ProgramData\CopaFormGui\license.json
[2026-05-01 19:24:10.804] 
===== ValidateCurrentMachineLicense started =====
[2026-05-01 19:24:10.806] Current Machine ID: E7984430-9201-4AD2-88AD-354EC899002F
[2026-05-01 19:24:10.807] Checking path: C:\ProgramData\CopaFormGui\license.json - Exists: True
[2026-05-01 19:24:10.810] [TryValidateLicenseAtPath] Validating license at: C:\ProgramData\CopaFormGui\license.json
[2026-05-01 19:24:10.810] [TryValidateLicenseAtPath] Current machine ID: E7984430-9201-4AD2-88AD-354EC899002F
[2026-05-01 19:24:11.072] [TryValidateLicenseAtPath] Product in license: CopaFormGui
[2026-05-01 19:24:11.073] [TryValidateLicenseAtPath] Machine ID in license: E7984430-9201-4AD2-88AD-354EC899002F
[2026-05-01 19:24:11.075] [TryValidateLicenseAtPath] Expires: , Now: 2026-05-01T19:24:11.0755614Z
[2026-05-01 19:24:11.076] [TryValidateLicenseAtPath] IssuedUtc: 2026-04-02T20:52:39.2000440Z, MinIssuedUtc: 2026-04-02T19:57:00.0000000Z
[2026-05-01 19:24:11.077] [TryValidateLicenseAtPath] Calling VerifySignature...
[2026-05-01 19:24:11.083] [VerifySignature] Payload: CopaFormGui|test|E7984430-9201-4AD2-88AD-354EC899002F|2026-04-02T20:52:39.2000440Z|
[2026-05-01 19:24:11.084] [VerifySignature] Public key first 60 chars: -----BEGIN PUBLIC KEY-----
MIIBojANBgkqhkiG9w0BAQEFAAOCAY8A
[2026-05-01 19:24:11.085] [VerifySignature] Signature length: 512
[2026-05-01 19:24:11.086] [ImportPublicKeyFromPem] DER SPKI length: 422 bytes
[2026-05-01 19:24:11.087] [ImportPublicKeyFromPem] Parsed outer SEQUENCE
[2026-05-01 19:24:11.088] [ImportPublicKeyFromPem] Skipped algorithm SEQUENCE
[2026-05-01 19:24:11.088] [ImportPublicKeyFromPem] Parsed BIT STRING
[2026-05-01 19:24:11.089] [ImportPublicKeyFromPem] Parsed RSAPublicKey SEQUENCE
[2026-05-01 19:24:11.089] [ImportPublicKeyFromPem] Parsed modulus: 384 bytes
[2026-05-01 19:24:11.090] [ImportPublicKeyFromPem] Parsed exponent: 3 bytes
[2026-05-01 19:24:11.091] [ImportPublicKeyFromPem] RSA key imported successfully
[2026-05-01 19:24:11.092] [VerifySignature] Result: True
[2026-05-01 19:24:11.092] [TryValidateLicenseAtPath] SUCCESS: License validated
[2026-05-01 19:24:11.093] ✓ VALIDATION PASSED at: C:\ProgramData\CopaFormGui\license.json
[2026-05-01 19:39:13.267] 
===== ValidateCurrentMachineLicense started =====
[2026-05-01 19:39:13.270] Current Machine ID: E7984430-9201-4AD2-88AD-354EC899002F
[2026-05-01 19:39:13.271] Checking path: C:\ProgramData\CopaFormGui\license.json - Exists: True
[2026-05-01 19:39:13.274] [TryValidateLicenseAtPath] Validating license at: C:\ProgramData\CopaFormGui\license.json
[2026-05-01 19:39:13.276] [TryValidateLicenseAtPath] Current machine ID: E7984430-9201-4AD2-88AD-354EC899002F
[2026-05-01 19:39:13.673] [TryValidateLicenseAtPath] Product in license: CopaFormGui
[2026-05-01 19:39:13.674] [TryValidateLicenseAtPath] Machine ID in license: E7984430-9201-4AD2-88AD-354EC899002F
[2026-05-01 19:39:13.675] [TryValidateLicenseAtPath] Expires: , Now: 2026-05-01T19:39:13.6754992Z
[2026-05-01 19:39:13.675] [TryValidateLicenseAtPath] IssuedUtc: 2026-04-02T20:52:39.2000440Z, MinIssuedUtc: 2026-04-02T19:57:00.0000000Z
[2026-05-01 19:39:13.676] [TryValidateLicenseAtPath] Calling VerifySignature...
[2026-05-01 19:39:13.690] [VerifySignature] Payload: CopaFormGui|test|E7984430-9201-4AD2-88AD-354EC899002F|2026-04-02T20:52:39.2000440Z|
[2026-05-01 19:39:13.691] [VerifySignature] Public key first 60 chars: -----BEGIN PUBLIC KEY-----
MIIBojANBgkqhkiG9w0BAQEFAAOCAY8A
[2026-05-01 19:39:13.692] [VerifySignature] Signature length: 512
[2026-05-01 19:39:13.694] [ImportPublicKeyFromPem] DER SPKI length: 422 bytes
[2026-05-01 19:39:13.696] [ImportPublicKeyFromPem] Parsed outer SEQUENCE
[2026-05-01 19:39:13.697] [ImportPublicKeyFromPem] Skipped algorithm SEQUENCE
[2026-05-01 19:39:13.698] [ImportPublicKeyFromPem] Parsed BIT STRING
[2026-05-01 19:39:13.699] [ImportPublicKeyFromPem] Parsed RSAPublicKey SEQUENCE
[2026-05-01 19:39:13.700] [ImportPublicKeyFromPem] Parsed modulus: 384 bytes
[2026-05-01 19:39:13.701] [ImportPublicKeyFromPem] Parsed exponent: 3 bytes
[2026-05-01 19:39:13.702] [ImportPublicKeyFromPem] RSA key imported successfully
[2026-05-01 19:39:13.703] [VerifySignature] Result: True
[2026-05-01 19:39:13.704] [TryValidateLicenseAtPath] SUCCESS: License validated
[2026-05-01 19:39:13.705] ✓ VALIDATION PASSED at: C:\ProgramData\CopaFormGui\license.json
[2026-05-01 19:46:59.787] 
===== ValidateCurrentMachineLicense started =====
[2026-05-01 19:46:59.788] Current Machine ID: E7984430-9201-4AD2-88AD-354EC899002F
[2026-05-01 19:46:59.789] Checking path: C:\ProgramData\CopaFormGui\license.json - Exists: True
[2026-05-01 19:46:59.791] [TryValidateLicenseAtPath] Validating license at: C:\ProgramData\CopaFormGui\license.json
[2026-05-01 19:46:59.791] [TryValidateLicenseAtPath] Current machine ID: E7984430-9201-4AD2-88AD-354EC899002F
[2026-05-01 19:47:00.046] [TryValidateLicenseAtPath] Product in license: CopaFormGui
[2026-05-01 19:47:00.047] [TryValidateLicenseAtPath] Machine ID in license: E7984430-9201-4AD2-88AD-354EC899002F
[2026-05-01 19:47:00.048] [TryValidateLicenseAtPath] Expires: , Now: 2026-05-01T19:47:00.0482641Z
[2026-05-01 19:47:00.049] [TryValidateLicenseAtPath] IssuedUtc: 2026-04-02T20:52:39.2000440Z, MinIssuedUtc: 2026-04-02T19:57:00.0000000Z
[2026-05-01 19:47:00.049] [TryValidateLicenseAtPath] Calling VerifySignature...
[2026-05-01 19:47:00.054] [VerifySignature] Payload: CopaFormGui|test|E7984430-9201-4AD2-88AD-354EC899002F|2026-04-02T20:52:39.2000440Z|
[2026-05-01 19:47:00.054] [VerifySignature] Public key first 60 chars: -----BEGIN PUBLIC KEY-----
MIIBojANBgkqhkiG9w0BAQEFAAOCAY8A
[2026-05-01 19:47:00.055] [VerifySignature] Signature length: 512
[2026-05-01 19:47:00.056] [ImportPublicKeyFromPem] DER SPKI length: 422 bytes
[2026-05-01 19:47:00.056] [ImportPublicKeyFromPem] Parsed outer SEQUENCE
[2026-05-01 19:47:00.057] [ImportPublicKeyFromPem] Skipped algorithm SEQUENCE
[2026-05-01 19:47:00.057] [ImportPublicKeyFromPem] Parsed BIT STRING
[2026-05-01 19:47:00.058] [ImportPublicKeyFromPem] Parsed RSAPublicKey SEQUENCE
[2026-05-01 19:47:00.058] [ImportPublicKeyFromPem] Parsed modulus: 384 bytes
[2026-05-01 19:47:00.059] [ImportPublicKeyFromPem] Parsed exponent: 3 bytes
[2026-05-01 19:47:00.059] [ImportPublicKeyFromPem] RSA key imported successfully
[2026-05-01 19:47:00.060] [VerifySignature] Result: True
[2026-05-01 19:47:00.060] [TryValidateLicenseAtPath] SUCCESS: License validated
[2026-05-01 19:47:00.061] ✓ VALIDATION PASSED at: C:\ProgramData\CopaFormGui\license.json
[2026-05-03 11:08:41.917] 
===== ValidateCurrentMachineLicense started =====
[2026-05-03 11:08:41.920] Current Machine ID: E7984430-9201-4AD2-88AD-354EC899002F
[2026-05-03 11:08:41.922] Checking path: C:\ProgramData\CopaFormGui\license.json - Exists: True
[2026-05-03 11:08:41.929] [TryValidateLicenseAtPath] Validating license at: C:\ProgramData\CopaFormGui\license.json
[2026-05-03 11:08:41.931] [TryValidateLicenseAtPath] Current machine ID: E7984430-9201-4AD2-88AD-354EC899002F
[2026-05-03 11:08:42.562] [TryValidateLicenseAtPath] Product in license: CopaFormGui
[2026-05-03 11:08:42.565] [TryValidateLicenseAtPath] Machine ID in license: E7984430-9201-4AD2-88AD-354EC899002F
[2026-05-03 11:08:42.567] [TryValidateLicenseAtPath] Expires: , Now: 2026-05-03T11:08:42.5661062Z
[2026-05-03 11:08:42.568] [TryValidateLicenseAtPath] IssuedUtc: 2026-04-02T20:52:39.2000440Z, MinIssuedUtc: 2026-04-02T19:57:00.0000000Z
[2026-05-03 11:08:42.569] [TryValidateLicenseAtPath] Calling VerifySignature...
[2026-05-03 11:08:42.585] [VerifySignature] Payload: CopaFormGui|test|E7984430-9201-4AD2-88AD-354EC899002F|2026-04-02T20:52:39.2000440Z|
[2026-05-03 11:08:42.586] [VerifySignature] Public key first 60 chars: -----BEGIN PUBLIC KEY-----
MIIBojANBgkqhkiG9w0BAQEFAAOCAY8A
[2026-05-03 11:08:42.588] [VerifySignature] Signature length: 512
[2026-05-03 11:08:42.591] [ImportPublicKeyFromPem] DER SPKI length: 422 bytes
[2026-05-03 11:08:42.593] [ImportPublicKeyFromPem] Parsed outer SEQUENCE
[2026-05-03 11:08:42.597] [ImportPublicKeyFromPem] Skipped algorithm SEQUENCE
[2026-05-03 11:08:42.598] [ImportPublicKeyFromPem] Parsed BIT STRING
[2026-05-03 11:08:42.599] [ImportPublicKeyFromPem] Parsed RSAPublicKey SEQUENCE
[2026-05-03 11:08:42.601] [ImportPublicKeyFromPem] Parsed modulus: 384 bytes
[2026-05-03 11:08:42.602] [ImportPublicKeyFromPem] Parsed exponent: 3 bytes
[2026-05-03 11:08:42.603] [ImportPublicKeyFromPem] RSA key imported successfully
[2026-05-03 11:08:42.605] [VerifySignature] Result: True
[2026-05-03 11:08:42.606] [TryValidateLicenseAtPath] SUCCESS: License validated
[2026-05-03 11:08:42.606] ✓ VALIDATION PASSED at: C:\ProgramData\CopaFormGui\license.json
[2026-05-03 11:42:38.190] 
===== ValidateCurrentMachineLicense started =====
[2026-05-03 11:42:38.192] Current Machine ID: E7984430-9201-4AD2-88AD-354EC899002F
[2026-05-03 11:42:38.193] Checking path: C:\ProgramData\CopaFormGui\license.json - Exists: True
[2026-05-03 11:42:38.195] [TryValidateLicenseAtPath] Validating license at: C:\ProgramData\CopaFormGui\license.json
[2026-05-03 11:42:38.196] [TryValidateLicenseAtPath] Current machine ID: E7984430-9201-4AD2-88AD-354EC899002F
[2026-05-03 11:42:38.591] [TryValidateLicenseAtPath] Product in license: CopaFormGui
[2026-05-03 11:42:38.592] [TryValidateLicenseAtPath] Machine ID in license: E7984430-9201-4AD2-88AD-354EC899002F
[2026-05-03 11:42:38.595] [TryValidateLicenseAtPath] Expires: , Now: 2026-05-03T11:42:38.5939286Z
[2026-05-03 11:42:38.596] [TryValidateLicenseAtPath] IssuedUtc: 2026-04-02T20:52:39.2000440Z, MinIssuedUtc: 2026-04-02T19:57:00.0000000Z
[2026-05-03 11:42:38.597] [TryValidateLicenseAtPath] Calling VerifySignature...
[2026-05-03 11:42:38.611] [VerifySignature] Payload: CopaFormGui|test|E7984430-9201-4AD2-88AD-354EC899002F|2026-04-02T20:52:39.2000440Z|
[2026-05-03 11:42:38.612] [VerifySignature] Public key first 60 chars: -----BEGIN PUBLIC KEY-----
MIIBojANBgkqhkiG9w0BAQEFAAOCAY8A
[2026-05-03 11:42:38.613] [VerifySignature] Signature length: 512
[2026-05-03 11:42:38.616] [ImportPublicKeyFromPem] DER SPKI length: 422 bytes
[2026-05-03 11:42:38.618] [ImportPublicKeyFromPem] Parsed outer SEQUENCE
[2026-05-03 11:42:38.621] [ImportPublicKeyFromPem] Skipped algorithm SEQUENCE
[2026-05-03 11:42:38.623] [ImportPublicKeyFromPem] Parsed BIT STRING
[2026-05-03 11:42:38.623] [ImportPublicKeyFromPem] Parsed RSAPublicKey SEQUENCE
[2026-05-03 11:42:38.624] [ImportPublicKeyFromPem] Parsed modulus: 384 bytes
[2026-05-03 11:42:38.626] [ImportPublicKeyFromPem] Parsed exponent: 3 bytes
[2026-05-03 11:42:38.629] [ImportPublicKeyFromPem] RSA key imported successfully
[2026-05-03 11:42:38.631] [VerifySignature] Result: True
[2026-05-03 11:42:38.632] [TryValidateLicenseAtPath] SUCCESS: License validated
[2026-05-03 11:42:38.633] ✓ VALIDATION PASSED at: C:\ProgramData\CopaFormGui\license.json
[2026-05-03 11:49:37.520] 
===== ValidateCurrentMachineLicense started =====
[2026-05-03 11:49:37.522] Current Machine ID: E7984430-9201-4AD2-88AD-354EC899002F
[2026-05-03 11:49:37.522] Checking path: C:\ProgramData\CopaFormGui\license.json - Exists: True
[2026-05-03 11:49:37.525] [TryValidateLicenseAtPath] Validating license at: C:\ProgramData\CopaFormGui\license.json
[2026-05-03 11:49:37.526] [TryValidateLicenseAtPath] Current machine ID: E7984430-9201-4AD2-88AD-354EC899002F
[2026-05-03 11:49:37.752] [TryValidateLicenseAtPath] Product in license: CopaFormGui
[2026-05-03 11:49:37.753] [TryValidateLicenseAtPath] Machine ID in license: E7984430-9201-4AD2-88AD-354EC899002F
[2026-05-03 11:49:37.754] [TryValidateLicenseAtPath] Expires: , Now: 2026-05-03T11:49:37.7544165Z
[2026-05-03 11:49:37.754] [TryValidateLicenseAtPath] IssuedUtc: 2026-04-02T20:52:39.2000440Z, MinIssuedUtc: 2026-04-02T19:57:00.0000000Z
[2026-05-03 11:49:37.755] [TryValidateLicenseAtPath] Calling VerifySignature...
[2026-05-03 11:49:37.760] [VerifySignature] Payload: CopaFormGui|test|E7984430-9201-4AD2-88AD-354EC899002F|2026-04-02T20:52:39.2000440Z|
[2026-05-03 11:49:37.761] [VerifySignature] Public key first 60 chars: -----BEGIN PUBLIC KEY-----
MIIBojANBgkqhkiG9w0BAQEFAAOCAY8A
[2026-05-03 11:49:37.762] [VerifySignature] Signature length: 512
[2026-05-03 11:49:37.763] [ImportPublicKeyFromPem] DER SPKI length: 422 bytes
[2026-05-03 11:49:37.764] [ImportPublicKeyFromPem] Parsed outer SEQUENCE
[2026-05-03 11:49:37.765] [ImportPublicKeyFromPem] Skipped algorithm SEQUENCE
[2026-05-03 11:49:37.765] [ImportPublicKeyFromPem] Parsed BIT STRING
[2026-05-03 11:49:37.765] [ImportPublicKeyFromPem] Parsed RSAPublicKey SEQUENCE
[2026-05-03 11:49:37.766] [ImportPublicKeyFromPem] Parsed modulus: 384 bytes
[2026-05-03 11:49:37.767] [ImportPublicKeyFromPem] Parsed exponent: 3 bytes
[2026-05-03 11:49:37.767] [ImportPublicKeyFromPem] RSA key imported successfully
[2026-05-03 11:49:37.768] [VerifySignature] Result: True
[2026-05-03 11:49:37.768] [TryValidateLicenseAtPath] SUCCESS: License validated
[2026-05-03 11:49:37.769] ✓ VALIDATION PASSED at: C:\ProgramData\CopaFormGui\license.json
[2026-05-03 13:37:57.714] 
===== ValidateCurrentMachineLicense started =====
[2026-05-03 13:37:57.716] Current Machine ID: E7984430-9201-4AD2-88AD-354EC899002F
[2026-05-03 13:37:57.717] Checking path: C:\ProgramData\CopaFormGui\license.json - Exists: True
[2026-05-03 13:37:57.720] [TryValidateLicenseAtPath] Validating license at: C:\ProgramData\CopaFormGui\license.json
[2026-05-03 13:37:57.720] [TryValidateLicenseAtPath] Current machine ID: E7984430-9201-4AD2-88AD-354EC899002F
[2026-05-03 13:37:58.065] [TryValidateLicenseAtPath] Product in license: CopaFormGui
[2026-05-03 13:37:58.069] [TryValidateLicenseAtPath] Machine ID in license: AFF93CFE-7714-4085-BF47-2AA878253553
[2026-05-03 13:37:58.071] [TryValidateLicenseAtPath] ERROR: License is not valid for this system. Licensed Machine ID: AFF93CFE-7714-4085-BF47-2AA878253553; Current Machine ID: E7984430-9201-4AD2-88AD-354EC899002F
[2026-05-03 13:37:58.071] ✗ VALIDATION FAILED at: C:\ProgramData\CopaFormGui\license.json - License is not valid for this system. Licensed Machine ID: AFF93CFE-7714-4085-BF47-2AA878253553; Current Machine ID: E7984430-9201-4AD2-88AD-354EC899002F
[2026-05-03 13:37:58.072] Checking path: C:\Sanjeev Project\akshay project\PLC_Project\CopaFormGui\bin\Debug\net48\license.json - Exists: False
[2026-05-03 13:37:58.073] All licenses failed validation. Final error: No valid license found.

C:\ProgramData\CopaFormGui\license.json: License is not valid for this system. Licensed Machine ID: AFF93CFE-7714-4085-BF47-2AA878253553; Current Machine ID: E7984430-9201-4AD2-88AD-354EC899002F
[2026-05-03 13:39:44.143] 
===== ValidateCurrentMachineLicense started =====
[2026-05-03 13:39:44.144] Current Machine ID: E7984430-9201-4AD2-88AD-354EC899002F
[2026-05-03 13:39:44.145] Checking path: C:\ProgramData\CopaFormGui\license.json - Exists: True
[2026-05-03 13:39:44.147] [TryValidateLicenseAtPath] Validating license at: C:\ProgramData\CopaFormGui\license.json
[2026-05-03 13:39:44.148] [TryValidateLicenseAtPath] Current machine ID: E7984430-9201-4AD2-88AD-354EC899002F
[2026-05-03 13:39:44.409] [TryValidateLicenseAtPath] Product in license: CopaFormGui
[2026-05-03 13:39:44.410] [TryValidateLicenseAtPath] Machine ID in license: E7984430-9201-4AD2-88AD-354EC899002F
[2026-05-03 13:39:44.411] [TryValidateLicenseAtPath] Expires: , Now: 2026-05-03T13:39:44.4111064Z
[2026-05-03 13:39:44.411] [TryValidateLicenseAtPath] IssuedUtc: 2026-05-03T13:39:11.8297771Z, MinIssuedUtc: 2026-04-02T19:57:00.0000000Z
[2026-05-03 13:39:44.412] [TryValidateLicenseAtPath] Calling VerifySignature...
[2026-05-03 13:39:44.419] [VerifySignature] Payload: CopaFormGui|TEST|E7984430-9201-4AD2-88AD-354EC899002F|2026-05-03T13:39:11.8297771Z|
[2026-05-03 13:39:44.420] [VerifySignature] Public key first 60 chars: -----BEGIN PUBLIC KEY-----
MIIBojANBgkqhkiG9w0BAQEFAAOCAY8A
[2026-05-03 13:39:44.421] [VerifySignature] Signature length: 512
[2026-05-03 13:39:44.422] [ImportPublicKeyFromPem] DER SPKI length: 422 bytes
[2026-05-03 13:39:44.424] [ImportPublicKeyFromPem] Parsed outer SEQUENCE
[2026-05-03 13:39:44.424] [ImportPublicKeyFromPem] Skipped algorithm SEQUENCE
[2026-05-03 13:39:44.425] [ImportPublicKeyFromPem] Parsed BIT STRING
[2026-05-03 13:39:44.425] [ImportPublicKeyFromPem] Parsed RSAPublicKey SEQUENCE
[2026-05-03 13:39:44.426] [ImportPublicKeyFromPem] Parsed modulus: 384 bytes
[2026-05-03 13:39:44.427] [ImportPublicKeyFromPem] Parsed exponent: 3 bytes
[2026-05-03 13:39:44.427] [ImportPublicKeyFromPem] RSA key imported successfully
[2026-05-03 13:39:44.429] [VerifySignature] Result: True
[2026-05-03 13:39:44.430] [TryValidateLicenseAtPath] SUCCESS: License validated
[2026-05-03 13:39:44.430] ✓ VALIDATION PASSED at: C:\ProgramData\CopaFormGui\license.json
[2026-05-03 14:21:59.592] 
===== ValidateCurrentMachineLicense started =====
[2026-05-03 14:21:59.599] Current Machine ID: E7984430-9201-4AD2-88AD-354EC899002F
[2026-05-03 14:21:59.604] Checking path: C:\ProgramData\CopaFormGui\license.json - Exists: True
[2026-05-03 14:21:59.607] [TryValidateLicenseAtPath] Validating license at: C:\ProgramData\CopaFormGui\license.json
[2026-05-03 14:21:59.608] [TryValidateLicenseAtPath] Current machine ID: E7984430-9201-4AD2-88AD-354EC899002F
[2026-05-03 14:21:59.993] [TryValidateLicenseAtPath] Product in license: CopaFormGui
[2026-05-03 14:21:59.994] [TryValidateLicenseAtPath] Machine ID in license: E7984430-9201-4AD2-88AD-354EC899002F
[2026-05-03 14:21:59.994] [TryValidateLicenseAtPath] Expires: , Now: 2026-05-03T14:21:59.9946349Z
[2026-05-03 14:21:59.995] [TryValidateLicenseAtPath] IssuedUtc: 2026-05-03T13:39:11.8297771Z, MinIssuedUtc: 2026-04-02T19:57:00.0000000Z
[2026-05-03 14:21:59.996] [TryValidateLicenseAtPath] Calling VerifySignature...
[2026-05-03 14:22:00.005] [VerifySignature] Payload: CopaFormGui|TEST|E7984430-9201-4AD2-88AD-354EC899002F|2026-05-03T13:39:11.8297771Z|
[2026-05-03 14:22:00.006] [VerifySignature] Public key first 60 chars: -----BEGIN PUBLIC KEY-----
MIIBojANBgkqhkiG9w0BAQEFAAOCAY8A
[2026-05-03 14:22:00.007] [VerifySignature] Signature length: 512
[2026-05-03 14:22:00.009] [ImportPublicKeyFromPem] DER SPKI length: 422 bytes
[2026-05-03 14:22:00.011] [ImportPublicKeyFromPem] Parsed outer SEQUENCE
[2026-05-03 14:22:00.015] [ImportPublicKeyFromPem] Skipped algorithm SEQUENCE
[2026-05-03 14:22:00.018] [ImportPublicKeyFromPem] Parsed BIT STRING
[2026-05-03 14:22:00.019] [ImportPublicKeyFromPem] Parsed RSAPublicKey SEQUENCE
[2026-05-03 14:22:00.021] [ImportPublicKeyFromPem] Parsed modulus: 384 bytes
[2026-05-03 14:22:00.022] [ImportPublicKeyFromPem] Parsed exponent: 3 bytes
[2026-05-03 14:22:00.023] [ImportPublicKeyFromPem] RSA key imported successfully
[2026-05-03 14:22:00.024] [VerifySignature] Result: True
[2026-05-03 14:22:00.026] [TryValidateLicenseAtPath] SUCCESS: License validated
[2026-05-03 14:22:00.027] ✓ VALIDATION PASSED at: C:\ProgramData\CopaFormGui\license.json
[2026-05-03 14:22:40.372] 
===== ValidateCurrentMachineLicense started =====
[2026-05-03 14:22:40.375] Current Machine ID: E7984430-9201-4AD2-88AD-354EC899002F
[2026-05-03 14:22:40.376] Checking path: C:\ProgramData\CopaFormGui\license.json - Exists: True
[2026-05-03 14:22:40.379] [TryValidateLicenseAtPath] Validating license at: C:\ProgramData\CopaFormGui\license.json
[2026-05-03 14:22:40.382] [TryValidateLicenseAtPath] Current machine ID: E7984430-9201-4AD2-88AD-354EC899002F
[2026-05-03 14:22:40.814] [TryValidateLicenseAtPath] Product in license: CopaFormGui
[2026-05-03 14:22:40.817] [TryValidateLicenseAtPath] Machine ID in license: E7984430-9201-4AD2-88AD-354EC899002F
[2026-05-03 14:22:40.819] [TryValidateLicenseAtPath] Expires: , Now: 2026-05-03T14:22:40.8193062Z
[2026-05-03 14:22:40.821] [TryValidateLicenseAtPath] IssuedUtc: 2026-05-03T13:39:11.8297771Z, MinIssuedUtc: 2026-04-02T19:57:00.0000000Z
[2026-05-03 14:22:40.824] [TryValidateLicenseAtPath] Calling VerifySignature...
[2026-05-03 14:22:40.860] [VerifySignature] Payload: CopaFormGui|TEST|E7984430-9201-4AD2-88AD-354EC899002F|2026-05-03T13:39:11.8297771Z|
[2026-05-03 14:22:40.863] [VerifySignature] Public key first 60 chars: -----BEGIN PUBLIC KEY-----
MIIBojANBgkqhkiG9w0BAQEFAAOCAY8A
[2026-05-03 14:22:40.877] [VerifySignature] Signature length: 512
[2026-05-03 14:22:40.884] [ImportPublicKeyFromPem] DER SPKI length: 422 bytes
[2026-05-03 14:22:40.889] [ImportPublicKeyFromPem] Parsed outer SEQUENCE
[2026-05-03 14:22:40.890] [ImportPublicKeyFromPem] Skipped algorithm SEQUENCE
[2026-05-03 14:22:40.891] [ImportPublicKeyFromPem] Parsed BIT STRING
[2026-05-03 14:22:40.892] [ImportPublicKeyFromPem] Parsed RSAPublicKey SEQUENCE
[2026-05-03 14:22:40.893] [ImportPublicKeyFromPem] Parsed modulus: 384 bytes
[2026-05-03 14:22:40.894] [ImportPublicKeyFromPem] Parsed exponent: 3 bytes
[2026-05-03 14:22:40.895] [ImportPublicKeyFromPem] RSA key imported successfully
[2026-05-03 14:22:40.897] [VerifySignature] Result: True
[2026-05-03 14:22:40.898] [TryValidateLicenseAtPath] SUCCESS: License validated
[2026-05-03 14:22:40.899] ✓ VALIDATION PASSED at: C:\ProgramData\CopaFormGui\license.json
[2026-05-03 14:26:43.086] 
===== ValidateCurrentMachineLicense started =====
[2026-05-03 14:26:43.088] Current Machine ID: E7984430-9201-4AD2-88AD-354EC899002F
[2026-05-03 14:26:43.088] Checking path: C:\ProgramData\CopaFormGui\license.json - Exists: True
[2026-05-03 14:26:43.090] [TryValidateLicenseAtPath] Validating license at: C:\ProgramData\CopaFormGui\license.json
[2026-05-03 14:26:43.091] [TryValidateLicenseAtPath] Current machine ID: E7984430-9201-4AD2-88AD-354EC899002F
[2026-05-03 14:26:43.340] [TryValidateLicenseAtPath] Product in license: CopaFormGui
[2026-05-03 14:26:43.340] [TryValidateLicenseAtPath] Machine ID in license: E7984430-9201-4AD2-88AD-354EC899002F
[2026-05-03 14:26:43.341] [TryValidateLicenseAtPath] Expires: , Now: 2026-05-03T14:26:43.3415339Z
[2026-05-03 14:26:43.342] [TryValidateLicenseAtPath] IssuedUtc: 2026-05-03T13:39:11.8297771Z, MinIssuedUtc: 2026-04-02T19:57:00.0000000Z
[2026-05-03 14:26:43.343] [TryValidateLicenseAtPath] Calling VerifySignature...
[2026-05-03 14:26:43.350] [VerifySignature] Payload: CopaFormGui|TEST|E7984430-9201-4AD2-88AD-354EC899002F|2026-05-03T13:39:11.8297771Z|
[2026-05-03 14:26:43.351] [VerifySignature] Public key first 60 chars: -----BEGIN PUBLIC KEY-----
MIIBojANBgkqhkiG9w0BAQEFAAOCAY8A
[2026-05-03 14:26:43.351] [VerifySignature] Signature length: 512
[2026-05-03 14:26:43.354] [ImportPublicKeyFromPem] DER SPKI length: 422 bytes
[2026-05-03 14:26:43.354] [ImportPublicKeyFromPem] Parsed outer SEQUENCE
[2026-05-03 14:26:43.356] [ImportPublicKeyFromPem] Skipped algorithm SEQUENCE
[2026-05-03 14:26:43.357] [ImportPublicKeyFromPem] Parsed BIT STRING
[2026-05-03 14:26:43.358] [ImportPublicKeyFromPem] Parsed RSAPublicKey SEQUENCE
[2026-05-03 14:26:43.359] [ImportPublicKeyFromPem] Parsed modulus: 384 bytes
[2026-05-03 14:26:43.359] [ImportPublicKeyFromPem] Parsed exponent: 3 bytes
[2026-05-03 14:26:43.360] [ImportPublicKeyFromPem] RSA key imported successfully
[2026-05-03 14:26:43.360] [VerifySignature] Result: True
[2026-05-03 14:26:43.361] [TryValidateLicenseAtPath] SUCCESS: License validated
[2026-05-03 14:26:43.361] ✓ VALIDATION PASSED at: C:\ProgramData\CopaFormGui\license.json
[2026-05-03 14:30:46.889] 
===== ValidateCurrentMachineLicense started =====
[2026-05-03 14:30:46.894] Current Machine ID: E7984430-9201-4AD2-88AD-354EC899002F
[2026-05-03 14:30:46.894] Checking path: C:\ProgramData\CopaFormGui\license.json - Exists: True
[2026-05-03 14:30:46.903] [TryValidateLicenseAtPath] Validating license at: C:\ProgramData\CopaFormGui\license.json
[2026-05-03 14:30:46.906] [TryValidateLicenseAtPath] Current machine ID: E7984430-9201-4AD2-88AD-354EC899002F
[2026-05-03 14:30:47.501] [TryValidateLicenseAtPath] Product in license: CopaFormGui
[2026-05-03 14:30:47.504] [TryValidateLicenseAtPath] Machine ID in license: E7984430-9201-4AD2-88AD-354EC899002F
[2026-05-03 14:30:47.506] [TryValidateLicenseAtPath] Expires: , Now: 2026-05-03T14:30:47.5066753Z
[2026-05-03 14:30:47.511] [TryValidateLicenseAtPath] IssuedUtc: 2026-05-03T13:39:11.8297771Z, MinIssuedUtc: 2026-04-02T19:57:00.0000000Z
[2026-05-03 14:30:47.512] [TryValidateLicenseAtPath] Calling VerifySignature...
[2026-05-03 14:30:47.529] [VerifySignature] Payload: CopaFormGui|TEST|E7984430-9201-4AD2-88AD-354EC899002F|2026-05-03T13:39:11.8297771Z|
[2026-05-03 14:30:47.532] [VerifySignature] Public key first 60 chars: -----BEGIN PUBLIC KEY-----
MIIBojANBgkqhkiG9w0BAQEFAAOCAY8A
[2026-05-03 14:30:47.534] [VerifySignature] Signature length: 512
[2026-05-03 14:30:47.536] [ImportPublicKeyFromPem] DER SPKI length: 422 bytes
[2026-05-03 14:30:47.540] [ImportPublicKeyFromPem] Parsed outer SEQUENCE
[2026-05-03 14:30:47.542] [ImportPublicKeyFromPem] Skipped algorithm SEQUENCE
[2026-05-03 14:30:47.543] [ImportPublicKeyFromPem] Parsed BIT STRING
[2026-05-03 14:30:47.544] [ImportPublicKeyFromPem] Parsed RSAPublicKey SEQUENCE
[2026-05-03 14:30:47.548] [ImportPublicKeyFromPem] Parsed modulus: 384 bytes
[2026-05-03 14:30:47.549] [ImportPublicKeyFromPem] Parsed exponent: 3 bytes
[2026-05-03 14:30:47.551] [ImportPublicKeyFromPem] RSA key imported successfully
[2026-05-03 14:30:47.553] [VerifySignature] Result: True
[2026-05-03 14:30:47.554] [TryValidateLicenseAtPath] SUCCESS: License validated
[2026-05-03 14:30:47.554] ✓ VALIDATION PASSED at: C:\ProgramData\CopaFormGui\license.json
[2026-05-03 14:33:32.588] 
===== ValidateCurrentMachineLicense started =====
[2026-05-03 14:33:32.591] Current Machine ID: E7984430-9201-4AD2-88AD-354EC899002F
[2026-05-03 14:33:32.592] Checking path: C:\ProgramData\CopaFormGui\license.json - Exists: True
[2026-05-03 14:33:32.595] [TryValidateLicenseAtPath] Validating license at: C:\ProgramData\CopaFormGui\license.json
[2026-05-03 14:33:32.596] [TryValidateLicenseAtPath] Current machine ID: E7984430-9201-4AD2-88AD-354EC899002F
[2026-05-03 14:33:32.942] [TryValidateLicenseAtPath] Product in license: CopaFormGui
[2026-05-03 14:33:32.943] [TryValidateLicenseAtPath] Machine ID in license: E7984430-9201-4AD2-88AD-354EC899002F
[2026-05-03 14:33:32.944] [TryValidateLicenseAtPath] Expires: , Now: 2026-05-03T14:33:32.9441944Z
[2026-05-03 14:33:32.947] [TryValidateLicenseAtPath] IssuedUtc: 2026-05-03T13:39:11.8297771Z, MinIssuedUtc: 2026-04-02T19:57:00.0000000Z
[2026-05-03 14:33:32.948] [TryValidateLicenseAtPath] Calling VerifySignature...
[2026-05-03 14:33:32.957] [VerifySignature] Payload: CopaFormGui|TEST|E7984430-9201-4AD2-88AD-354EC899002F|2026-05-03T13:39:11.8297771Z|
[2026-05-03 14:33:32.958] [VerifySignature] Public key first 60 chars: -----BEGIN PUBLIC KEY-----
MIIBojANBgkqhkiG9w0BAQEFAAOCAY8A
[2026-05-03 14:33:32.958] [VerifySignature] Signature length: 512
[2026-05-03 14:33:32.959] [ImportPublicKeyFromPem] DER SPKI length: 422 bytes
[2026-05-03 14:33:32.962] [ImportPublicKeyFromPem] Parsed outer SEQUENCE
[2026-05-03 14:33:32.963] [ImportPublicKeyFromPem] Skipped algorithm SEQUENCE
[2026-05-03 14:33:32.964] [ImportPublicKeyFromPem] Parsed BIT STRING
[2026-05-03 14:33:32.964] [ImportPublicKeyFromPem] Parsed RSAPublicKey SEQUENCE
[2026-05-03 14:33:32.967] [ImportPublicKeyFromPem] Parsed modulus: 384 bytes
[2026-05-03 14:33:32.968] [ImportPublicKeyFromPem] Parsed exponent: 3 bytes
[2026-05-03 14:33:32.969] [ImportPublicKeyFromPem] RSA key imported successfully
[2026-05-03 14:33:32.970] [VerifySignature] Result: True
[2026-05-03 14:33:32.971] [TryValidateLicenseAtPath] SUCCESS: License validated
[2026-05-03 14:33:32.972] ✓ VALIDATION PASSED at: C:\ProgramData\CopaFormGui\license.json
[2026-05-03 14:35:26.834] 
===== ValidateCurrentMachineLicense started =====
[2026-05-03 14:35:26.837] Current Machine ID: E7984430-9201-4AD2-88AD-354EC899002F
[2026-05-03 14:35:26.838] Checking path: C:\ProgramData\CopaFormGui\license.json - Exists: True
[2026-05-03 14:35:26.841] [TryValidateLicenseAtPath] Validating license at: C:\ProgramData\CopaFormGui\license.json
[2026-05-03 14:35:26.842] [TryValidateLicenseAtPath] Current machine ID: E7984430-9201-4AD2-88AD-354EC899002F
[2026-05-03 14:35:27.135] [TryValidateLicenseAtPath] Product in license: CopaFormGui
[2026-05-03 14:35:27.136] [TryValidateLicenseAtPath] Machine ID in license: E7984430-9201-4AD2-88AD-354EC899002F
[2026-05-03 14:35:27.136] [TryValidateLicenseAtPath] Expires: , Now: 2026-05-03T14:35:27.1369573Z
[2026-05-03 14:35:27.137] [TryValidateLicenseAtPath] IssuedUtc: 2026-05-03T13:39:11.8297771Z, MinIssuedUtc: 2026-04-02T19:57:00.0000000Z
[2026-05-03 14:35:27.138] [TryValidateLicenseAtPath] Calling VerifySignature...
[2026-05-03 14:35:27.148] [VerifySignature] Payload: CopaFormGui|TEST|E7984430-9201-4AD2-88AD-354EC899002F|2026-05-03T13:39:11.8297771Z|
[2026-05-03 14:35:27.149] [VerifySignature] Public key first 60 chars: -----BEGIN PUBLIC KEY-----
MIIBojANBgkqhkiG9w0BAQEFAAOCAY8A
[2026-05-03 14:35:27.150] [VerifySignature] Signature length: 512
[2026-05-03 14:35:27.151] [ImportPublicKeyFromPem] DER SPKI length: 422 bytes
[2026-05-03 14:35:27.152] [ImportPublicKeyFromPem] Parsed outer SEQUENCE
[2026-05-03 14:35:27.154] [ImportPublicKeyFromPem] Skipped algorithm SEQUENCE
[2026-05-03 14:35:27.155] [ImportPublicKeyFromPem] Parsed BIT STRING
[2026-05-03 14:35:27.156] [ImportPublicKeyFromPem] Parsed RSAPublicKey SEQUENCE
[2026-05-03 14:35:27.156] [ImportPublicKeyFromPem] Parsed modulus: 384 bytes
[2026-05-03 14:35:27.157] [ImportPublicKeyFromPem] Parsed exponent: 3 bytes
[2026-05-03 14:35:27.158] [ImportPublicKeyFromPem] RSA key imported successfully
[2026-05-03 14:35:27.159] [VerifySignature] Result: True
[2026-05-03 14:35:27.160] [TryValidateLicenseAtPath] SUCCESS: License validated
[2026-05-03 14:35:27.160] ✓ VALIDATION PASSED at: C:\ProgramData\CopaFormGui\license.json
[2026-05-03 15:34:15.496] 
===== ValidateCurrentMachineLicense started =====
[2026-05-03 15:34:15.498] Current Machine ID: E7984430-9201-4AD2-88AD-354EC899002F
[2026-05-03 15:34:15.499] Checking path: C:\ProgramData\CopaFormGui\license.json - Exists: True
[2026-05-03 15:34:15.501] [TryValidateLicenseAtPath] Validating license at: C:\ProgramData\CopaFormGui\license.json
[2026-05-03 15:34:15.502] [TryValidateLicenseAtPath] Current machine ID: E7984430-9201-4AD2-88AD-354EC899002F
[2026-05-03 15:34:15.866] [TryValidateLicenseAtPath] Product in license: CopaFormGui
[2026-05-03 15:34:15.867] [TryValidateLicenseAtPath] Machine ID in license: E7984430-9201-4AD2-88AD-354EC899002F
[2026-05-03 15:34:15.868] [TryValidateLicenseAtPath] Expires: , Now: 2026-05-03T15:34:15.8685484Z
[2026-05-03 15:34:15.869] [TryValidateLicenseAtPath] IssuedUtc: 2026-05-03T13:39:11.8297771Z, MinIssuedUtc: 2026-04-02T19:57:00.0000000Z
[2026-05-03 15:34:15.870] [TryValidateLicenseAtPath] Calling VerifySignature...
[2026-05-03 15:34:15.884] [VerifySignature] Payload: CopaFormGui|TEST|E7984430-9201-4AD2-88AD-354EC899002F|2026-05-03T13:39:11.8297771Z|
[2026-05-03 15:34:15.885] [VerifySignature] Public key first 60 chars: -----BEGIN PUBLIC KEY-----
MIIBojANBgkqhkiG9w0BAQEFAAOCAY8A
[2026-05-03 15:34:15.887] [VerifySignature] Signature length: 512
[2026-05-03 15:34:15.889] [ImportPublicKeyFromPem] DER SPKI length: 422 bytes
[2026-05-03 15:34:15.892] [ImportPublicKeyFromPem] Parsed outer SEQUENCE
[2026-05-03 15:34:15.894] [ImportPublicKeyFromPem] Skipped algorithm SEQUENCE
[2026-05-03 15:34:15.895] [ImportPublicKeyFromPem] Parsed BIT STRING
[2026-05-03 15:34:15.896] [ImportPublicKeyFromPem] Parsed RSAPublicKey SEQUENCE
[2026-05-03 15:34:15.897] [ImportPublicKeyFromPem] Parsed modulus: 384 bytes
[2026-05-03 15:34:15.898] [ImportPublicKeyFromPem] Parsed exponent: 3 bytes
[2026-05-03 15:34:15.899] [ImportPublicKeyFromPem] RSA key imported successfully
[2026-05-03 15:34:15.900] [VerifySignature] Result: True
[2026-05-03 15:34:15.901] [TryValidateLicenseAtPath] SUCCESS: License validated
[2026-05-03 15:34:15.902] ✓ VALIDATION PASSED at: C:\ProgramData\CopaFormGui\license.json
[2026-05-03 15:45:49.876] 
===== ValidateCurrentMachineLicense started =====
[2026-05-03 15:45:49.879] Current Machine ID: E7984430-9201-4AD2-88AD-354EC899002F
[2026-05-03 15:45:49.880] Checking path: C:\ProgramData\CopaFormGui\license.json - Exists: True
[2026-05-03 15:45:49.883] [TryValidateLicenseAtPath] Validating license at: C:\ProgramData\CopaFormGui\license.json
[2026-05-03 15:45:49.884] [TryValidateLicenseAtPath] Current machine ID: E7984430-9201-4AD2-88AD-354EC899002F
[2026-05-03 15:45:50.208] [TryValidateLicenseAtPath] Product in license: CopaFormGui
[2026-05-03 15:45:50.208] [TryValidateLicenseAtPath] Machine ID in license: E7984430-9201-4AD2-88AD-354EC899002F
[2026-05-03 15:45:50.209] [TryValidateLicenseAtPath] Expires: , Now: 2026-05-03T15:45:50.2090915Z
[2026-05-03 15:45:50.210] [TryValidateLicenseAtPath] IssuedUtc: 2026-05-03T13:39:11.8297771Z, MinIssuedUtc: 2026-04-02T19:57:00.0000000Z
[2026-05-03 15:45:50.211] [TryValidateLicenseAtPath] Calling VerifySignature...
[2026-05-03 15:45:50.217] [VerifySignature] Payload: CopaFormGui|TEST|E7984430-9201-4AD2-88AD-354EC899002F|2026-05-03T13:39:11.8297771Z|
[2026-05-03 15:45:50.219] [VerifySignature] Public key first 60 chars: -----BEGIN PUBLIC KEY-----
MIIBojANBgkqhkiG9w0BAQEFAAOCAY8A
[2026-05-03 15:45:50.219] [VerifySignature] Signature length: 512
[2026-05-03 15:45:50.222] [ImportPublicKeyFromPem] DER SPKI length: 422 bytes
[2026-05-03 15:45:50.225] [ImportPublicKeyFromPem] Parsed outer SEQUENCE
[2026-05-03 15:45:50.226] [ImportPublicKeyFromPem] Skipped algorithm SEQUENCE
[2026-05-03 15:45:50.226] [ImportPublicKeyFromPem] Parsed BIT STRING
[2026-05-03 15:45:50.227] [ImportPublicKeyFromPem] Parsed RSAPublicKey SEQUENCE
[2026-05-03 15:45:50.228] [ImportPublicKeyFromPem] Parsed modulus: 384 bytes
[2026-05-03 15:45:50.229] [ImportPublicKeyFromPem] Parsed exponent: 3 bytes
[2026-05-03 15:45:50.229] [ImportPublicKeyFromPem] RSA key imported successfully
[2026-05-03 15:45:50.230] [VerifySignature] Result: True
[2026-05-03 15:45:50.231] [TryValidateLicenseAtPath] SUCCESS: License validated
[2026-05-03 15:45:50.231] ✓ VALIDATION PASSED at: C:\ProgramData\CopaFormGui\license.json
[2026-05-03 15:49:16.113] 
===== ValidateCurrentMachineLicense started =====
[2026-05-03 15:49:16.114] Current Machine ID: E7984430-9201-4AD2-88AD-354EC899002F
[2026-05-03 15:49:16.116] Checking path: C:\ProgramData\CopaFormGui\license.json - Exists: True
[2026-05-03 15:49:16.119] [TryValidateLicenseAtPath] Validating license at: C:\ProgramData\CopaFormGui\license.json
[2026-05-03 15:49:16.120] [TryValidateLicenseAtPath] Current machine ID: E7984430-9201-4AD2-88AD-354EC899002F
[2026-05-03 15:49:16.363] [TryValidateLicenseAtPath] Product in license: CopaFormGui
[2026-05-03 15:49:16.364] [TryValidateLicenseAtPath] Machine ID in license: E7984430-9201-4AD2-88AD-354EC899002F
[2026-05-03 15:49:16.365] [TryValidateLicenseAtPath] Expires: , Now: 2026-05-03T15:49:16.3643702Z
[2026-05-03 15:49:16.365] [TryValidateLicenseAtPath] IssuedUtc: 2026-05-03T13:39:11.8297771Z, MinIssuedUtc: 2026-04-02T19:57:00.0000000Z
[2026-05-03 15:49:16.366] [TryValidateLicenseAtPath] Calling VerifySignature...
[2026-05-03 15:49:16.372] [VerifySignature] Payload: CopaFormGui|TEST|E7984430-9201-4AD2-88AD-354EC899002F|2026-05-03T13:39:11.8297771Z|
[2026-05-03 15:49:16.373] [VerifySignature] Public key first 60 chars: -----BEGIN PUBLIC KEY-----
MIIBojANBgkqhkiG9w0BAQEFAAOCAY8A
[2026-05-03 15:49:16.374] [VerifySignature] Signature length: 512
[2026-05-03 15:49:16.375] [ImportPublicKeyFromPem] DER SPKI length: 422 bytes
[2026-05-03 15:49:16.376] [ImportPublicKeyFromPem] Parsed outer SEQUENCE
[2026-05-03 15:49:16.376] [ImportPublicKeyFromPem] Skipped algorithm SEQUENCE
[2026-05-03 15:49:16.377] [ImportPublicKeyFromPem] Parsed BIT STRING
[2026-05-03 15:49:16.377] [ImportPublicKeyFromPem] Parsed RSAPublicKey SEQUENCE
[2026-05-03 15:49:16.378] [ImportPublicKeyFromPem] Parsed modulus: 384 bytes
[2026-05-03 15:49:16.378] [ImportPublicKeyFromPem] Parsed exponent: 3 bytes
[2026-05-03 15:49:16.379] [ImportPublicKeyFromPem] RSA key imported successfully
[2026-05-03 15:49:16.380] [VerifySignature] Result: True
[2026-05-03 15:49:16.380] [TryValidateLicenseAtPath] SUCCESS: License validated
[2026-05-03 15:49:16.381] ✓ VALIDATION PASSED at: C:\ProgramData\CopaFormGui\license.json
[2026-05-03 15:55:45.761] 
===== ValidateCurrentMachineLicense started =====
[2026-05-03 15:55:45.764] Current Machine ID: E7984430-9201-4AD2-88AD-354EC899002F
[2026-05-03 15:55:45.765] Checking path: C:\ProgramData\CopaFormGui\license.json - Exists: True
[2026-05-03 15:55:45.767] [TryValidateLicenseAtPath] Validating license at: C:\ProgramData\CopaFormGui\license.json
[2026-05-03 15:55:45.768] [TryValidateLicenseAtPath] Current machine ID: E7984430-9201-4AD2-88AD-354EC899002F
[2026-05-03 15:55:46.024] [TryValidateLicenseAtPath] Product in license: CopaFormGui
[2026-05-03 15:55:46.025] [TryValidateLicenseAtPath] Machine ID in license: E7984430-9201-4AD2-88AD-354EC899002F
[2026-05-03 15:55:46.025] [TryValidateLicenseAtPath] Expires: , Now: 2026-05-03T15:55:46.0251543Z
[2026-05-03 15:55:46.026] [TryValidateLicenseAtPath] IssuedUtc: 2026-05-03T13:39:11.8297771Z, MinIssuedUtc: 2026-04-02T19:57:00.0000000Z
[2026-05-03 15:55:46.026] [TryValidateLicenseAtPath] Calling VerifySignature...
[2026-05-03 15:55:46.033] [VerifySignature] Payload: CopaFormGui|TEST|E7984430-9201-4AD2-88AD-354EC899002F|2026-05-03T13:39:11.8297771Z|
[2026-05-03 15:55:46.034] [VerifySignature] Public key first 60 chars: -----BEGIN PUBLIC KEY-----
MIIBojANBgkqhkiG9w0BAQEFAAOCAY8A
[2026-05-03 15:55:46.034] [VerifySignature] Signature length: 512
[2026-05-03 15:55:46.035] [ImportPublicKeyFromPem] DER SPKI length: 422 bytes
[2026-05-03 15:55:46.036] [ImportPublicKeyFromPem] Parsed outer SEQUENCE
[2026-05-03 15:55:46.038] [ImportPublicKeyFromPem] Skipped algorithm SEQUENCE
[2026-05-03 15:55:46.038] [ImportPublicKeyFromPem] Parsed BIT STRING
[2026-05-03 15:55:46.038] [ImportPublicKeyFromPem] Parsed RSAPublicKey SEQUENCE
[2026-05-03 15:55:46.039] [ImportPublicKeyFromPem] Parsed modulus: 384 bytes
[2026-05-03 15:55:46.040] [ImportPublicKeyFromPem] Parsed exponent: 3 bytes
[2026-05-03 15:55:46.040] [ImportPublicKeyFromPem] RSA key imported successfully
[2026-05-03 15:55:46.041] [VerifySignature] Result: True
[2026-05-03 15:55:46.042] [TryValidateLicenseAtPath] SUCCESS: License validated
[2026-05-03 15:55:46.042] ✓ VALIDATION PASSED at: C:\ProgramData\CopaFormGui\license.json
[2026-05-06 17:45:25.510] 
===== ValidateCurrentMachineLicense started =====
[2026-05-06 17:45:25.515] Current Machine ID: E7984430-9201-4AD2-88AD-354EC899002F
[2026-05-06 17:45:25.517] Checking path: C:\ProgramData\CopaFormGui\license.json - Exists: True
[2026-05-06 17:45:25.525] [TryValidateLicenseAtPath] Validating license at: C:\ProgramData\CopaFormGui\license.json
[2026-05-06 17:45:25.528] [TryValidateLicenseAtPath] Current machine ID: E7984430-9201-4AD2-88AD-354EC899002F
[2026-05-06 17:45:26.328] [TryValidateLicenseAtPath] Product in license: CopaFormGui
[2026-05-06 17:45:26.331] [TryValidateLicenseAtPath] Machine ID in license: E7984430-9201-4AD2-88AD-354EC899002F
[2026-05-06 17:45:26.340] [TryValidateLicenseAtPath] Expires: , Now: 2026-05-06T17:45:26.3406112Z
[2026-05-06 17:45:26.344] [TryValidateLicenseAtPath] IssuedUtc: 2026-05-03T13:39:11.8297771Z, MinIssuedUtc: 2026-04-02T19:57:00.0000000Z
[2026-05-06 17:45:26.347] [TryValidateLicenseAtPath] Calling VerifySignature...
[2026-05-06 17:45:26.369] [VerifySignature] Payload: CopaFormGui|TEST|E7984430-9201-4AD2-88AD-354EC899002F|2026-05-03T13:39:11.8297771Z|
[2026-05-06 17:45:26.373] [VerifySignature] Public key first 60 chars: -----BEGIN PUBLIC KEY-----
MIIBojANBgkqhkiG9w0BAQEFAAOCAY8A
[2026-05-06 17:45:26.376] [VerifySignature] Signature length: 512
[2026-05-06 17:45:26.381] [ImportPublicKeyFromPem] DER SPKI length: 422 bytes
[2026-05-06 17:45:26.383] [ImportPublicKeyFromPem] Parsed outer SEQUENCE
[2026-05-06 17:45:26.388] [ImportPublicKeyFromPem] Skipped algorithm SEQUENCE
[2026-05-06 17:45:26.389] [ImportPublicKeyFromPem] Parsed BIT STRING
[2026-05-06 17:45:26.390] [ImportPublicKeyFromPem] Parsed RSAPublicKey SEQUENCE
[2026-05-06 17:45:26.391] [ImportPublicKeyFromPem] Parsed modulus: 384 bytes
[2026-05-06 17:45:26.393] [ImportPublicKeyFromPem] Parsed exponent: 3 bytes
[2026-05-06 17:45:26.394] [ImportPublicKeyFromPem] RSA key imported successfully
[2026-05-06 17:45:26.397] [VerifySignature] Result: True
[2026-05-06 17:45:26.399] [TryValidateLicenseAtPath] SUCCESS: License validated
[2026-05-06 17:45:26.401] ✓ VALIDATION PASSED at: C:\ProgramData\CopaFormGui\license.json
[2026-05-06 17:58:57.357] 
===== ValidateCurrentMachineLicense started =====
[2026-05-06 17:58:57.360] Current Machine ID: E7984430-9201-4AD2-88AD-354EC899002F
[2026-05-06 17:58:57.361] Checking path: C:\ProgramData\CopaFormGui\license.json - Exists: True
[2026-05-06 17:58:57.362] [TryValidateLicenseAtPath] Validating license at: C:\ProgramData\CopaFormGui\license.json
[2026-05-06 17:58:57.363] [TryValidateLicenseAtPath] Current machine ID: E7984430-9201-4AD2-88AD-354EC899002F
[2026-05-06 17:58:57.682] [TryValidateLicenseAtPath] Product in license: CopaFormGui
[2026-05-06 17:58:57.684] [TryValidateLicenseAtPath] Machine ID in license: E7984430-9201-4AD2-88AD-354EC899002F
[2026-05-06 17:58:57.685] [TryValidateLicenseAtPath] Expires: , Now: 2026-05-06T17:58:57.6853241Z
[2026-05-06 17:58:57.686] [TryValidateLicenseAtPath] IssuedUtc: 2026-05-03T13:39:11.8297771Z, MinIssuedUtc: 2026-04-02T19:57:00.0000000Z
[2026-05-06 17:58:57.688] [TryValidateLicenseAtPath] Calling VerifySignature...
[2026-05-06 17:58:57.694] [VerifySignature] Payload: CopaFormGui|TEST|E7984430-9201-4AD2-88AD-354EC899002F|2026-05-03T13:39:11.8297771Z|
[2026-05-06 17:58:57.695] [VerifySignature] Public key first 60 chars: -----BEGIN PUBLIC KEY-----
MIIBojANBgkqhkiG9w0BAQEFAAOCAY8A
[2026-05-06 17:58:57.695] [VerifySignature] Signature length: 512
[2026-05-06 17:58:57.697] [ImportPublicKeyFromPem] DER SPKI length: 422 bytes
[2026-05-06 17:58:57.697] [ImportPublicKeyFromPem] Parsed outer SEQUENCE
[2026-05-06 17:58:57.698] [ImportPublicKeyFromPem] Skipped algorithm SEQUENCE
[2026-05-06 17:58:57.699] [ImportPublicKeyFromPem] Parsed BIT STRING
[2026-05-06 17:58:57.700] [ImportPublicKeyFromPem] Parsed RSAPublicKey SEQUENCE
[2026-05-06 17:58:57.701] [ImportPublicKeyFromPem] Parsed modulus: 384 bytes
[2026-05-06 17:58:57.702] [ImportPublicKeyFromPem] Parsed exponent: 3 bytes
[2026-05-06 17:58:57.704] [ImportPublicKeyFromPem] RSA key imported successfully
[2026-05-06 17:58:57.705] [VerifySignature] Result: True
[2026-05-06 17:58:57.706] [TryValidateLicenseAtPath] SUCCESS: License validated
[2026-05-06 17:58:57.707] ✓ VALIDATION PASSED at: C:\ProgramData\CopaFormGui\license.json
[2026-05-06 18:04:06.775] 
===== ValidateCurrentMachineLicense started =====
[2026-05-06 18:04:06.777] Current Machine ID: E7984430-9201-4AD2-88AD-354EC899002F
[2026-05-06 18:04:06.778] Checking path: C:\ProgramData\CopaFormGui\license.json - Exists: True
[2026-05-06 18:04:06.782] [TryValidateLicenseAtPath] Validating license at: C:\ProgramData\CopaFormGui\license.json
[2026-05-06 18:04:06.785] [TryValidateLicenseAtPath] Current machine ID: E7984430-9201-4AD2-88AD-354EC899002F
[2026-05-06 18:04:07.177] [TryValidateLicenseAtPath] Product in license: CopaFormGui
[2026-05-06 18:04:07.177] [TryValidateLicenseAtPath] Machine ID in license: E7984430-9201-4AD2-88AD-354EC899002F
[2026-05-06 18:04:07.179] [TryValidateLicenseAtPath] Expires: , Now: 2026-05-06T18:04:07.1791891Z
[2026-05-06 18:04:07.180] [TryValidateLicenseAtPath] IssuedUtc: 2026-05-03T13:39:11.8297771Z, MinIssuedUtc: 2026-04-02T19:57:00.0000000Z
[2026-05-06 18:04:07.181] [TryValidateLicenseAtPath] Calling VerifySignature...
[2026-05-06 18:04:07.190] [VerifySignature] Payload: CopaFormGui|TEST|E7984430-9201-4AD2-88AD-354EC899002F|2026-05-03T13:39:11.8297771Z|
[2026-05-06 18:04:07.191] [VerifySignature] Public key first 60 chars: -----BEGIN PUBLIC KEY-----
MIIBojANBgkqhkiG9w0BAQEFAAOCAY8A
[2026-05-06 18:04:07.192] [VerifySignature] Signature length: 512
[2026-05-06 18:04:07.194] [ImportPublicKeyFromPem] DER SPKI length: 422 bytes
[2026-05-06 18:04:07.195] [ImportPublicKeyFromPem] Parsed outer SEQUENCE
[2026-05-06 18:04:07.196] [ImportPublicKeyFromPem] Skipped algorithm SEQUENCE
[2026-05-06 18:04:07.197] [ImportPublicKeyFromPem] Parsed BIT STRING
[2026-05-06 18:04:07.197] [ImportPublicKeyFromPem] Parsed RSAPublicKey SEQUENCE
[2026-05-06 18:04:07.199] [ImportPublicKeyFromPem] Parsed modulus: 384 bytes
[2026-05-06 18:04:07.201] [ImportPublicKeyFromPem] Parsed exponent: 3 bytes
[2026-05-06 18:04:07.202] [ImportPublicKeyFromPem] RSA key imported successfully
[2026-05-06 18:04:07.204] [VerifySignature] Result: True
[2026-05-06 18:04:07.205] [TryValidateLicenseAtPath] SUCCESS: License validated
[2026-05-06 18:04:07.206] ✓ VALIDATION PASSED at: C:\ProgramData\CopaFormGui\license.json
[2026-05-06 18:09:07.615] 
===== ValidateCurrentMachineLicense started =====
[2026-05-06 18:09:07.617] Current Machine ID: E7984430-9201-4AD2-88AD-354EC899002F
[2026-05-06 18:09:07.619] Checking path: C:\ProgramData\CopaFormGui\license.json - Exists: True
[2026-05-06 18:09:07.622] [TryValidateLicenseAtPath] Validating license at: C:\ProgramData\CopaFormGui\license.json
[2026-05-06 18:09:07.624] [TryValidateLicenseAtPath] Current machine ID: E7984430-9201-4AD2-88AD-354EC899002F
[2026-05-06 18:09:07.966] [TryValidateLicenseAtPath] Product in license: CopaFormGui
[2026-05-06 18:09:07.968] [TryValidateLicenseAtPath] Machine ID in license: E7984430-9201-4AD2-88AD-354EC899002F
[2026-05-06 18:09:07.969] [TryValidateLicenseAtPath] Expires: , Now: 2026-05-06T18:09:07.9692888Z
[2026-05-06 18:09:07.971] [TryValidateLicenseAtPath] IssuedUtc: 2026-05-03T13:39:11.8297771Z, MinIssuedUtc: 2026-04-02T19:57:00.0000000Z
[2026-05-06 18:09:07.971] [TryValidateLicenseAtPath] Calling VerifySignature...
[2026-05-06 18:09:07.979] [VerifySignature] Payload: CopaFormGui|TEST|E7984430-9201-4AD2-88AD-354EC899002F|2026-05-03T13:39:11.8297771Z|
[2026-05-06 18:09:07.980] [VerifySignature] Public key first 60 chars: -----BEGIN PUBLIC KEY-----
MIIBojANBgkqhkiG9w0BAQEFAAOCAY8A
[2026-05-06 18:09:07.981] [VerifySignature] Signature length: 512
[2026-05-06 18:09:07.984] [ImportPublicKeyFromPem] DER SPKI length: 422 bytes
[2026-05-06 18:09:07.985] [ImportPublicKeyFromPem] Parsed outer SEQUENCE
[2026-05-06 18:09:07.987] [ImportPublicKeyFromPem] Skipped algorithm SEQUENCE
[2026-05-06 18:09:07.988] [ImportPublicKeyFromPem] Parsed BIT STRING
[2026-05-06 18:09:07.988] [ImportPublicKeyFromPem] Parsed RSAPublicKey SEQUENCE
[2026-05-06 18:09:07.990] [ImportPublicKeyFromPem] Parsed modulus: 384 bytes
[2026-05-06 18:09:07.990] [ImportPublicKeyFromPem] Parsed exponent: 3 bytes
[2026-05-06 18:09:07.991] [ImportPublicKeyFromPem] RSA key imported successfully
[2026-05-06 18:09:07.992] [VerifySignature] Result: True
[2026-05-06 18:09:07.992] [TryValidateLicenseAtPath] SUCCESS: License validated
[2026-05-06 18:09:07.993] ✓ VALIDATION PASSED at: C:\ProgramData\CopaFormGui\license.json
[2026-05-06 18:37:41.234] 
===== ValidateCurrentMachineLicense started =====
[2026-05-06 18:37:41.236] Current Machine ID: E7984430-9201-4AD2-88AD-354EC899002F
[2026-05-06 18:37:41.238] Checking path: C:\ProgramData\CopaFormGui\license.json - Exists: True
[2026-05-06 18:37:41.241] [TryValidateLicenseAtPath] Validating license at: C:\ProgramData\CopaFormGui\license.json
[2026-05-06 18:37:41.242] [TryValidateLicenseAtPath] Current machine ID: E7984430-9201-4AD2-88AD-354EC899002F
[2026-05-06 18:37:41.626] [TryValidateLicenseAtPath] Product in license: CopaFormGui
[2026-05-06 18:37:41.628] [TryValidateLicenseAtPath] Machine ID in license: E7984430-9201-4AD2-88AD-354EC899002F
[2026-05-06 18:37:41.630] [TryValidateLicenseAtPath] Expires: , Now: 2026-05-06T18:37:41.6301123Z
[2026-05-06 18:37:41.631] [TryValidateLicenseAtPath] IssuedUtc: 2026-05-03T13:39:11.8297771Z, MinIssuedUtc: 2026-04-02T19:57:00.0000000Z
[2026-05-06 18:37:41.632] [TryValidateLicenseAtPath] Calling VerifySignature...
[2026-05-06 18:37:41.641] [VerifySignature] Payload: CopaFormGui|TEST|E7984430-9201-4AD2-88AD-354EC899002F|2026-05-03T13:39:11.8297771Z|
[2026-05-06 18:37:41.646] [VerifySignature] Public key first 60 chars: -----BEGIN PUBLIC KEY-----
MIIBojANBgkqhkiG9w0BAQEFAAOCAY8A
[2026-05-06 18:37:41.648] [VerifySignature] Signature length: 512
[2026-05-06 18:37:41.649] [ImportPublicKeyFromPem] DER SPKI length: 422 bytes
[2026-05-06 18:37:41.651] [ImportPublicKeyFromPem] Parsed outer SEQUENCE
[2026-05-06 18:37:41.653] [ImportPublicKeyFromPem] Skipped algorithm SEQUENCE
[2026-05-06 18:37:41.653] [ImportPublicKeyFromPem] Parsed BIT STRING
[2026-05-06 18:37:41.654] [ImportPublicKeyFromPem] Parsed RSAPublicKey SEQUENCE
[2026-05-06 18:37:41.655] [ImportPublicKeyFromPem] Parsed modulus: 384 bytes
[2026-05-06 18:37:41.656] [ImportPublicKeyFromPem] Parsed exponent: 3 bytes
[2026-05-06 18:37:41.657] [ImportPublicKeyFromPem] RSA key imported successfully
[2026-05-06 18:37:41.658] [VerifySignature] Result: True
[2026-05-06 18:37:41.658] [TryValidateLicenseAtPath] SUCCESS: License validated
[2026-05-06 18:37:41.659] ✓ VALIDATION PASSED at: C:\ProgramData\CopaFormGui\license.json
[2026-05-06 18:58:27.725] 
===== ValidateCurrentMachineLicense started =====
[2026-05-06 18:58:27.728] Current Machine ID: E7984430-9201-4AD2-88AD-354EC899002F
[2026-05-06 18:58:27.729] Checking path: C:\ProgramData\CopaFormGui\license.json - Exists: True
[2026-05-06 18:58:27.733] [TryValidateLicenseAtPath] Validating license at: C:\ProgramData\CopaFormGui\license.json
[2026-05-06 18:58:27.734] [TryValidateLicenseAtPath] Current machine ID: E7984430-9201-4AD2-88AD-354EC899002F
[2026-05-06 18:58:28.111] [TryValidateLicenseAtPath] Product in license: CopaFormGui
[2026-05-06 18:58:28.112] [TryValidateLicenseAtPath] Machine ID in license: E7984430-9201-4AD2-88AD-354EC899002F
[2026-05-06 18:58:28.113] [TryValidateLicenseAtPath] Expires: , Now: 2026-05-06T18:58:28.1131409Z
[2026-05-06 18:58:28.113] [TryValidateLicenseAtPath] IssuedUtc: 2026-05-03T13:39:11.8297771Z, MinIssuedUtc: 2026-04-02T19:57:00.0000000Z
[2026-05-06 18:58:28.114] [TryValidateLicenseAtPath] Calling VerifySignature...
[2026-05-06 18:58:28.123] [VerifySignature] Payload: CopaFormGui|TEST|E7984430-9201-4AD2-88AD-354EC899002F|2026-05-03T13:39:11.8297771Z|
[2026-05-06 18:58:28.124] [VerifySignature] Public key first 60 chars: -----BEGIN PUBLIC KEY-----
MIIBojANBgkqhkiG9w0BAQEFAAOCAY8A
[2026-05-06 18:58:28.126] [VerifySignature] Signature length: 512
[2026-05-06 18:58:28.128] [ImportPublicKeyFromPem] DER SPKI length: 422 bytes
[2026-05-06 18:58:28.130] [ImportPublicKeyFromPem] Parsed outer SEQUENCE
[2026-05-06 18:58:28.131] [ImportPublicKeyFromPem] Skipped algorithm SEQUENCE
[2026-05-06 18:58:28.131] [ImportPublicKeyFromPem] Parsed BIT STRING
[2026-05-06 18:58:28.133] [ImportPublicKeyFromPem] Parsed RSAPublicKey SEQUENCE
[2026-05-06 18:58:28.134] [ImportPublicKeyFromPem] Parsed modulus: 384 bytes
[2026-05-06 18:58:28.135] [ImportPublicKeyFromPem] Parsed exponent: 3 bytes
[2026-05-06 18:58:28.137] [ImportPublicKeyFromPem] RSA key imported successfully
[2026-05-06 18:58:28.138] [VerifySignature] Result: True
[2026-05-06 18:58:28.139] [TryValidateLicenseAtPath] SUCCESS: License validated
[2026-05-06 18:58:28.140] ✓ VALIDATION PASSED at: C:\ProgramData\CopaFormGui\license.json
[2026-05-06 19:07:36.039] 
===== ValidateCurrentMachineLicense started =====
[2026-05-06 19:07:36.042] Current Machine ID: E7984430-9201-4AD2-88AD-354EC899002F
[2026-05-06 19:07:36.042] Checking path: C:\ProgramData\CopaFormGui\license.json - Exists: True
[2026-05-06 19:07:36.045] [TryValidateLicenseAtPath] Validating license at: C:\ProgramData\CopaFormGui\license.json
[2026-05-06 19:07:36.045] [TryValidateLicenseAtPath] Current machine ID: E7984430-9201-4AD2-88AD-354EC899002F
[2026-05-06 19:07:36.267] [TryValidateLicenseAtPath] Product in license: CopaFormGui
[2026-05-06 19:07:36.268] [TryValidateLicenseAtPath] Machine ID in license: E7984430-9201-4AD2-88AD-354EC899002F
[2026-05-06 19:07:36.269] [TryValidateLicenseAtPath] Expires: , Now: 2026-05-06T19:07:36.2694788Z
[2026-05-06 19:07:36.270] [TryValidateLicenseAtPath] IssuedUtc: 2026-05-03T13:39:11.8297771Z, MinIssuedUtc: 2026-04-02T19:57:00.0000000Z
[2026-05-06 19:07:36.271] [TryValidateLicenseAtPath] Calling VerifySignature...
[2026-05-06 19:07:36.277] [VerifySignature] Payload: CopaFormGui|TEST|E7984430-9201-4AD2-88AD-354EC899002F|2026-05-03T13:39:11.8297771Z|
[2026-05-06 19:07:36.277] [VerifySignature] Public key first 60 chars: -----BEGIN PUBLIC KEY-----
MIIBojANBgkqhkiG9w0BAQEFAAOCAY8A
[2026-05-06 19:07:36.278] [VerifySignature] Signature length: 512
[2026-05-06 19:07:36.279] [ImportPublicKeyFromPem] DER SPKI length: 422 bytes
[2026-05-06 19:07:36.280] [ImportPublicKeyFromPem] Parsed outer SEQUENCE
[2026-05-06 19:07:36.281] [ImportPublicKeyFromPem] Skipped algorithm SEQUENCE
[2026-05-06 19:07:36.281] [ImportPublicKeyFromPem] Parsed BIT STRING
[2026-05-06 19:07:36.282] [ImportPublicKeyFromPem] Parsed RSAPublicKey SEQUENCE
[2026-05-06 19:07:36.283] [ImportPublicKeyFromPem] Parsed modulus: 384 bytes
[2026-05-06 19:07:36.283] [ImportPublicKeyFromPem] Parsed exponent: 3 bytes
[2026-05-06 19:07:36.284] [ImportPublicKeyFromPem] RSA key imported successfully
[2026-05-06 19:07:36.285] [VerifySignature] Result: True
[2026-05-06 19:07:36.285] [TryValidateLicenseAtPath] SUCCESS: License validated
[2026-05-06 19:07:36.286] ✓ VALIDATION PASSED at: C:\ProgramData\CopaFormGui\license.json
[2026-05-06 19:14:42.360] 
===== ValidateCurrentMachineLicense started =====
[2026-05-06 19:14:42.365] Current Machine ID: E7984430-9201-4AD2-88AD-354EC899002F
[2026-05-06 19:14:42.366] Checking path: C:\ProgramData\CopaFormGui\license.json - Exists: True
[2026-05-06 19:14:42.370] [TryValidateLicenseAtPath] Validating license at: C:\ProgramData\CopaFormGui\license.json
[2026-05-06 19:14:42.371] [TryValidateLicenseAtPath] Current machine ID: E7984430-9201-4AD2-88AD-354EC899002F
[2026-05-06 19:14:42.748] [TryValidateLicenseAtPath] Product in license: CopaFormGui
[2026-05-06 19:14:42.749] [TryValidateLicenseAtPath] Machine ID in license: E7984430-9201-4AD2-88AD-354EC899002F
[2026-05-06 19:14:42.751] [TryValidateLicenseAtPath] Expires: , Now: 2026-05-06T19:14:42.7504307Z
[2026-05-06 19:14:42.753] [TryValidateLicenseAtPath] IssuedUtc: 2026-05-03T13:39:11.8297771Z, MinIssuedUtc: 2026-04-02T19:57:00.0000000Z
[2026-05-06 19:14:42.754] [TryValidateLicenseAtPath] Calling VerifySignature...
[2026-05-06 19:14:42.763] [VerifySignature] Payload: CopaFormGui|TEST|E7984430-9201-4AD2-88AD-354EC899002F|2026-05-03T13:39:11.8297771Z|
[2026-05-06 19:14:42.764] [VerifySignature] Public key first 60 chars: -----BEGIN PUBLIC KEY-----
MIIBojANBgkqhkiG9w0BAQEFAAOCAY8A
[2026-05-06 19:14:42.765] [VerifySignature] Signature length: 512
[2026-05-06 19:14:42.767] [ImportPublicKeyFromPem] DER SPKI length: 422 bytes
[2026-05-06 19:14:42.769] [ImportPublicKeyFromPem] Parsed outer SEQUENCE
[2026-05-06 19:14:42.770] [ImportPublicKeyFromPem] Skipped algorithm SEQUENCE
[2026-05-06 19:14:42.771] [ImportPublicKeyFromPem] Parsed BIT STRING
[2026-05-06 19:14:42.772] [ImportPublicKeyFromPem] Parsed RSAPublicKey SEQUENCE
[2026-05-06 19:14:42.773] [ImportPublicKeyFromPem] Parsed modulus: 384 bytes
[2026-05-06 19:14:42.773] [ImportPublicKeyFromPem] Parsed exponent: 3 bytes
[2026-05-06 19:14:42.777] [ImportPublicKeyFromPem] RSA key imported successfully
[2026-05-06 19:14:42.778] [VerifySignature] Result: True
[2026-05-06 19:14:42.779] [TryValidateLicenseAtPath] SUCCESS: License validated
[2026-05-06 19:14:42.780] ✓ VALIDATION PASSED at: C:\ProgramData\CopaFormGui\license.json
[2026-05-06 19:25:58.976] 
===== ValidateCurrentMachineLicense started =====
[2026-05-06 19:25:58.978] Current Machine ID: E7984430-9201-4AD2-88AD-354EC899002F
[2026-05-06 19:25:58.979] Checking path: C:\ProgramData\CopaFormGui\license.json - Exists: True
[2026-05-06 19:25:58.982] [TryValidateLicenseAtPath] Validating license at: C:\ProgramData\CopaFormGui\license.json
[2026-05-06 19:25:58.983] [TryValidateLicenseAtPath] Current machine ID: E7984430-9201-4AD2-88AD-354EC899002F
[2026-05-06 19:25:59.209] [TryValidateLicenseAtPath] Product in license: CopaFormGui
[2026-05-06 19:25:59.210] [TryValidateLicenseAtPath] Machine ID in license: E7984430-9201-4AD2-88AD-354EC899002F
[2026-05-06 19:25:59.212] [TryValidateLicenseAtPath] Expires: , Now: 2026-05-06T19:25:59.2121277Z
[2026-05-06 19:25:59.213] [TryValidateLicenseAtPath] IssuedUtc: 2026-05-03T13:39:11.8297771Z, MinIssuedUtc: 2026-04-02T19:57:00.0000000Z
[2026-05-06 19:25:59.214] [TryValidateLicenseAtPath] Calling VerifySignature...
[2026-05-06 19:25:59.221] [VerifySignature] Payload: CopaFormGui|TEST|E7984430-9201-4AD2-88AD-354EC899002F|2026-05-03T13:39:11.8297771Z|
[2026-05-06 19:25:59.222] [VerifySignature] Public key first 60 chars: -----BEGIN PUBLIC KEY-----
MIIBojANBgkqhkiG9w0BAQEFAAOCAY8A
[2026-05-06 19:25:59.222] [VerifySignature] Signature length: 512
[2026-05-06 19:25:59.224] [ImportPublicKeyFromPem] DER SPKI length: 422 bytes
[2026-05-06 19:25:59.225] [ImportPublicKeyFromPem] Parsed outer SEQUENCE
[2026-05-06 19:25:59.226] [ImportPublicKeyFromPem] Skipped algorithm SEQUENCE
[2026-05-06 19:25:59.227] [ImportPublicKeyFromPem] Parsed BIT STRING
[2026-05-06 19:25:59.227] [ImportPublicKeyFromPem] Parsed RSAPublicKey SEQUENCE
[2026-05-06 19:25:59.228] [ImportPublicKeyFromPem] Parsed modulus: 384 bytes
[2026-05-06 19:25:59.229] [ImportPublicKeyFromPem] Parsed exponent: 3 bytes
[2026-05-06 19:25:59.230] [ImportPublicKeyFromPem] RSA key imported successfully
[2026-05-06 19:25:59.231] [VerifySignature] Result: True
[2026-05-06 19:25:59.231] [TryValidateLicenseAtPath] SUCCESS: License validated
[2026-05-06 19:25:59.232] ✓ VALIDATION PASSED at: C:\ProgramData\CopaFormGui\license.json
[2026-05-06 19:29:49.947] 
===== ValidateCurrentMachineLicense started =====
[2026-05-06 19:29:49.949] Current Machine ID: E7984430-9201-4AD2-88AD-354EC899002F
[2026-05-06 19:29:49.950] Checking path: C:\ProgramData\CopaFormGui\license.json - Exists: True
[2026-05-06 19:29:49.953] [TryValidateLicenseAtPath] Validating license at: C:\ProgramData\CopaFormGui\license.json
[2026-05-06 19:29:49.953] [TryValidateLicenseAtPath] Current machine ID: E7984430-9201-4AD2-88AD-354EC899002F
[2026-05-06 19:29:50.372] [TryValidateLicenseAtPath] Product in license: CopaFormGui
[2026-05-06 19:29:50.373] [TryValidateLicenseAtPath] Machine ID in license: E7984430-9201-4AD2-88AD-354EC899002F
[2026-05-06 19:29:50.375] [TryValidateLicenseAtPath] Expires: , Now: 2026-05-06T19:29:50.3757110Z
[2026-05-06 19:29:50.376] [TryValidateLicenseAtPath] IssuedUtc: 2026-05-03T13:39:11.8297771Z, MinIssuedUtc: 2026-04-02T19:57:00.0000000Z
[2026-05-06 19:29:50.377] [TryValidateLicenseAtPath] Calling VerifySignature...
[2026-05-06 19:29:50.386] [VerifySignature] Payload: CopaFormGui|TEST|E7984430-9201-4AD2-88AD-354EC899002F|2026-05-03T13:39:11.8297771Z|
[2026-05-06 19:29:50.387] [VerifySignature] Public key first 60 chars: -----BEGIN PUBLIC KEY-----
MIIBojANBgkqhkiG9w0BAQEFAAOCAY8A
[2026-05-06 19:29:50.389] [VerifySignature] Signature length: 512
[2026-05-06 19:29:50.391] [ImportPublicKeyFromPem] DER SPKI length: 422 bytes
[2026-05-06 19:29:50.393] [ImportPublicKeyFromPem] Parsed outer SEQUENCE
[2026-05-06 19:29:50.394] [ImportPublicKeyFromPem] Skipped algorithm SEQUENCE
[2026-05-06 19:29:50.438] [ImportPublicKeyFromPem] Parsed BIT STRING
[2026-05-06 19:29:50.440] [ImportPublicKeyFromPem] Parsed RSAPublicKey SEQUENCE
[2026-05-06 19:29:50.442] [ImportPublicKeyFromPem] Parsed modulus: 384 bytes
[2026-05-06 19:29:50.443] [ImportPublicKeyFromPem] Parsed exponent: 3 bytes
[2026-05-06 19:29:50.445] [ImportPublicKeyFromPem] RSA key imported successfully
[2026-05-06 19:29:50.446] [VerifySignature] Result: True
[2026-05-06 19:29:50.447] [TryValidateLicenseAtPath] SUCCESS: License validated
[2026-05-06 19:29:50.448] ✓ VALIDATION PASSED at: C:\ProgramData\CopaFormGui\license.json
[2026-05-07 06:40:28.214] 
===== ValidateCurrentMachineLicense started =====
[2026-05-07 06:40:28.216] Current Machine ID: E7984430-9201-4AD2-88AD-354EC899002F
[2026-05-07 06:40:28.216] Checking path: C:\ProgramData\CopaFormGui\license.json - Exists: True
[2026-05-07 06:40:28.219] [TryValidateLicenseAtPath] Validating license at: C:\ProgramData\CopaFormGui\license.json
[2026-05-07 06:40:28.220] [TryValidateLicenseAtPath] Current machine ID: E7984430-9201-4AD2-88AD-354EC899002F
[2026-05-07 06:40:28.464] [TryValidateLicenseAtPath] Product in license: CopaFormGui
[2026-05-07 06:40:28.465] [TryValidateLicenseAtPath] Machine ID in license: E7984430-9201-4AD2-88AD-354EC899002F
[2026-05-07 06:40:28.465] [TryValidateLicenseAtPath] Expires: , Now: 2026-05-07T06:40:28.4654220Z
[2026-05-07 06:40:28.466] [TryValidateLicenseAtPath] IssuedUtc: 2026-05-03T13:39:11.8297771Z, MinIssuedUtc: 2026-04-02T19:57:00.0000000Z
[2026-05-07 06:40:28.466] [TryValidateLicenseAtPath] Calling VerifySignature...
[2026-05-07 06:40:28.473] [VerifySignature] Payload: CopaFormGui|TEST|E7984430-9201-4AD2-88AD-354EC899002F|2026-05-03T13:39:11.8297771Z|
[2026-05-07 06:40:28.474] [VerifySignature] Public key first 60 chars: -----BEGIN PUBLIC KEY-----
MIIBojANBgkqhkiG9w0BAQEFAAOCAY8A
[2026-05-07 06:40:28.475] [VerifySignature] Signature length: 512
[2026-05-07 06:40:28.476] [ImportPublicKeyFromPem] DER SPKI length: 422 bytes
[2026-05-07 06:40:28.477] [ImportPublicKeyFromPem] Parsed outer SEQUENCE
[2026-05-07 06:40:28.478] [ImportPublicKeyFromPem] Skipped algorithm SEQUENCE
[2026-05-07 06:40:28.479] [ImportPublicKeyFromPem] Parsed BIT STRING
[2026-05-07 06:40:28.479] [ImportPublicKeyFromPem] Parsed RSAPublicKey SEQUENCE
[2026-05-07 06:40:28.480] [ImportPublicKeyFromPem] Parsed modulus: 384 bytes
[2026-05-07 06:40:28.480] [ImportPublicKeyFromPem] Parsed exponent: 3 bytes
[2026-05-07 06:40:28.481] [ImportPublicKeyFromPem] RSA key imported successfully
[2026-05-07 06:40:28.482] [VerifySignature] Result: True
[2026-05-07 06:40:28.483] [TryValidateLicenseAtPath] SUCCESS: License validated
[2026-05-07 06:40:28.483] ✓ VALIDATION PASSED at: C:\ProgramData\CopaFormGui\license.json
[2026-05-07 06:51:49.798] 
===== ValidateCurrentMachineLicense started =====
[2026-05-07 06:51:49.799] Current Machine ID: E7984430-9201-4AD2-88AD-354EC899002F
[2026-05-07 06:51:49.800] Checking path: C:\ProgramData\CopaFormGui\license.json - Exists: True
[2026-05-07 06:51:49.802] [TryValidateLicenseAtPath] Validating license at: C:\ProgramData\CopaFormGui\license.json
[2026-05-07 06:51:49.803] [TryValidateLicenseAtPath] Current machine ID: E7984430-9201-4AD2-88AD-354EC899002F
[2026-05-07 06:51:50.033] [TryValidateLicenseAtPath] Product in license: CopaFormGui
[2026-05-07 06:51:50.033] [TryValidateLicenseAtPath] Machine ID in license: E7984430-9201-4AD2-88AD-354EC899002F
[2026-05-07 06:51:50.034] [TryValidateLicenseAtPath] Expires: , Now: 2026-05-07T06:51:50.0347498Z
[2026-05-07 06:51:50.036] [TryValidateLicenseAtPath] IssuedUtc: 2026-05-03T13:39:11.8297771Z, MinIssuedUtc: 2026-04-02T19:57:00.0000000Z
[2026-05-07 06:51:50.037] [TryValidateLicenseAtPath] Calling VerifySignature...
[2026-05-07 06:51:50.043] [VerifySignature] Payload: CopaFormGui|TEST|E7984430-9201-4AD2-88AD-354EC899002F|2026-05-03T13:39:11.8297771Z|
[2026-05-07 06:51:50.044] [VerifySignature] Public key first 60 chars: -----BEGIN PUBLIC KEY-----
MIIBojANBgkqhkiG9w0BAQEFAAOCAY8A
[2026-05-07 06:51:50.044] [VerifySignature] Signature length: 512
[2026-05-07 06:51:50.046] [ImportPublicKeyFromPem] DER SPKI length: 422 bytes
[2026-05-07 06:51:50.047] [ImportPublicKeyFromPem] Parsed outer SEQUENCE
[2026-05-07 06:51:50.048] [ImportPublicKeyFromPem] Skipped algorithm SEQUENCE
[2026-05-07 06:51:50.049] [ImportPublicKeyFromPem] Parsed BIT STRING
[2026-05-07 06:51:50.049] [ImportPublicKeyFromPem] Parsed RSAPublicKey SEQUENCE
[2026-05-07 06:51:50.050] [ImportPublicKeyFromPem] Parsed modulus: 384 bytes
[2026-05-07 06:51:50.051] [ImportPublicKeyFromPem] Parsed exponent: 3 bytes
[2026-05-07 06:51:50.052] [ImportPublicKeyFromPem] RSA key imported successfully
[2026-05-07 06:51:50.053] [VerifySignature] Result: True
[2026-05-07 06:51:50.054] [TryValidateLicenseAtPath] SUCCESS: License validated
[2026-05-07 06:51:50.055] ✓ VALIDATION PASSED at: C:\ProgramData\CopaFormGui\license.json
[2026-06-14 11:07:38.099] 
===== ValidateCurrentMachineLicense started =====
[2026-06-14 11:07:38.147] Current Machine ID: E7984430-9201-4AD2-88AD-354EC899002F
[2026-06-14 11:07:38.148] Checking path: C:\ProgramData\CopaFormGui\license.json - Exists: True
[2026-06-14 11:07:38.151] [TryValidateLicenseAtPath] Validating license at: C:\ProgramData\CopaFormGui\license.json
[2026-06-14 11:07:38.152] [TryValidateLicenseAtPath] Current machine ID: E7984430-9201-4AD2-88AD-354EC899002F
[2026-06-14 11:07:39.035] [TryValidateLicenseAtPath] Product in license: CopaFormGui
[2026-06-14 11:07:39.036] [TryValidateLicenseAtPath] Machine ID in license: E7984430-9201-4AD2-88AD-354EC899002F
[2026-06-14 11:07:39.038] [TryValidateLicenseAtPath] Expires: , Now: 2026-06-14T11:07:39.0370073Z
[2026-06-14 11:07:39.040] [TryValidateLicenseAtPath] IssuedUtc: 2026-05-30T17:56:54.1796359Z, MinIssuedUtc: 2026-04-02T19:57:00.0000000Z
[2026-06-14 11:07:39.041] [TryValidateLicenseAtPath] Calling VerifySignature...
[2026-06-14 11:07:39.053] [VerifySignature] Payload: CopaFormGui|test|E7984430-9201-4AD2-88AD-354EC899002F|2026-05-30T17:56:54.1796359Z|
[2026-06-14 11:07:39.054] [VerifySignature] Public key first 60 chars: -----BEGIN PUBLIC KEY-----
MIIBojANBgkqhkiG9w0BAQEFAAOCAY8A
[2026-06-14 11:07:39.057] [VerifySignature] Signature length: 512
[2026-06-14 11:07:39.062] [ImportPublicKeyFromPem] DER SPKI length: 422 bytes
[2026-06-14 11:07:39.064] [ImportPublicKeyFromPem] Parsed outer SEQUENCE
[2026-06-14 11:07:39.067] [ImportPublicKeyFromPem] Skipped algorithm SEQUENCE
[2026-06-14 11:07:39.068] [ImportPublicKeyFromPem] Parsed BIT STRING
[2026-06-14 11:07:39.069] [ImportPublicKeyFromPem] Parsed RSAPublicKey SEQUENCE
[2026-06-14 11:07:39.071] [ImportPublicKeyFromPem] Parsed modulus: 384 bytes
[2026-06-14 11:07:39.073] [ImportPublicKeyFromPem] Parsed exponent: 3 bytes
[2026-06-14 11:07:39.079] [ImportPublicKeyFromPem] RSA key imported successfully
[2026-06-14 11:07:39.080] [VerifySignature] Result: True
[2026-06-14 11:07:39.082] [TryValidateLicenseAtPath] SUCCESS: License validated
[2026-06-14 11:07:39.083] ✓ VALIDATION PASSED at: C:\ProgramData\CopaFormGui\license.json
[2026-06-14 11:11:15.620] 
===== ValidateCurrentMachineLicense started =====
[2026-06-14 11:11:15.625] Current Machine ID: E7984430-9201-4AD2-88AD-354EC899002F
[2026-06-14 11:11:15.626] Checking path: C:\ProgramData\CopaFormGui\license.json - Exists: True
[2026-06-14 11:11:15.628] [TryValidateLicenseAtPath] Validating license at: C:\ProgramData\CopaFormGui\license.json
[2026-06-14 11:11:15.629] [TryValidateLicenseAtPath] Current machine ID: E7984430-9201-4AD2-88AD-354EC899002F
[2026-06-14 11:11:15.974] [TryValidateLicenseAtPath] Product in license: CopaFormGui
[2026-06-14 11:11:15.975] [TryValidateLicenseAtPath] Machine ID in license: E7984430-9201-4AD2-88AD-354EC899002F
[2026-06-14 11:11:15.977] [TryValidateLicenseAtPath] Expires: , Now: 2026-06-14T11:11:15.9773088Z
[2026-06-14 11:11:15.979] [TryValidateLicenseAtPath] IssuedUtc: 2026-05-30T17:56:54.1796359Z, MinIssuedUtc: 2026-04-02T19:57:00.0000000Z
[2026-06-14 11:11:15.979] [TryValidateLicenseAtPath] Calling VerifySignature...
[2026-06-14 11:11:15.991] [VerifySignature] Payload: CopaFormGui|test|E7984430-9201-4AD2-88AD-354EC899002F|2026-05-30T17:56:54.1796359Z|
[2026-06-14 11:11:15.991] [VerifySignature] Public key first 60 chars: -----BEGIN PUBLIC KEY-----
MIIBojANBgkqhkiG9w0BAQEFAAOCAY8A
[2026-06-14 11:11:15.992] [VerifySignature] Signature length: 512
[2026-06-14 11:11:15.995] [ImportPublicKeyFromPem] DER SPKI length: 422 bytes
[2026-06-14 11:11:15.997] [ImportPublicKeyFromPem] Parsed outer SEQUENCE
[2026-06-14 11:11:15.998] [ImportPublicKeyFromPem] Skipped algorithm SEQUENCE
[2026-06-14 11:11:15.998] [ImportPublicKeyFromPem] Parsed BIT STRING
[2026-06-14 11:11:15.999] [ImportPublicKeyFromPem] Parsed RSAPublicKey SEQUENCE
[2026-06-14 11:11:16.001] [ImportPublicKeyFromPem] Parsed modulus: 384 bytes
[2026-06-14 11:11:16.001] [ImportPublicKeyFromPem] Parsed exponent: 3 bytes
[2026-06-14 11:11:16.005] [ImportPublicKeyFromPem] RSA key imported successfully
[2026-06-14 11:11:16.007] [VerifySignature] Result: True
[2026-06-14 11:11:16.008] [TryValidateLicenseAtPath] SUCCESS: License validated
[2026-06-14 11:11:16.008] ✓ VALIDATION PASSED at: C:\ProgramData\CopaFormGui\license.json
[2026-06-14 11:13:38.907] 
===== ValidateCurrentMachineLicense started =====
[2026-06-14 11:13:38.915] Current Machine ID: E7984430-9201-4AD2-88AD-354EC899002F
[2026-06-14 11:13:38.916] Checking path: C:\ProgramData\CopaFormGui\license.json - Exists: True
[2026-06-14 11:13:38.918] [TryValidateLicenseAtPath] Validating license at: C:\ProgramData\CopaFormGui\license.json
[2026-06-14 11:13:38.919] [TryValidateLicenseAtPath] Current machine ID: E7984430-9201-4AD2-88AD-354EC899002F
[2026-06-14 11:13:39.315] [TryValidateLicenseAtPath] Product in license: CopaFormGui
[2026-06-14 11:13:39.316] [TryValidateLicenseAtPath] Machine ID in license: E7984430-9201-4AD2-88AD-354EC899002F
[2026-06-14 11:13:39.318] [TryValidateLicenseAtPath] Expires: , Now: 2026-06-14T11:13:39.3179069Z
[2026-06-14 11:13:39.319] [TryValidateLicenseAtPath] IssuedUtc: 2026-05-30T17:56:54.1796359Z, MinIssuedUtc: 2026-04-02T19:57:00.0000000Z
[2026-06-14 11:13:39.320] [TryValidateLicenseAtPath] Calling VerifySignature...
[2026-06-14 11:13:39.333] [VerifySignature] Payload: CopaFormGui|test|E7984430-9201-4AD2-88AD-354EC899002F|2026-05-30T17:56:54.1796359Z|
[2026-06-14 11:13:39.334] [VerifySignature] Public key first 60 chars: -----BEGIN PUBLIC KEY-----
MIIBojANBgkqhkiG9w0BAQEFAAOCAY8A
[2026-06-14 11:13:39.334] [VerifySignature] Signature length: 512
[2026-06-14 11:13:39.335] [ImportPublicKeyFromPem] DER SPKI length: 422 bytes
[2026-06-14 11:13:39.337] [ImportPublicKeyFromPem] Parsed outer SEQUENCE
[2026-06-14 11:13:39.339] [ImportPublicKeyFromPem] Skipped algorithm SEQUENCE
[2026-06-14 11:13:39.340] [ImportPublicKeyFromPem] Parsed BIT STRING
[2026-06-14 11:13:39.340] [ImportPublicKeyFromPem] Parsed RSAPublicKey SEQUENCE
[2026-06-14 11:13:39.341] [ImportPublicKeyFromPem] Parsed modulus: 384 bytes
[2026-06-14 11:13:39.342] [ImportPublicKeyFromPem] Parsed exponent: 3 bytes
[2026-06-14 11:13:39.347] [ImportPublicKeyFromPem] RSA key imported successfully
[2026-06-14 11:13:39.349] [VerifySignature] Result: True
[2026-06-14 11:13:39.351] [TryValidateLicenseAtPath] SUCCESS: License validated
[2026-06-14 11:13:39.353] ✓ VALIDATION PASSED at: C:\ProgramData\CopaFormGui\license.json
[2026-06-14 11:19:45.066] 
===== ValidateCurrentMachineLicense started =====
[2026-06-14 11:19:45.068] Current Machine ID: E7984430-9201-4AD2-88AD-354EC899002F
[2026-06-14 11:19:45.069] Checking path: C:\ProgramData\CopaFormGui\license.json - Exists: True
[2026-06-14 11:19:45.072] [TryValidateLicenseAtPath] Validating license at: C:\ProgramData\CopaFormGui\license.json
[2026-06-14 11:19:45.073] [TryValidateLicenseAtPath] Current machine ID: E7984430-9201-4AD2-88AD-354EC899002F
[2026-06-14 11:19:45.505] [TryValidateLicenseAtPath] Product in license: CopaFormGui
[2026-06-14 11:19:45.507] [TryValidateLicenseAtPath] Machine ID in license: E7984430-9201-4AD2-88AD-354EC899002F
[2026-06-14 11:19:45.508] [TryValidateLicenseAtPath] Expires: , Now: 2026-06-14T11:19:45.5083421Z
[2026-06-14 11:19:45.510] [TryValidateLicenseAtPath] IssuedUtc: 2026-05-30T17:56:54.1796359Z, MinIssuedUtc: 2026-04-02T19:57:00.0000000Z
[2026-06-14 11:19:45.510] [TryValidateLicenseAtPath] Calling VerifySignature...
[2026-06-14 11:19:45.519] [VerifySignature] Payload: CopaFormGui|test|E7984430-9201-4AD2-88AD-354EC899002F|2026-05-30T17:56:54.1796359Z|
[2026-06-14 11:19:45.519] [VerifySignature] Public key first 60 chars: -----BEGIN PUBLIC KEY-----
MIIBojANBgkqhkiG9w0BAQEFAAOCAY8A
[2026-06-14 11:19:45.521] [VerifySignature] Signature length: 512
[2026-06-14 11:19:45.522] [ImportPublicKeyFromPem] DER SPKI length: 422 bytes
[2026-06-14 11:19:45.523] [ImportPublicKeyFromPem] Parsed outer SEQUENCE
[2026-06-14 11:19:45.525] [ImportPublicKeyFromPem] Skipped algorithm SEQUENCE
[2026-06-14 11:19:45.526] [ImportPublicKeyFromPem] Parsed BIT STRING
[2026-06-14 11:19:45.527] [ImportPublicKeyFromPem] Parsed RSAPublicKey SEQUENCE
[2026-06-14 11:19:45.528] [ImportPublicKeyFromPem] Parsed modulus: 384 bytes
[2026-06-14 11:19:45.528] [ImportPublicKeyFromPem] Parsed exponent: 3 bytes
[2026-06-14 11:19:45.530] [ImportPublicKeyFromPem] RSA key imported successfully
[2026-06-14 11:19:45.531] [VerifySignature] Result: True
[2026-06-14 11:19:45.531] [TryValidateLicenseAtPath] SUCCESS: License validated
[2026-06-14 11:19:45.532] ✓ VALIDATION PASSED at: C:\ProgramData\CopaFormGui\license.json
[2026-06-14 11:43:00.274] 
===== ValidateCurrentMachineLicense started =====
[2026-06-14 11:43:00.278] Current Machine ID: E7984430-9201-4AD2-88AD-354EC899002F
[2026-06-14 11:43:00.279] Checking path: C:\ProgramData\CopaFormGui\license.json - Exists: True
[2026-06-14 11:43:00.282] [TryValidateLicenseAtPath] Validating license at: C:\ProgramData\CopaFormGui\license.json
[2026-06-14 11:43:00.283] [TryValidateLicenseAtPath] Current machine ID: E7984430-9201-4AD2-88AD-354EC899002F
[2026-06-14 11:43:00.795] [TryValidateLicenseAtPath] Product in license: CopaFormGui
[2026-06-14 11:43:00.796] [TryValidateLicenseAtPath] Machine ID in license: E7984430-9201-4AD2-88AD-354EC899002F
[2026-06-14 11:43:00.799] [TryValidateLicenseAtPath] Expires: , Now: 2026-06-14T11:43:00.7982702Z
[2026-06-14 11:43:00.800] [TryValidateLicenseAtPath] IssuedUtc: 2026-05-30T17:56:54.1796359Z, MinIssuedUtc: 2026-04-02T19:57:00.0000000Z
[2026-06-14 11:43:00.801] [TryValidateLicenseAtPath] Calling VerifySignature...
[2026-06-14 11:43:00.808] [VerifySignature] Payload: CopaFormGui|test|E7984430-9201-4AD2-88AD-354EC899002F|2026-05-30T17:56:54.1796359Z|
[2026-06-14 11:43:00.809] [VerifySignature] Public key first 60 chars: -----BEGIN PUBLIC KEY-----
MIIBojANBgkqhkiG9w0BAQEFAAOCAY8A
[2026-06-14 11:43:00.810] [VerifySignature] Signature length: 512
[2026-06-14 11:43:00.813] [ImportPublicKeyFromPem] DER SPKI length: 422 bytes
[2026-06-14 11:43:00.815] [ImportPublicKeyFromPem] Parsed outer SEQUENCE
[2026-06-14 11:43:00.816] [ImportPublicKeyFromPem] Skipped algorithm SEQUENCE
[2026-06-14 11:43:00.817] [ImportPublicKeyFromPem] Parsed BIT STRING
[2026-06-14 11:43:00.818] [ImportPublicKeyFromPem] Parsed RSAPublicKey SEQUENCE
[2026-06-14 11:43:00.819] [ImportPublicKeyFromPem] Parsed modulus: 384 bytes
[2026-06-14 11:43:00.819] [ImportPublicKeyFromPem] Parsed exponent: 3 bytes
[2026-06-14 11:43:00.823] [ImportPublicKeyFromPem] RSA key imported successfully
[2026-06-14 11:43:00.825] [VerifySignature] Result: True
[2026-06-14 11:43:00.826] [TryValidateLicenseAtPath] SUCCESS: License validated
[2026-06-14 11:43:00.827] ✓ VALIDATION PASSED at: C:\ProgramData\CopaFormGui\license.json
[2026-06-14 11:45:05.762] 
===== ValidateCurrentMachineLicense started =====
[2026-06-14 11:45:05.764] Current Machine ID: E7984430-9201-4AD2-88AD-354EC899002F
[2026-06-14 11:45:05.764] Checking path: C:\ProgramData\CopaFormGui\license.json - Exists: True
[2026-06-14 11:45:05.767] [TryValidateLicenseAtPath] Validating license at: C:\ProgramData\CopaFormGui\license.json
[2026-06-14 11:45:05.767] [TryValidateLicenseAtPath] Current machine ID: E7984430-9201-4AD2-88AD-354EC899002F
[2026-06-14 11:45:05.996] [TryValidateLicenseAtPath] Product in license: CopaFormGui
[2026-06-14 11:45:05.997] [TryValidateLicenseAtPath] Machine ID in license: E7984430-9201-4AD2-88AD-354EC899002F
[2026-06-14 11:45:05.998] [TryValidateLicenseAtPath] Expires: , Now: 2026-06-14T11:45:05.9978259Z
[2026-06-14 11:45:05.998] [TryValidateLicenseAtPath] IssuedUtc: 2026-05-30T17:56:54.1796359Z, MinIssuedUtc: 2026-04-02T19:57:00.0000000Z
[2026-06-14 11:45:05.999] [TryValidateLicenseAtPath] Calling VerifySignature...
[2026-06-14 11:45:06.004] [VerifySignature] Payload: CopaFormGui|test|E7984430-9201-4AD2-88AD-354EC899002F|2026-05-30T17:56:54.1796359Z|
[2026-06-14 11:45:06.005] [VerifySignature] Public key first 60 chars: -----BEGIN PUBLIC KEY-----
MIIBojANBgkqhkiG9w0BAQEFAAOCAY8A
[2026-06-14 11:45:06.005] [VerifySignature] Signature length: 512
[2026-06-14 11:45:06.006] [ImportPublicKeyFromPem] DER SPKI length: 422 bytes
[2026-06-14 11:45:06.007] [ImportPublicKeyFromPem] Parsed outer SEQUENCE
[2026-06-14 11:45:06.007] [ImportPublicKeyFromPem] Skipped algorithm SEQUENCE
[2026-06-14 11:45:06.008] [ImportPublicKeyFromPem] Parsed BIT STRING
[2026-06-14 11:45:06.008] [ImportPublicKeyFromPem] Parsed RSAPublicKey SEQUENCE
[2026-06-14 11:45:06.009] [ImportPublicKeyFromPem] Parsed modulus: 384 bytes
[2026-06-14 11:45:06.010] [ImportPublicKeyFromPem] Parsed exponent: 3 bytes
[2026-06-14 11:45:06.010] [ImportPublicKeyFromPem] RSA key imported successfully
[2026-06-14 11:45:06.012] [VerifySignature] Result: True
[2026-06-14 11:45:06.013] [TryValidateLicenseAtPath] SUCCESS: License validated
[2026-06-14 11:45:06.013] ✓ VALIDATION PASSED at: C:\ProgramData\CopaFormGui\license.json
[2026-06-14 11:49:02.432] 
===== ValidateCurrentMachineLicense started =====
[2026-06-14 11:49:02.435] Current Machine ID: E7984430-9201-4AD2-88AD-354EC899002F
[2026-06-14 11:49:02.436] Checking path: C:\ProgramData\CopaFormGui\license.json - Exists: True
[2026-06-14 11:49:02.439] [TryValidateLicenseAtPath] Validating license at: C:\ProgramData\CopaFormGui\license.json
[2026-06-14 11:49:02.440] [TryValidateLicenseAtPath] Current machine ID: E7984430-9201-4AD2-88AD-354EC899002F
[2026-06-14 11:49:02.730] [TryValidateLicenseAtPath] Product in license: CopaFormGui
[2026-06-14 11:49:02.731] [TryValidateLicenseAtPath] Machine ID in license: E7984430-9201-4AD2-88AD-354EC899002F
[2026-06-14 11:49:02.732] [TryValidateLicenseAtPath] Expires: , Now: 2026-06-14T11:49:02.7321014Z
[2026-06-14 11:49:02.734] [TryValidateLicenseAtPath] IssuedUtc: 2026-05-30T17:56:54.1796359Z, MinIssuedUtc: 2026-04-02T19:57:00.0000000Z
[2026-06-14 11:49:02.734] [TryValidateLicenseAtPath] Calling VerifySignature...
[2026-06-14 11:49:02.743] [VerifySignature] Payload: CopaFormGui|test|E7984430-9201-4AD2-88AD-354EC899002F|2026-05-30T17:56:54.1796359Z|
[2026-06-14 11:49:02.744] [VerifySignature] Public key first 60 chars: -----BEGIN PUBLIC KEY-----
MIIBojANBgkqhkiG9w0BAQEFAAOCAY8A
[2026-06-14 11:49:02.745] [VerifySignature] Signature length: 512
[2026-06-14 11:49:02.747] [ImportPublicKeyFromPem] DER SPKI length: 422 bytes
[2026-06-14 11:49:02.748] [ImportPublicKeyFromPem] Parsed outer SEQUENCE
[2026-06-14 11:49:02.749] [ImportPublicKeyFromPem] Skipped algorithm SEQUENCE
[2026-06-14 11:49:02.750] [ImportPublicKeyFromPem] Parsed BIT STRING
[2026-06-14 11:49:02.751] [ImportPublicKeyFromPem] Parsed RSAPublicKey SEQUENCE
[2026-06-14 11:49:02.752] [ImportPublicKeyFromPem] Parsed modulus: 384 bytes
[2026-06-14 11:49:02.754] [ImportPublicKeyFromPem] Parsed exponent: 3 bytes
[2026-06-14 11:49:02.755] [ImportPublicKeyFromPem] RSA key imported successfully
[2026-06-14 11:49:02.755] [VerifySignature] Result: True
[2026-06-14 11:49:02.756] [TryValidateLicenseAtPath] SUCCESS: License validated
[2026-06-14 11:49:02.756] ✓ VALIDATION PASSED at: C:\ProgramData\CopaFormGui\license.json
[2026-06-14 11:51:51.323] 
===== ValidateCurrentMachineLicense started =====
[2026-06-14 11:51:51.325] Current Machine ID: E7984430-9201-4AD2-88AD-354EC899002F
[2026-06-14 11:51:51.326] Checking path: C:\ProgramData\CopaFormGui\license.json - Exists: True
[2026-06-14 11:51:51.329] [TryValidateLicenseAtPath] Validating license at: C:\ProgramData\CopaFormGui\license.json
[2026-06-14 11:51:51.330] [TryValidateLicenseAtPath] Current machine ID: E7984430-9201-4AD2-88AD-354EC899002F
[2026-06-14 11:51:51.672] [TryValidateLicenseAtPath] Product in license: CopaFormGui
[2026-06-14 11:51:51.673] [TryValidateLicenseAtPath] Machine ID in license: E7984430-9201-4AD2-88AD-354EC899002F
[2026-06-14 11:51:51.674] [TryValidateLicenseAtPath] Expires: , Now: 2026-06-14T11:51:51.6744149Z
[2026-06-14 11:51:51.675] [TryValidateLicenseAtPath] IssuedUtc: 2026-05-30T17:56:54.1796359Z, MinIssuedUtc: 2026-04-02T19:57:00.0000000Z
[2026-06-14 11:51:51.675] [TryValidateLicenseAtPath] Calling VerifySignature...
[2026-06-14 11:51:51.683] [VerifySignature] Payload: CopaFormGui|test|E7984430-9201-4AD2-88AD-354EC899002F|2026-05-30T17:56:54.1796359Z|
[2026-06-14 11:51:51.684] [VerifySignature] Public key first 60 chars: -----BEGIN PUBLIC KEY-----
MIIBojANBgkqhkiG9w0BAQEFAAOCAY8A
[2026-06-14 11:51:51.685] [VerifySignature] Signature length: 512
[2026-06-14 11:51:51.686] [ImportPublicKeyFromPem] DER SPKI length: 422 bytes
[2026-06-14 11:51:51.689] [ImportPublicKeyFromPem] Parsed outer SEQUENCE
[2026-06-14 11:51:51.690] [ImportPublicKeyFromPem] Skipped algorithm SEQUENCE
[2026-06-14 11:51:51.691] [ImportPublicKeyFromPem] Parsed BIT STRING
[2026-06-14 11:51:51.691] [ImportPublicKeyFromPem] Parsed RSAPublicKey SEQUENCE
[2026-06-14 11:51:51.692] [ImportPublicKeyFromPem] Parsed modulus: 384 bytes
[2026-06-14 11:51:51.693] [ImportPublicKeyFromPem] Parsed exponent: 3 bytes
[2026-06-14 11:51:51.695] [ImportPublicKeyFromPem] RSA key imported successfully
[2026-06-14 11:51:51.696] [VerifySignature] Result: True
[2026-06-14 11:51:51.697] [TryValidateLicenseAtPath] SUCCESS: License validated
[2026-06-14 11:51:51.698] ✓ VALIDATION PASSED at: C:\ProgramData\CopaFormGui\license.json
[2026-06-14 11:55:04.716] 
===== ValidateCurrentMachineLicense started =====
[2026-06-14 11:55:04.717] Current Machine ID: E7984430-9201-4AD2-88AD-354EC899002F
[2026-06-14 11:55:04.718] Checking path: C:\ProgramData\CopaFormGui\license.json - Exists: True
[2026-06-14 11:55:04.721] [TryValidateLicenseAtPath] Validating license at: C:\ProgramData\CopaFormGui\license.json
[2026-06-14 11:55:04.721] [TryValidateLicenseAtPath] Current machine ID: E7984430-9201-4AD2-88AD-354EC899002F
[2026-06-14 11:55:04.911] [TryValidateLicenseAtPath] Product in license: CopaFormGui
[2026-06-14 11:55:04.912] [TryValidateLicenseAtPath] Machine ID in license: E7984430-9201-4AD2-88AD-354EC899002F
[2026-06-14 11:55:04.912] [TryValidateLicenseAtPath] Expires: , Now: 2026-06-14T11:55:04.9120776Z
[2026-06-14 11:55:04.913] [TryValidateLicenseAtPath] IssuedUtc: 2026-05-30T17:56:54.1796359Z, MinIssuedUtc: 2026-04-02T19:57:00.0000000Z
[2026-06-14 11:55:04.914] [TryValidateLicenseAtPath] Calling VerifySignature...
[2026-06-14 11:55:04.918] [VerifySignature] Payload: CopaFormGui|test|E7984430-9201-4AD2-88AD-354EC899002F|2026-05-30T17:56:54.1796359Z|
[2026-06-14 11:55:04.919] [VerifySignature] Public key first 60 chars: -----BEGIN PUBLIC KEY-----
MIIBojANBgkqhkiG9w0BAQEFAAOCAY8A
[2026-06-14 11:55:04.920] [VerifySignature] Signature length: 512
[2026-06-14 11:55:04.922] [ImportPublicKeyFromPem] DER SPKI length: 422 bytes
[2026-06-14 11:55:04.923] [ImportPublicKeyFromPem] Parsed outer SEQUENCE
[2026-06-14 11:55:04.923] [ImportPublicKeyFromPem] Skipped algorithm SEQUENCE
[2026-06-14 11:55:04.924] [ImportPublicKeyFromPem] Parsed BIT STRING
[2026-06-14 11:55:04.924] [ImportPublicKeyFromPem] Parsed RSAPublicKey SEQUENCE
[2026-06-14 11:55:04.925] [ImportPublicKeyFromPem] Parsed modulus: 384 bytes
[2026-06-14 11:55:04.925] [ImportPublicKeyFromPem] Parsed exponent: 3 bytes
[2026-06-14 11:55:04.926] [ImportPublicKeyFromPem] RSA key imported successfully
[2026-06-14 11:55:04.926] [VerifySignature] Result: True
[2026-06-14 11:55:04.927] [TryValidateLicenseAtPath] SUCCESS: License validated
[2026-06-14 11:55:04.927] ✓ VALIDATION PASSED at: C:\ProgramData\CopaFormGui\license.json
[2026-06-14 11:57:19.365] 
===== ValidateCurrentMachineLicense started =====
[2026-06-14 11:57:19.366] Current Machine ID: E7984430-9201-4AD2-88AD-354EC899002F
[2026-06-14 11:57:19.367] Checking path: C:\ProgramData\CopaFormGui\license.json - Exists: True
[2026-06-14 11:57:19.369] [TryValidateLicenseAtPath] Validating license at: C:\ProgramData\CopaFormGui\license.json
[2026-06-14 11:57:19.369] [TryValidateLicenseAtPath] Current machine ID: E7984430-9201-4AD2-88AD-354EC899002F
[2026-06-14 11:57:19.548] [TryValidateLicenseAtPath] Product in license: CopaFormGui
[2026-06-14 11:57:19.549] [TryValidateLicenseAtPath] Machine ID in license: E7984430-9201-4AD2-88AD-354EC899002F
[2026-06-14 11:57:19.549] [TryValidateLicenseAtPath] Expires: , Now: 2026-06-14T11:57:19.5498242Z
[2026-06-14 11:57:19.551] [TryValidateLicenseAtPath] IssuedUtc: 2026-05-30T17:56:54.1796359Z, MinIssuedUtc: 2026-04-02T19:57:00.0000000Z
[2026-06-14 11:57:19.551] [TryValidateLicenseAtPath] Calling VerifySignature...
[2026-06-14 11:57:19.559] [VerifySignature] Payload: CopaFormGui|test|E7984430-9201-4AD2-88AD-354EC899002F|2026-05-30T17:56:54.1796359Z|
[2026-06-14 11:57:19.560] [VerifySignature] Public key first 60 chars: -----BEGIN PUBLIC KEY-----
MIIBojANBgkqhkiG9w0BAQEFAAOCAY8A
[2026-06-14 11:57:19.560] [VerifySignature] Signature length: 512
[2026-06-14 11:57:19.563] [ImportPublicKeyFromPem] DER SPKI length: 422 bytes
[2026-06-14 11:57:19.564] [ImportPublicKeyFromPem] Parsed outer SEQUENCE
[2026-06-14 11:57:19.566] [ImportPublicKeyFromPem] Skipped algorithm SEQUENCE
[2026-06-14 11:57:19.567] [ImportPublicKeyFromPem] Parsed BIT STRING
[2026-06-14 11:57:19.567] [ImportPublicKeyFromPem] Parsed RSAPublicKey SEQUENCE
[2026-06-14 11:57:19.569] [ImportPublicKeyFromPem] Parsed modulus: 384 bytes
[2026-06-14 11:57:19.569] [ImportPublicKeyFromPem] Parsed exponent: 3 bytes
[2026-06-14 11:57:19.570] [ImportPublicKeyFromPem] RSA key imported successfully
[2026-06-14 11:57:19.571] [VerifySignature] Result: True
[2026-06-14 11:57:19.572] [TryValidateLicenseAtPath] SUCCESS: License validated
[2026-06-14 11:57:19.572] ✓ VALIDATION PASSED at: C:\ProgramData\CopaFormGui\license.json
[2026-06-14 12:00:07.190] 
===== ValidateCurrentMachineLicense started =====
[2026-06-14 12:00:07.191] Current Machine ID: E7984430-9201-4AD2-88AD-354EC899002F
[2026-06-14 12:00:07.192] Checking path: C:\ProgramData\CopaFormGui\license.json - Exists: True
[2026-06-14 12:00:07.193] [TryValidateLicenseAtPath] Validating license at: C:\ProgramData\CopaFormGui\license.json
[2026-06-14 12:00:07.194] [TryValidateLicenseAtPath] Current machine ID: E7984430-9201-4AD2-88AD-354EC899002F
[2026-06-14 12:00:07.385] [TryValidateLicenseAtPath] Product in license: CopaFormGui
[2026-06-14 12:00:07.386] [TryValidateLicenseAtPath] Machine ID in license: E7984430-9201-4AD2-88AD-354EC899002F
[2026-06-14 12:00:07.387] [TryValidateLicenseAtPath] Expires: , Now: 2026-06-14T12:00:07.3874770Z
[2026-06-14 12:00:07.388] [TryValidateLicenseAtPath] IssuedUtc: 2026-05-30T17:56:54.1796359Z, MinIssuedUtc: 2026-04-02T19:57:00.0000000Z
[2026-06-14 12:00:07.388] [TryValidateLicenseAtPath] Calling VerifySignature...
[2026-06-14 12:00:07.394] [VerifySignature] Payload: CopaFormGui|test|E7984430-9201-4AD2-88AD-354EC899002F|2026-05-30T17:56:54.1796359Z|
[2026-06-14 12:00:07.395] [VerifySignature] Public key first 60 chars: -----BEGIN PUBLIC KEY-----
MIIBojANBgkqhkiG9w0BAQEFAAOCAY8A
[2026-06-14 12:00:07.395] [VerifySignature] Signature length: 512
[2026-06-14 12:00:07.396] [ImportPublicKeyFromPem] DER SPKI length: 422 bytes
[2026-06-14 12:00:07.397] [ImportPublicKeyFromPem] Parsed outer SEQUENCE
[2026-06-14 12:00:07.397] [ImportPublicKeyFromPem] Skipped algorithm SEQUENCE
[2026-06-14 12:00:07.398] [ImportPublicKeyFromPem] Parsed BIT STRING
[2026-06-14 12:00:07.398] [ImportPublicKeyFromPem] Parsed RSAPublicKey SEQUENCE
[2026-06-14 12:00:07.399] [ImportPublicKeyFromPem] Parsed modulus: 384 bytes
[2026-06-14 12:00:07.400] [ImportPublicKeyFromPem] Parsed exponent: 3 bytes
[2026-06-14 12:00:07.400] [ImportPublicKeyFromPem] RSA key imported successfully
[2026-06-14 12:00:07.401] [VerifySignature] Result: True
[2026-06-14 12:00:07.402] [TryValidateLicenseAtPath] SUCCESS: License validated
[2026-06-14 12:00:07.402] ✓ VALIDATION PASSED at: C:\ProgramData\CopaFormGui\license.json
[2026-06-14 12:03:09.427] 
===== ValidateCurrentMachineLicense started =====
[2026-06-14 12:03:09.429] Current Machine ID: E7984430-9201-4AD2-88AD-354EC899002F
[2026-06-14 12:03:09.429] Checking path: C:\ProgramData\CopaFormGui\license.json - Exists: True
[2026-06-14 12:03:09.431] [TryValidateLicenseAtPath] Validating license at: C:\ProgramData\CopaFormGui\license.json
[2026-06-14 12:03:09.432] [TryValidateLicenseAtPath] Current machine ID: E7984430-9201-4AD2-88AD-354EC899002F
[2026-06-14 12:03:09.639] [TryValidateLicenseAtPath] Product in license: CopaFormGui
[2026-06-14 12:03:09.640] [TryValidateLicenseAtPath] Machine ID in license: E7984430-9201-4AD2-88AD-354EC899002F
[2026-06-14 12:03:09.641] [TryValidateLicenseAtPath] Expires: , Now: 2026-06-14T12:03:09.6410997Z
[2026-06-14 12:03:09.641] [TryValidateLicenseAtPath] IssuedUtc: 2026-05-30T17:56:54.1796359Z, MinIssuedUtc: 2026-04-02T19:57:00.0000000Z
[2026-06-14 12:03:09.641] [TryValidateLicenseAtPath] Calling VerifySignature...
[2026-06-14 12:03:09.646] [VerifySignature] Payload: CopaFormGui|test|E7984430-9201-4AD2-88AD-354EC899002F|2026-05-30T17:56:54.1796359Z|
[2026-06-14 12:03:09.646] [VerifySignature] Public key first 60 chars: -----BEGIN PUBLIC KEY-----
MIIBojANBgkqhkiG9w0BAQEFAAOCAY8A
[2026-06-14 12:03:09.647] [VerifySignature] Signature length: 512
[2026-06-14 12:03:09.648] [ImportPublicKeyFromPem] DER SPKI length: 422 bytes
[2026-06-14 12:03:09.649] [ImportPublicKeyFromPem] Parsed outer SEQUENCE
[2026-06-14 12:03:09.650] [ImportPublicKeyFromPem] Skipped algorithm SEQUENCE
[2026-06-14 12:03:09.651] [ImportPublicKeyFromPem] Parsed BIT STRING
[2026-06-14 12:03:09.651] [ImportPublicKeyFromPem] Parsed RSAPublicKey SEQUENCE
[2026-06-14 12:03:09.652] [ImportPublicKeyFromPem] Parsed modulus: 384 bytes
[2026-06-14 12:03:09.652] [ImportPublicKeyFromPem] Parsed exponent: 3 bytes
[2026-06-14 12:03:09.653] [ImportPublicKeyFromPem] RSA key imported successfully
[2026-06-14 12:03:09.654] [VerifySignature] Result: True
[2026-06-14 12:03:09.655] [TryValidateLicenseAtPath] SUCCESS: License validated
[2026-06-14 12:03:09.656] ✓ VALIDATION PASSED at: C:\ProgramData\CopaFormGui\license.json
[2026-06-14 12:14:00.442] 
===== ValidateCurrentMachineLicense started =====
[2026-06-14 12:14:00.444] Current Machine ID: E7984430-9201-4AD2-88AD-354EC899002F
[2026-06-14 12:14:00.445] Checking path: C:\ProgramData\CopaFormGui\license.json - Exists: True
[2026-06-14 12:14:00.447] [TryValidateLicenseAtPath] Validating license at: C:\ProgramData\CopaFormGui\license.json
[2026-06-14 12:14:00.448] [TryValidateLicenseAtPath] Current machine ID: E7984430-9201-4AD2-88AD-354EC899002F
[2026-06-14 12:14:00.643] [TryValidateLicenseAtPath] Product in license: CopaFormGui
[2026-06-14 12:14:00.644] [TryValidateLicenseAtPath] Machine ID in license: E7984430-9201-4AD2-88AD-354EC899002F
[2026-06-14 12:14:00.644] [TryValidateLicenseAtPath] Expires: , Now: 2026-06-14T12:14:00.6449958Z
[2026-06-14 12:14:00.645] [TryValidateLicenseAtPath] IssuedUtc: 2026-05-30T17:56:54.1796359Z, MinIssuedUtc: 2026-04-02T19:57:00.0000000Z
[2026-06-14 12:14:00.645] [TryValidateLicenseAtPath] Calling VerifySignature...
[2026-06-14 12:14:00.650] [VerifySignature] Payload: CopaFormGui|test|E7984430-9201-4AD2-88AD-354EC899002F|2026-05-30T17:56:54.1796359Z|
[2026-06-14 12:14:00.650] [VerifySignature] Public key first 60 chars: -----BEGIN PUBLIC KEY-----
MIIBojANBgkqhkiG9w0BAQEFAAOCAY8A
[2026-06-14 12:14:00.651] [VerifySignature] Signature length: 512
[2026-06-14 12:14:00.652] [ImportPublicKeyFromPem] DER SPKI length: 422 bytes
[2026-06-14 12:14:00.654] [ImportPublicKeyFromPem] Parsed outer SEQUENCE
[2026-06-14 12:14:00.656] [ImportPublicKeyFromPem] Skipped algorithm SEQUENCE
[2026-06-14 12:14:00.656] [ImportPublicKeyFromPem] Parsed BIT STRING
[2026-06-14 12:14:00.657] [ImportPublicKeyFromPem] Parsed RSAPublicKey SEQUENCE
[2026-06-14 12:14:00.658] [ImportPublicKeyFromPem] Parsed modulus: 384 bytes
[2026-06-14 12:14:00.658] [ImportPublicKeyFromPem] Parsed exponent: 3 bytes
[2026-06-14 12:14:00.659] [ImportPublicKeyFromPem] RSA key imported successfully
[2026-06-14 12:14:00.660] [VerifySignature] Result: True
[2026-06-14 12:14:00.660] [TryValidateLicenseAtPath] SUCCESS: License validated
[2026-06-14 12:14:00.660] ✓ VALIDATION PASSED at: C:\ProgramData\CopaFormGui\license.json
[2026-06-14 12:16:42.551] 
===== ValidateCurrentMachineLicense started =====
[2026-06-14 12:16:42.554] Current Machine ID: E7984430-9201-4AD2-88AD-354EC899002F
[2026-06-14 12:16:42.555] Checking path: C:\ProgramData\CopaFormGui\license.json - Exists: True
[2026-06-14 12:16:42.558] [TryValidateLicenseAtPath] Validating license at: C:\ProgramData\CopaFormGui\license.json
[2026-06-14 12:16:42.559] [TryValidateLicenseAtPath] Current machine ID: E7984430-9201-4AD2-88AD-354EC899002F
[2026-06-14 12:16:42.824] [TryValidateLicenseAtPath] Product in license: CopaFormGui
[2026-06-14 12:16:42.825] [TryValidateLicenseAtPath] Machine ID in license: E7984430-9201-4AD2-88AD-354EC899002F
[2026-06-14 12:16:42.826] [TryValidateLicenseAtPath] Expires: , Now: 2026-06-14T12:16:42.8267905Z
[2026-06-14 12:16:42.826] [TryValidateLicenseAtPath] IssuedUtc: 2026-05-30T17:56:54.1796359Z, MinIssuedUtc: 2026-04-02T19:57:00.0000000Z
[2026-06-14 12:16:42.827] [TryValidateLicenseAtPath] Calling VerifySignature...
[2026-06-14 12:16:42.833] [VerifySignature] Payload: CopaFormGui|test|E7984430-9201-4AD2-88AD-354EC899002F|2026-05-30T17:56:54.1796359Z|
[2026-06-14 12:16:42.834] [VerifySignature] Public key first 60 chars: -----BEGIN PUBLIC KEY-----
MIIBojANBgkqhkiG9w0BAQEFAAOCAY8A
[2026-06-14 12:16:42.835] [VerifySignature] Signature length: 512
[2026-06-14 12:16:42.837] [ImportPublicKeyFromPem] DER SPKI length: 422 bytes
[2026-06-14 12:16:42.838] [ImportPublicKeyFromPem] Parsed outer SEQUENCE
[2026-06-14 12:16:42.839] [ImportPublicKeyFromPem] Skipped algorithm SEQUENCE
[2026-06-14 12:16:42.840] [ImportPublicKeyFromPem] Parsed BIT STRING
[2026-06-14 12:16:42.841] [ImportPublicKeyFromPem] Parsed RSAPublicKey SEQUENCE
[2026-06-14 12:16:42.842] [ImportPublicKeyFromPem] Parsed modulus: 384 bytes
[2026-06-14 12:16:42.842] [ImportPublicKeyFromPem] Parsed exponent: 3 bytes
[2026-06-14 12:16:42.843] [ImportPublicKeyFromPem] RSA key imported successfully
[2026-06-14 12:16:42.844] [VerifySignature] Result: True
[2026-06-14 12:16:42.844] [TryValidateLicenseAtPath] SUCCESS: License validated
[2026-06-14 12:16:42.845] ✓ VALIDATION PASSED at: C:\ProgramData\CopaFormGui\license.json
[2026-06-14 12:35:07.140] 
===== ValidateCurrentMachineLicense started =====
[2026-06-14 12:35:07.143] Current Machine ID: E7984430-9201-4AD2-88AD-354EC899002F
[2026-06-14 12:35:07.144] Checking path: C:\ProgramData\CopaFormGui\license.json - Exists: True
[2026-06-14 12:35:07.147] [TryValidateLicenseAtPath] Validating license at: C:\ProgramData\CopaFormGui\license.json
[2026-06-14 12:35:07.148] [TryValidateLicenseAtPath] Current machine ID: E7984430-9201-4AD2-88AD-354EC899002F
[2026-06-14 12:35:07.561] [TryValidateLicenseAtPath] Product in license: CopaFormGui
[2026-06-14 12:35:07.563] [TryValidateLicenseAtPath] Machine ID in license: E7984430-9201-4AD2-88AD-354EC899002F
[2026-06-14 12:35:07.564] [TryValidateLicenseAtPath] Expires: , Now: 2026-06-14T12:35:07.5644379Z
[2026-06-14 12:35:07.567] [TryValidateLicenseAtPath] IssuedUtc: 2026-05-30T17:56:54.1796359Z, MinIssuedUtc: 2026-04-02T19:57:00.0000000Z
[2026-06-14 12:35:07.568] [TryValidateLicenseAtPath] Calling VerifySignature...
[2026-06-14 12:35:07.578] [VerifySignature] Payload: CopaFormGui|test|E7984430-9201-4AD2-88AD-354EC899002F|2026-05-30T17:56:54.1796359Z|
[2026-06-14 12:35:07.578] [VerifySignature] Public key first 60 chars: -----BEGIN PUBLIC KEY-----
MIIBojANBgkqhkiG9w0BAQEFAAOCAY8A
[2026-06-14 12:35:07.578] [VerifySignature] Signature length: 512
[2026-06-14 12:35:07.580] [ImportPublicKeyFromPem] DER SPKI length: 422 bytes
[2026-06-14 12:35:07.582] [ImportPublicKeyFromPem] Parsed outer SEQUENCE
[2026-06-14 12:35:07.583] [ImportPublicKeyFromPem] Skipped algorithm SEQUENCE
[2026-06-14 12:35:07.584] [ImportPublicKeyFromPem] Parsed BIT STRING
[2026-06-14 12:35:07.585] [ImportPublicKeyFromPem] Parsed RSAPublicKey SEQUENCE
[2026-06-14 12:35:07.586] [ImportPublicKeyFromPem] Parsed modulus: 384 bytes
[2026-06-14 12:35:07.588] [ImportPublicKeyFromPem] Parsed exponent: 3 bytes
[2026-06-14 12:35:07.589] [ImportPublicKeyFromPem] RSA key imported successfully
[2026-06-14 12:35:07.590] [VerifySignature] Result: True
[2026-06-14 12:35:07.591] [TryValidateLicenseAtPath] SUCCESS: License validated
[2026-06-14 12:35:07.591] ✓ VALIDATION PASSED at: C:\ProgramData\CopaFormGui\license.json
[2026-06-14 12:37:58.311] 
===== ValidateCurrentMachineLicense started =====
[2026-06-14 12:37:58.313] Current Machine ID: E7984430-9201-4AD2-88AD-354EC899002F
[2026-06-14 12:37:58.313] Checking path: C:\ProgramData\CopaFormGui\license.json - Exists: True
[2026-06-14 12:37:58.315] [TryValidateLicenseAtPath] Validating license at: C:\ProgramData\CopaFormGui\license.json
[2026-06-14 12:37:58.315] [TryValidateLicenseAtPath] Current machine ID: E7984430-9201-4AD2-88AD-354EC899002F
[2026-06-14 12:37:58.493] [TryValidateLicenseAtPath] Product in license: CopaFormGui
[2026-06-14 12:37:58.494] [TryValidateLicenseAtPath] Machine ID in license: E7984430-9201-4AD2-88AD-354EC899002F
[2026-06-14 12:37:58.495] [TryValidateLicenseAtPath] Expires: , Now: 2026-06-14T12:37:58.4956595Z
[2026-06-14 12:37:58.495] [TryValidateLicenseAtPath] IssuedUtc: 2026-05-30T17:56:54.1796359Z, MinIssuedUtc: 2026-04-02T19:57:00.0000000Z
[2026-06-14 12:37:58.496] [TryValidateLicenseAtPath] Calling VerifySignature...
[2026-06-14 12:37:58.500] [VerifySignature] Payload: CopaFormGui|test|E7984430-9201-4AD2-88AD-354EC899002F|2026-05-30T17:56:54.1796359Z|
[2026-06-14 12:37:58.501] [VerifySignature] Public key first 60 chars: -----BEGIN PUBLIC KEY-----
MIIBojANBgkqhkiG9w0BAQEFAAOCAY8A
[2026-06-14 12:37:58.501] [VerifySignature] Signature length: 512
[2026-06-14 12:37:58.503] [ImportPublicKeyFromPem] DER SPKI length: 422 bytes
[2026-06-14 12:37:58.503] [ImportPublicKeyFromPem] Parsed outer SEQUENCE
[2026-06-14 12:37:58.504] [ImportPublicKeyFromPem] Skipped algorithm SEQUENCE
[2026-06-14 12:37:58.504] [ImportPublicKeyFromPem] Parsed BIT STRING
[2026-06-14 12:37:58.505] [ImportPublicKeyFromPem] Parsed RSAPublicKey SEQUENCE
[2026-06-14 12:37:58.505] [ImportPublicKeyFromPem] Parsed modulus: 384 bytes
[2026-06-14 12:37:58.506] [ImportPublicKeyFromPem] Parsed exponent: 3 bytes
[2026-06-14 12:37:58.507] [ImportPublicKeyFromPem] RSA key imported successfully
[2026-06-14 12:37:58.507] [VerifySignature] Result: True
[2026-06-14 12:37:58.508] [TryValidateLicenseAtPath] SUCCESS: License validated
[2026-06-14 12:37:58.508] ✓ VALIDATION PASSED at: C:\ProgramData\CopaFormGui\license.json
[2026-06-14 12:42:25.359] 
===== ValidateCurrentMachineLicense started =====
[2026-06-14 12:42:25.360] Current Machine ID: E7984430-9201-4AD2-88AD-354EC899002F
[2026-06-14 12:42:25.361] Checking path: C:\ProgramData\CopaFormGui\license.json - Exists: True
[2026-06-14 12:42:25.362] [TryValidateLicenseAtPath] Validating license at: C:\ProgramData\CopaFormGui\license.json
[2026-06-14 12:42:25.363] [TryValidateLicenseAtPath] Current machine ID: E7984430-9201-4AD2-88AD-354EC899002F
[2026-06-14 12:42:25.543] [TryValidateLicenseAtPath] Product in license: CopaFormGui
[2026-06-14 12:42:25.544] [TryValidateLicenseAtPath] Machine ID in license: E7984430-9201-4AD2-88AD-354EC899002F
[2026-06-14 12:42:25.545] [TryValidateLicenseAtPath] Expires: , Now: 2026-06-14T12:42:25.5452906Z
[2026-06-14 12:42:25.545] [TryValidateLicenseAtPath] IssuedUtc: 2026-05-30T17:56:54.1796359Z, MinIssuedUtc: 2026-04-02T19:57:00.0000000Z
[2026-06-14 12:42:25.546] [TryValidateLicenseAtPath] Calling VerifySignature...
[2026-06-14 12:42:25.550] [VerifySignature] Payload: CopaFormGui|test|E7984430-9201-4AD2-88AD-354EC899002F|2026-05-30T17:56:54.1796359Z|
[2026-06-14 12:42:25.550] [VerifySignature] Public key first 60 chars: -----BEGIN PUBLIC KEY-----
MIIBojANBgkqhkiG9w0BAQEFAAOCAY8A
[2026-06-14 12:42:25.551] [VerifySignature] Signature length: 512
[2026-06-14 12:42:25.551] [ImportPublicKeyFromPem] DER SPKI length: 422 bytes
[2026-06-14 12:42:25.552] [ImportPublicKeyFromPem] Parsed outer SEQUENCE
[2026-06-14 12:42:25.553] [ImportPublicKeyFromPem] Skipped algorithm SEQUENCE
[2026-06-14 12:42:25.554] [ImportPublicKeyFromPem] Parsed BIT STRING
[2026-06-14 12:42:25.555] [ImportPublicKeyFromPem] Parsed RSAPublicKey SEQUENCE
[2026-06-14 12:42:25.556] [ImportPublicKeyFromPem] Parsed modulus: 384 bytes
[2026-06-14 12:42:25.558] [ImportPublicKeyFromPem] Parsed exponent: 3 bytes
[2026-06-14 12:42:25.558] [ImportPublicKeyFromPem] RSA key imported successfully
[2026-06-14 12:42:25.559] [VerifySignature] Result: True
[2026-06-14 12:42:25.560] [TryValidateLicenseAtPath] SUCCESS: License validated
[2026-06-14 12:42:25.560] ✓ VALIDATION PASSED at: C:\ProgramData\CopaFormGui\license.json
[2026-06-14 12:45:08.051] 
===== ValidateCurrentMachineLicense started =====
[2026-06-14 12:45:08.053] Current Machine ID: E7984430-9201-4AD2-88AD-354EC899002F
[2026-06-14 12:45:08.054] Checking path: C:\ProgramData\CopaFormGui\license.json - Exists: True
[2026-06-14 12:45:08.056] [TryValidateLicenseAtPath] Validating license at: C:\ProgramData\CopaFormGui\license.json
[2026-06-14 12:45:08.056] [TryValidateLicenseAtPath] Current machine ID: E7984430-9201-4AD2-88AD-354EC899002F
[2026-06-14 12:45:08.285] [TryValidateLicenseAtPath] Product in license: CopaFormGui
[2026-06-14 12:45:08.287] [TryValidateLicenseAtPath] Machine ID in license: E7984430-9201-4AD2-88AD-354EC899002F
[2026-06-14 12:45:08.288] [TryValidateLicenseAtPath] Expires: , Now: 2026-06-14T12:45:08.2881811Z
[2026-06-14 12:45:08.288] [TryValidateLicenseAtPath] IssuedUtc: 2026-05-30T17:56:54.1796359Z, MinIssuedUtc: 2026-04-02T19:57:00.0000000Z
[2026-06-14 12:45:08.288] [TryValidateLicenseAtPath] Calling VerifySignature...
[2026-06-14 12:45:08.296] [VerifySignature] Payload: CopaFormGui|test|E7984430-9201-4AD2-88AD-354EC899002F|2026-05-30T17:56:54.1796359Z|
[2026-06-14 12:45:08.297] [VerifySignature] Public key first 60 chars: -----BEGIN PUBLIC KEY-----
MIIBojANBgkqhkiG9w0BAQEFAAOCAY8A
[2026-06-14 12:45:08.297] [VerifySignature] Signature length: 512
[2026-06-14 12:45:08.298] [ImportPublicKeyFromPem] DER SPKI length: 422 bytes
[2026-06-14 12:45:08.299] [ImportPublicKeyFromPem] Parsed outer SEQUENCE
[2026-06-14 12:45:08.300] [ImportPublicKeyFromPem] Skipped algorithm SEQUENCE
[2026-06-14 12:45:08.302] [ImportPublicKeyFromPem] Parsed BIT STRING
[2026-06-14 12:45:08.303] [ImportPublicKeyFromPem] Parsed RSAPublicKey SEQUENCE
[2026-06-14 12:45:08.304] [ImportPublicKeyFromPem] Parsed modulus: 384 bytes
[2026-06-14 12:45:08.305] [ImportPublicKeyFromPem] Parsed exponent: 3 bytes
[2026-06-14 12:45:08.305] [ImportPublicKeyFromPem] RSA key imported successfully
[2026-06-14 12:45:08.306] [VerifySignature] Result: True
[2026-06-14 12:45:08.306] [TryValidateLicenseAtPath] SUCCESS: License validated
[2026-06-14 12:45:08.308] ✓ VALIDATION PASSED at: C:\ProgramData\CopaFormGui\license.json
[2026-06-14 12:48:15.398] 
===== ValidateCurrentMachineLicense started =====
[2026-06-14 12:48:15.400] Current Machine ID: E7984430-9201-4AD2-88AD-354EC899002F
[2026-06-14 12:48:15.400] Checking path: C:\ProgramData\CopaFormGui\license.json - Exists: True
[2026-06-14 12:48:15.402] [TryValidateLicenseAtPath] Validating license at: C:\ProgramData\CopaFormGui\license.json
[2026-06-14 12:48:15.402] [TryValidateLicenseAtPath] Current machine ID: E7984430-9201-4AD2-88AD-354EC899002F
[2026-06-14 12:48:15.651] [TryValidateLicenseAtPath] Product in license: CopaFormGui
[2026-06-14 12:48:15.652] [TryValidateLicenseAtPath] Machine ID in license: E7984430-9201-4AD2-88AD-354EC899002F
[2026-06-14 12:48:15.653] [TryValidateLicenseAtPath] Expires: , Now: 2026-06-14T12:48:15.6537299Z
[2026-06-14 12:48:15.654] [TryValidateLicenseAtPath] IssuedUtc: 2026-05-30T17:56:54.1796359Z, MinIssuedUtc: 2026-04-02T19:57:00.0000000Z
[2026-06-14 12:48:15.654] [TryValidateLicenseAtPath] Calling VerifySignature...
[2026-06-14 12:48:15.662] [VerifySignature] Payload: CopaFormGui|test|E7984430-9201-4AD2-88AD-354EC899002F|2026-05-30T17:56:54.1796359Z|
[2026-06-14 12:48:15.663] [VerifySignature] Public key first 60 chars: -----BEGIN PUBLIC KEY-----
MIIBojANBgkqhkiG9w0BAQEFAAOCAY8A
[2026-06-14 12:48:15.664] [VerifySignature] Signature length: 512
[2026-06-14 12:48:15.665] [ImportPublicKeyFromPem] DER SPKI length: 422 bytes
[2026-06-14 12:48:15.665] [ImportPublicKeyFromPem] Parsed outer SEQUENCE
[2026-06-14 12:48:15.666] [ImportPublicKeyFromPem] Skipped algorithm SEQUENCE
[2026-06-14 12:48:15.667] [ImportPublicKeyFromPem] Parsed BIT STRING
[2026-06-14 12:48:15.667] [ImportPublicKeyFromPem] Parsed RSAPublicKey SEQUENCE
[2026-06-14 12:48:15.668] [ImportPublicKeyFromPem] Parsed modulus: 384 bytes
[2026-06-14 12:48:15.668] [ImportPublicKeyFromPem] Parsed exponent: 3 bytes
[2026-06-14 12:48:15.669] [ImportPublicKeyFromPem] RSA key imported successfully
[2026-06-14 12:48:15.670] [VerifySignature] Result: True
[2026-06-14 12:48:15.670] [TryValidateLicenseAtPath] SUCCESS: License validated
[2026-06-14 12:48:15.671] ✓ VALIDATION PASSED at: C:\ProgramData\CopaFormGui\license.json
[2026-06-14 12:52:24.818] 
===== ValidateCurrentMachineLicense started =====
[2026-06-14 12:52:24.819] Current Machine ID: E7984430-9201-4AD2-88AD-354EC899002F
[2026-06-14 12:52:24.820] Checking path: C:\ProgramData\CopaFormGui\license.json - Exists: True
[2026-06-14 12:52:24.822] [TryValidateLicenseAtPath] Validating license at: C:\ProgramData\CopaFormGui\license.json
[2026-06-14 12:52:24.822] [TryValidateLicenseAtPath] Current machine ID: E7984430-9201-4AD2-88AD-354EC899002F
[2026-06-14 12:52:24.997] [TryValidateLicenseAtPath] Product in license: CopaFormGui
[2026-06-14 12:52:24.998] [TryValidateLicenseAtPath] Machine ID in license: E7984430-9201-4AD2-88AD-354EC899002F
[2026-06-14 12:52:24.999] [TryValidateLicenseAtPath] Expires: , Now: 2026-06-14T12:52:24.9993022Z
[2026-06-14 12:52:24.999] [TryValidateLicenseAtPath] IssuedUtc: 2026-05-30T17:56:54.1796359Z, MinIssuedUtc: 2026-04-02T19:57:00.0000000Z
[2026-06-14 12:52:24.999] [TryValidateLicenseAtPath] Calling VerifySignature...
[2026-06-14 12:52:25.005] [VerifySignature] Payload: CopaFormGui|test|E7984430-9201-4AD2-88AD-354EC899002F|2026-05-30T17:56:54.1796359Z|
[2026-06-14 12:52:25.006] [VerifySignature] Public key first 60 chars: -----BEGIN PUBLIC KEY-----
MIIBojANBgkqhkiG9w0BAQEFAAOCAY8A
[2026-06-14 12:52:25.006] [VerifySignature] Signature length: 512
[2026-06-14 12:52:25.007] [ImportPublicKeyFromPem] DER SPKI length: 422 bytes
[2026-06-14 12:52:25.008] [ImportPublicKeyFromPem] Parsed outer SEQUENCE
[2026-06-14 12:52:25.008] [ImportPublicKeyFromPem] Skipped algorithm SEQUENCE
[2026-06-14 12:52:25.009] [ImportPublicKeyFromPem] Parsed BIT STRING
[2026-06-14 12:52:25.009] [ImportPublicKeyFromPem] Parsed RSAPublicKey SEQUENCE
[2026-06-14 12:52:25.009] [ImportPublicKeyFromPem] Parsed modulus: 384 bytes
[2026-06-14 12:52:25.010] [ImportPublicKeyFromPem] Parsed exponent: 3 bytes
[2026-06-14 12:52:25.010] [ImportPublicKeyFromPem] RSA key imported successfully
[2026-06-14 12:52:25.011] [VerifySignature] Result: True
[2026-06-14 12:52:25.011] [TryValidateLicenseAtPath] SUCCESS: License validated
[2026-06-14 12:52:25.012] ✓ VALIDATION PASSED at: C:\ProgramData\CopaFormGui\license.json
[2026-06-14 12:54:41.155] 
===== ValidateCurrentMachineLicense started =====
[2026-06-14 12:54:41.156] Current Machine ID: E7984430-9201-4AD2-88AD-354EC899002F
[2026-06-14 12:54:41.157] Checking path: C:\ProgramData\CopaFormGui\license.json - Exists: True
[2026-06-14 12:54:41.159] [TryValidateLicenseAtPath] Validating license at: C:\ProgramData\CopaFormGui\license.json
[2026-06-14 12:54:41.159] [TryValidateLicenseAtPath] Current machine ID: E7984430-9201-4AD2-88AD-354EC899002F
[2026-06-14 12:54:41.352] [TryValidateLicenseAtPath] Product in license: CopaFormGui
[2026-06-14 12:54:41.354] [TryValidateLicenseAtPath] Machine ID in license: E7984430-9201-4AD2-88AD-354EC899002F
[2026-06-14 12:54:41.355] [TryValidateLicenseAtPath] Expires: , Now: 2026-06-14T12:54:41.3551116Z
[2026-06-14 12:54:41.356] [TryValidateLicenseAtPath] IssuedUtc: 2026-05-30T17:56:54.1796359Z, MinIssuedUtc: 2026-04-02T19:57:00.0000000Z
[2026-06-14 12:54:41.357] [TryValidateLicenseAtPath] Calling VerifySignature...
[2026-06-14 12:54:41.361] [VerifySignature] Payload: CopaFormGui|test|E7984430-9201-4AD2-88AD-354EC899002F|2026-05-30T17:56:54.1796359Z|
[2026-06-14 12:54:41.362] [VerifySignature] Public key first 60 chars: -----BEGIN PUBLIC KEY-----
MIIBojANBgkqhkiG9w0BAQEFAAOCAY8A
[2026-06-14 12:54:41.362] [VerifySignature] Signature length: 512
[2026-06-14 12:54:41.363] [ImportPublicKeyFromPem] DER SPKI length: 422 bytes
[2026-06-14 12:54:41.364] [ImportPublicKeyFromPem] Parsed outer SEQUENCE
[2026-06-14 12:54:41.364] [ImportPublicKeyFromPem] Skipped algorithm SEQUENCE
[2026-06-14 12:54:41.365] [ImportPublicKeyFromPem] Parsed BIT STRING
[2026-06-14 12:54:41.365] [ImportPublicKeyFromPem] Parsed RSAPublicKey SEQUENCE
[2026-06-14 12:54:41.366] [ImportPublicKeyFromPem] Parsed modulus: 384 bytes
[2026-06-14 12:54:41.366] [ImportPublicKeyFromPem] Parsed exponent: 3 bytes
[2026-06-14 12:54:41.367] [ImportPublicKeyFromPem] RSA key imported successfully
[2026-06-14 12:54:41.367] [VerifySignature] Result: True
[2026-06-14 12:54:41.367] [TryValidateLicenseAtPath] SUCCESS: License validated
[2026-06-14 12:54:41.368] ✓ VALIDATION PASSED at: C:\ProgramData\CopaFormGui\license.json
[2026-06-14 12:59:49.628] 
===== ValidateCurrentMachineLicense started =====
[2026-06-14 12:59:49.631] Current Machine ID: E7984430-9201-4AD2-88AD-354EC899002F
[2026-06-14 12:59:49.632] Checking path: C:\ProgramData\CopaFormGui\license.json - Exists: True
[2026-06-14 12:59:49.635] [TryValidateLicenseAtPath] Validating license at: C:\ProgramData\CopaFormGui\license.json
[2026-06-14 12:59:49.635] [TryValidateLicenseAtPath] Current machine ID: E7984430-9201-4AD2-88AD-354EC899002F
[2026-06-14 12:59:49.953] [TryValidateLicenseAtPath] Product in license: CopaFormGui
[2026-06-14 12:59:49.954] [TryValidateLicenseAtPath] Machine ID in license: E7984430-9201-4AD2-88AD-354EC899002F
[2026-06-14 12:59:49.955] [TryValidateLicenseAtPath] Expires: , Now: 2026-06-14T12:59:49.9556398Z
[2026-06-14 12:59:49.956] [TryValidateLicenseAtPath] IssuedUtc: 2026-05-30T17:56:54.1796359Z, MinIssuedUtc: 2026-04-02T19:57:00.0000000Z
[2026-06-14 12:59:49.957] [TryValidateLicenseAtPath] Calling VerifySignature...
[2026-06-14 12:59:49.968] [VerifySignature] Payload: CopaFormGui|test|E7984430-9201-4AD2-88AD-354EC899002F|2026-05-30T17:56:54.1796359Z|
[2026-06-14 12:59:49.969] [VerifySignature] Public key first 60 chars: -----BEGIN PUBLIC KEY-----
MIIBojANBgkqhkiG9w0BAQEFAAOCAY8A
[2026-06-14 12:59:49.970] [VerifySignature] Signature length: 512
[2026-06-14 12:59:49.972] [ImportPublicKeyFromPem] DER SPKI length: 422 bytes
[2026-06-14 12:59:49.973] [ImportPublicKeyFromPem] Parsed outer SEQUENCE
[2026-06-14 12:59:49.974] [ImportPublicKeyFromPem] Skipped algorithm SEQUENCE
[2026-06-14 12:59:49.974] [ImportPublicKeyFromPem] Parsed BIT STRING
[2026-06-14 12:59:49.975] [ImportPublicKeyFromPem] Parsed RSAPublicKey SEQUENCE
[2026-06-14 12:59:49.976] [ImportPublicKeyFromPem] Parsed modulus: 384 bytes
[2026-06-14 12:59:49.976] [ImportPublicKeyFromPem] Parsed exponent: 3 bytes
[2026-06-14 12:59:49.977] [ImportPublicKeyFromPem] RSA key imported successfully
[2026-06-14 12:59:49.978] [VerifySignature] Result: True
[2026-06-14 12:59:49.979] [TryValidateLicenseAtPath] SUCCESS: License validated
[2026-06-14 12:59:49.980] ✓ VALIDATION PASSED at: C:\ProgramData\CopaFormGui\license.json
[2026-06-14 13:04:29.744] 
===== ValidateCurrentMachineLicense started =====
[2026-06-14 13:04:29.747] Current Machine ID: E7984430-9201-4AD2-88AD-354EC899002F
[2026-06-14 13:04:29.748] Checking path: C:\ProgramData\CopaFormGui\license.json - Exists: True
[2026-06-14 13:04:29.750] [TryValidateLicenseAtPath] Validating license at: C:\ProgramData\CopaFormGui\license.json
[2026-06-14 13:04:29.750] [TryValidateLicenseAtPath] Current machine ID: E7984430-9201-4AD2-88AD-354EC899002F
[2026-06-14 13:04:29.957] [TryValidateLicenseAtPath] Product in license: CopaFormGui
[2026-06-14 13:04:29.958] [TryValidateLicenseAtPath] Machine ID in license: E7984430-9201-4AD2-88AD-354EC899002F
[2026-06-14 13:04:29.959] [TryValidateLicenseAtPath] Expires: , Now: 2026-06-14T13:04:29.9596416Z
[2026-06-14 13:04:29.959] [TryValidateLicenseAtPath] IssuedUtc: 2026-05-30T17:56:54.1796359Z, MinIssuedUtc: 2026-04-02T19:57:00.0000000Z
[2026-06-14 13:04:29.960] [TryValidateLicenseAtPath] Calling VerifySignature...
[2026-06-14 13:04:29.967] [VerifySignature] Payload: CopaFormGui|test|E7984430-9201-4AD2-88AD-354EC899002F|2026-05-30T17:56:54.1796359Z|
[2026-06-14 13:04:29.967] [VerifySignature] Public key first 60 chars: -----BEGIN PUBLIC KEY-----
MIIBojANBgkqhkiG9w0BAQEFAAOCAY8A
[2026-06-14 13:04:29.968] [VerifySignature] Signature length: 512
[2026-06-14 13:04:29.969] [ImportPublicKeyFromPem] DER SPKI length: 422 bytes
[2026-06-14 13:04:29.970] [ImportPublicKeyFromPem] Parsed outer SEQUENCE
[2026-06-14 13:04:29.970] [ImportPublicKeyFromPem] Skipped algorithm SEQUENCE
[2026-06-14 13:04:29.971] [ImportPublicKeyFromPem] Parsed BIT STRING
[2026-06-14 13:04:29.971] [ImportPublicKeyFromPem] Parsed RSAPublicKey SEQUENCE
[2026-06-14 13:04:29.971] [ImportPublicKeyFromPem] Parsed modulus: 384 bytes
[2026-06-14 13:04:29.972] [ImportPublicKeyFromPem] Parsed exponent: 3 bytes
[2026-06-14 13:04:29.973] [ImportPublicKeyFromPem] RSA key imported successfully
[2026-06-14 13:04:29.974] [VerifySignature] Result: True
[2026-06-14 13:04:29.974] [TryValidateLicenseAtPath] SUCCESS: License validated
[2026-06-14 13:04:29.975] ✓ VALIDATION PASSED at: C:\ProgramData\CopaFormGui\license.json
[2026-06-14 13:07:49.957] 
===== ValidateCurrentMachineLicense started =====
[2026-06-14 13:07:49.959] Current Machine ID: E7984430-9201-4AD2-88AD-354EC899002F
[2026-06-14 13:07:49.960] Checking path: C:\ProgramData\CopaFormGui\license.json - Exists: True
[2026-06-14 13:07:49.963] [TryValidateLicenseAtPath] Validating license at: C:\ProgramData\CopaFormGui\license.json
[2026-06-14 13:07:49.965] [TryValidateLicenseAtPath] Current machine ID: E7984430-9201-4AD2-88AD-354EC899002F
[2026-06-14 13:07:50.279] [TryValidateLicenseAtPath] Product in license: CopaFormGui
[2026-06-14 13:07:50.281] [TryValidateLicenseAtPath] Machine ID in license: E7984430-9201-4AD2-88AD-354EC899002F
[2026-06-14 13:07:50.281] [TryValidateLicenseAtPath] Expires: , Now: 2026-06-14T13:07:50.2810621Z
[2026-06-14 13:07:50.282] [TryValidateLicenseAtPath] IssuedUtc: 2026-05-30T17:56:54.1796359Z, MinIssuedUtc: 2026-04-02T19:57:00.0000000Z
[2026-06-14 13:07:50.283] [TryValidateLicenseAtPath] Calling VerifySignature...
[2026-06-14 13:07:50.289] [VerifySignature] Payload: CopaFormGui|test|E7984430-9201-4AD2-88AD-354EC899002F|2026-05-30T17:56:54.1796359Z|
[2026-06-14 13:07:50.290] [VerifySignature] Public key first 60 chars: -----BEGIN PUBLIC KEY-----
MIIBojANBgkqhkiG9w0BAQEFAAOCAY8A
[2026-06-14 13:07:50.291] [VerifySignature] Signature length: 512
[2026-06-14 13:07:50.292] [ImportPublicKeyFromPem] DER SPKI length: 422 bytes
[2026-06-14 13:07:50.293] [ImportPublicKeyFromPem] Parsed outer SEQUENCE
[2026-06-14 13:07:50.294] [ImportPublicKeyFromPem] Skipped algorithm SEQUENCE
[2026-06-14 13:07:50.297] [ImportPublicKeyFromPem] Parsed BIT STRING
[2026-06-14 13:07:50.298] [ImportPublicKeyFromPem] Parsed RSAPublicKey SEQUENCE
[2026-06-14 13:07:50.299] [ImportPublicKeyFromPem] Parsed modulus: 384 bytes
[2026-06-14 13:07:50.300] [ImportPublicKeyFromPem] Parsed exponent: 3 bytes
[2026-06-14 13:07:50.300] [ImportPublicKeyFromPem] RSA key imported successfully
[2026-06-14 13:07:50.301] [VerifySignature] Result: True
[2026-06-14 13:07:50.302] [TryValidateLicenseAtPath] SUCCESS: License validated
[2026-06-14 13:07:50.302] ✓ VALIDATION PASSED at: C:\ProgramData\CopaFormGui\license.json
[2026-06-14 13:12:06.659] 
===== ValidateCurrentMachineLicense started =====
[2026-06-14 13:12:06.661] Current Machine ID: E7984430-9201-4AD2-88AD-354EC899002F
[2026-06-14 13:12:06.663] Checking path: C:\ProgramData\CopaFormGui\license.json - Exists: True
[2026-06-14 13:12:06.665] [TryValidateLicenseAtPath] Validating license at: C:\ProgramData\CopaFormGui\license.json
[2026-06-14 13:12:06.666] [TryValidateLicenseAtPath] Current machine ID: E7984430-9201-4AD2-88AD-354EC899002F
[2026-06-14 13:12:06.914] [TryValidateLicenseAtPath] Product in license: CopaFormGui
[2026-06-14 13:12:06.915] [TryValidateLicenseAtPath] Machine ID in license: E7984430-9201-4AD2-88AD-354EC899002F
[2026-06-14 13:12:06.916] [TryValidateLicenseAtPath] Expires: , Now: 2026-06-14T13:12:06.9168044Z
[2026-06-14 13:12:06.917] [TryValidateLicenseAtPath] IssuedUtc: 2026-05-30T17:56:54.1796359Z, MinIssuedUtc: 2026-04-02T19:57:00.0000000Z
[2026-06-14 13:12:06.917] [TryValidateLicenseAtPath] Calling VerifySignature...
[2026-06-14 13:12:06.922] [VerifySignature] Payload: CopaFormGui|test|E7984430-9201-4AD2-88AD-354EC899002F|2026-05-30T17:56:54.1796359Z|
[2026-06-14 13:12:06.922] [VerifySignature] Public key first 60 chars: -----BEGIN PUBLIC KEY-----
MIIBojANBgkqhkiG9w0BAQEFAAOCAY8A
[2026-06-14 13:12:06.923] [VerifySignature] Signature length: 512
[2026-06-14 13:12:06.924] [ImportPublicKeyFromPem] DER SPKI length: 422 bytes
[2026-06-14 13:12:06.925] [ImportPublicKeyFromPem] Parsed outer SEQUENCE
[2026-06-14 13:12:06.925] [ImportPublicKeyFromPem] Skipped algorithm SEQUENCE
[2026-06-14 13:12:06.926] [ImportPublicKeyFromPem] Parsed BIT STRING
[2026-06-14 13:12:06.926] [ImportPublicKeyFromPem] Parsed RSAPublicKey SEQUENCE
[2026-06-14 13:12:06.927] [ImportPublicKeyFromPem] Parsed modulus: 384 bytes
[2026-06-14 13:12:06.927] [ImportPublicKeyFromPem] Parsed exponent: 3 bytes
[2026-06-14 13:12:06.928] [ImportPublicKeyFromPem] RSA key imported successfully
[2026-06-14 13:12:06.929] [VerifySignature] Result: True
[2026-06-14 13:12:06.929] [TryValidateLicenseAtPath] SUCCESS: License validated
[2026-06-14 13:12:06.930] ✓ VALIDATION PASSED at: C:\ProgramData\CopaFormGui\license.json
